movie_id,title,release_date,popularity,vote_average,vote_count,has_theatrical_release,providers,director,genres,budget,main_cast,runtime,production_company_count,has_major_studio,is_franchise,release_year,release_month,is_summer_release,is_holiday_release,cast_star_power,director_popularity,vote_density,log_budget,log_votes,gt_peak,gt_auc,gt_decay,yt_views,yt_likes,yt_views_density,yt_likes_density,success_bool
436969,The Suicide Squad,2021-08-06,21.9077,7.476,9267,TRUE,['HBO Max'],James Gunn,"['Action', 'Comedy', 'Adventure']",185000000,"['Margot Robbie', 'Idris Elba', 'John Cena']",132,4,FALSE,TRUE,2021,8,TRUE,FALSE,10.7258,3.0854,1853.4,19.03586639,9.134322886,100,948,0.12,4173050,112408,834610,22481.6,TRUE
438631,Dune,2021-10-22,18.4341,7.777,14202,TRUE,['HBO Max'],Denis Villeneuve,"['Science Fiction', 'Adventure']",165000000,"['Timothée Chalamet', 'Rebecca Ferguson', 'Oscar Isaac']",155,1,FALSE,TRUE,2021,10,FALSE,FALSE,9.4193,2.7082,2840.4,18.92145604,9.561208489,100,1199,0.18,48655026,696087,9731005.2,139217.4,TRUE
568124,Encanto,2021-11-24,14.599,7.577,9957,TRUE,['Disney Plus'],Byron Howard,"['Animation', 'Comedy', 'Family', 'Fantasy']",150000000,"['Stephanie Beatriz', 'María Cecilia Botero', 'John Leguizamo']",102,1,FALSE,TRUE,2021,11,FALSE,TRUE,2.8426,1.9059,1991.4,18.82614586,9.206131527,100,1546,0.43,49862551,302049,9972510.2,60409.8,TRUE
791373,Zack Snyder's Justice League,2021-03-18,14.0524,8.102,10520,FALSE,['HBO Max'],Zack Snyder,"['Action', 'Adventure', 'Fantasy']",70000000,"['Ben Affleck', 'Henry Cavill', 'Gal Gadot']",242,6,FALSE,FALSE,2021,3,FALSE,FALSE,15.2126,4.897,2104,18.06400581,9.261128539,100,824,0.08,3650550,42208,730110,8441.6,TRUE
801335,Girl in the Basement,2021-02-27,14.4466,7.577,802,FALSE,['Hulu'],Elisabeth Röhm,"['Thriller', 'Crime', 'TV Movie']",0,"['Judd Nelson', 'Stefanie Scott', 'Joely Fisher']",88,3,FALSE,FALSE,2021,2,FALSE,FALSE,1.4669,2.7583,160.4,0,6.688354714,100,1706,0.52,1545786,3672,309157.2,734.4,TRUE
637649,Wrath of Man,2021-05-07,12.5441,7.6,5844,TRUE,['Amazon Prime Video'],Guy Ritchie,"['Thriller', 'Crime', 'Drama']",40000000,"['Jason Statham', 'Holt McCallany', 'Rocci Williams']",119,2,FALSE,FALSE,2021,5,TRUE,FALSE,16.1735,4.7997,1168.8,17.50439004,8.673341874,100,1790,0.55,39775803,163562,7955160.6,32712.4,TRUE
645710,The Voyeurs,2021-08-25,12.7544,6.5,1088,FALSE,['Amazon Prime Video'],Michael Mohan,['Thriller'],0,"['Sydney Sweeney', 'Justice Smith', 'Ben Hardy']",117,1,FALSE,FALSE,2021,8,TRUE,FALSE,18.8964,0.3144,217.6,0,6.993015123,100,651,0,5220582,29282,1044116.4,5856.4,TRUE
497698,Black Widow,2021-07-09,11.8931,7.186,10897,TRUE,['Disney Plus'],Cate Shortland,"['Action', 'Adventure', 'Science Fiction']",200000000,"['Scarlett Johansson', 'Florence Pugh', 'Rachel Weisz']",134,1,FALSE,FALSE,2021,7,TRUE,FALSE,24.8595,1.6817,2179.4,19.11382793,9.296334565,100,758,0.08,35408274,681417,7081654.8,136283.4,TRUE
512195,Red Notice,2021-11-05,11.5601,6.8,6203,TRUE,['Netflix'],Rawson Marshall Thurber,"['Action', 'Comedy', 'Crime']",160000000,"['Dwayne Johnson', 'Ryan Reynolds', 'Gal Gadot']",118,3,FALSE,FALSE,2021,11,FALSE,TRUE,7.7104,0.5771,1240.6,18.89068438,8.732949524,100,701,0.09,9930856,109134,1986171.2,21826.8,TRUE
566525,Shang-Chi and the Legend of the Ten Rings,2021-09-03,10.9974,7.503,10071,TRUE,['Disney Plus'],Destin Daniel Cretton,"['Action', 'Adventure', 'Fantasy']",150000000,"['Simu Liu', 'Tony Leung Chiu-wai', 'Awkwafina']",132,1,FALSE,FALSE,2021,9,FALSE,FALSE,11.1764,1.1701,2014.2,18.82614586,9.217514576,100,893,0.34,34075574,572361,6815114.8,114472.2,TRUE
337404,Cruella,2021-05-28,9.8976,7.981,9817,TRUE,['Disney Plus'],Craig Gillespie,"['Comedy', 'Crime', 'Adventure']",200000000,"['Emma Stone', 'Emma Thompson', 'Joel Fry']",134,3,TRUE,TRUE,2021,5,TRUE,FALSE,9.2395,1.2738,1963.4,19.11382793,9.191972715,100,1140,0.15,25228039,332228,5045607.8,66445.6,TRUE
588228,The Tomorrow War,2021-06-30,8.9215,7.487,3898,FALSE,['Amazon Prime Video'],Chris McKay,"['Action', 'Science Fiction', 'Adventure']",200000000,"['Chris Pratt', 'Yvonne Strahovski', 'J.K. Simmons']",138,3,FALSE,TRUE,2021,6,TRUE,FALSE,6.8162,0.0214,779.6,19.11382793,8.268475389,100,1117,0.15,1130748,15232,226149.6,3046.4,TRUE
423108,The Conjuring: The Devil Made Me Do It,2021-06-04,10.6504,7.375,6359,TRUE,['HBO Max'],Michael Chaves,"['Horror', 'Mystery', 'Thriller']",39000000,"['Vera Farmiga', 'Patrick Wilson', 'Sterling Jerins']",111,3,FALSE,TRUE,2021,6,TRUE,FALSE,5.3626,0.6271,1271.8,17.47907223,8.757783656,100,652,0,32242975,321006,6448595,64201.2,TRUE
524434,Eternals,2021-11-05,9.8972,6.788,8862,TRUE,['Disney Plus'],Chloé Zhao,"['Science Fiction', 'Action', 'Adventure']",200000000,"['Gemma Chan', 'Richard Madden', 'Angelina Jolie']",156,1,FALSE,FALSE,2021,11,FALSE,TRUE,12.0787,1.5865,1772.4,19.11382793,9.089640587,100,995,0.13,50566149,853719,10113229.8,170743.8,TRUE
602734,Spiral: From the Book of Saw,2021-05-14,7.2398,5.92,2192,TRUE,['Hulu'],Darren Lynn Bousman,"['Horror', 'Mystery']",20000000,"['Chris Rock', 'Samuel L. Jackson', 'Max Minghella']",93,4,FALSE,TRUE,2021,5,TRUE,FALSE,9.6726,0.5339,438.4,16.81124288,7.693025748,100,917,0.13,17037240,54220,3407448,10844,TRUE
513310,Boss Level,2021-03-05,8.308,6.864,1801,FALSE,['Hulu'],Joe Carnahan,"['Action', 'Science Fiction', 'Thriller']",45000000,"['Frank Grillo', 'Mel Gibson', 'Naomi Watts']",101,11,FALSE,FALSE,2021,3,FALSE,FALSE,6.5698,0.912,360.2,17.62217307,7.496652438,100,1040,0.24,1146001,10148,229200.2,2029.6,TRUE
550988,Free Guy,2021-08-13,8.6789,7.463,9438,TRUE,['Disney Plus'],Shawn Levy,"['Comedy', 'Adventure', 'Science Fiction']",110000000,"['Ryan Reynolds', 'Jodie Comer', 'Lil Rel Howery']",115,5,TRUE,TRUE,2021,8,TRUE,FALSE,7.7104,3.0436,1887.6,18.51599093,9.152605321,100,1185,0.22,26643628,420668,5328725.6,84133.6,TRUE
508943,Luca,2021-06-18,8.0604,7.79,8750,TRUE,['Disney Plus'],Enrico Casarosa,"['Animation', 'Comedy', 'Fantasy', 'Adventure', 'Family']",200000000,"['Jacob Tremblay', 'Jack Dylan Grazer', 'Emma Berman']",95,1,FALSE,FALSE,2021,6,TRUE,FALSE,3.3759,0.2822,1750,19.11382793,9.076923259,100,993,0.15,29993640,246299,5998728,49259.8,TRUE
501929,The Mitchells vs. the Machines,2021-04-22,7.4348,7.859,3190,FALSE,['Netflix'],Mike Rianda,"['Animation', 'Adventure', 'Comedy']",75000000,"['Abbi Jacobson', 'Danny McBride', 'Maya Rudolph']",110,4,FALSE,TRUE,2021,4,FALSE,FALSE,2.4472,0.44,638,18.13299868,8.068089626,100,848,0.15,28997292,89469,5799458.4,17893.8,TRUE
795530,Language Lessons,2021-09-10,7.8748,6.653,62,FALSE,['Amazon Prime Video'],Natalie Morales,"['Drama', 'Comedy']",0,"['Mark Duplass', 'Natalie Morales', 'Desean Terry']",91,2,FALSE,FALSE,2021,9,FALSE,FALSE,2.9831,1.7413,12.4,0,4.143134726,100,100,0,323734,3832,64746.8,766.4,FALSE
512356,Pennywise: The Story of ‘It’,2022-07-26,6.6013,7.449,39,FALSE,['Amazon Prime Video'],John Campopiano,"['Documentary', 'Horror']",0,"['Tim Curry', 'Seth Green', 'Richard Thomas']",126,3,FALSE,FALSE,2022,7,TRUE,FALSE,4.5416,0.0071,9.75,0,3.688879454,0,0,0,93821,1078,23455.25,269.5,FALSE
583406,Judas and the Black Messiah,2021-02-12,7.1063,7.307,1638,TRUE,['Netflix'],Shaka King,"['Drama', 'History']",26000000,"['Daniel Kaluuya', 'LaKeith Stanfield', 'Jesse Plemons']",126,4,FALSE,FALSE,2021,2,FALSE,FALSE,7.6691,0.4975,327.6,17.07360713,7.401841579,100,525,0,5110395,82685,1022079,16537,TRUE
744275,After We Fell,2021-09-30,6.2662,7.017,2693,TRUE,['Netflix'],Castille Landon,"['Romance', 'Drama']",14000000,"['Josephine Langford', 'Hero Fiennes Tiffin', 'Carter Jenkins']",99,5,FALSE,TRUE,2021,9,FALSE,FALSE,3.5678,0.2712,538.6,16.45456796,7.898782357,100,1588,0.36,10130584,101763,2026116.8,20352.6,TRUE
644495,House of Gucci,2021-11-24,8.1958,6.573,3321,TRUE,['Netflix'],Ridley Scott,"['Drama', 'Crime', 'History']",75000000,"['Lady Gaga', 'Adam Driver', 'Al Pacino']",158,3,FALSE,FALSE,2021,11,FALSE,TRUE,4.3054,2.7653,664.2,18.13299868,8.10832229,100,1171,0.17,19175611,142879,3835122.2,28575.8,TRUE
646380,Don't Look Up,2021-12-10,6.6523,7.067,8950,FALSE,['Netflix'],Adam McKay,"['Comedy', 'Science Fiction']",75000000,"['Leonardo DiCaprio', 'Jennifer Lawrence', 'Meryl Streep']",138,1,FALSE,FALSE,2021,12,FALSE,TRUE,10.0393,0.0143,1790,18.13299868,9.099520537,100,861,0.17,19050235,277591,3810047,55518.2,TRUE
810271,The Resort,2021-04-30,7.4443,5.5,276,FALSE,['Amazon Prime Video'],Taylor Chien,['Horror'],0,"['Bianca Haase', ""Brock O'Hurn"", 'Michael Vlamis']",75,1,FALSE,FALSE,2021,4,FALSE,FALSE,0.6001,0.1182,55.2,0,5.624017506,100,1165,0.29,632146,3731,126429.2,746.2,TRUE
837707,The Changed,2022-03-04,6.8049,4,6,FALSE,['Amazon Prime Video'],Michael Mongillo,"['Science Fiction', 'Horror']",0,"['Tony Todd', 'Clare Foley', 'Jason Alan Smith']",78,0,FALSE,FALSE,2022,3,FALSE,FALSE,1.6094,0.0507,1.5,0,1.945910149,100,1137,0.33,94278,573,23569.5,143.25,TRUE
924763,Weekend Warriors,2021-04-01,4.7228,7.4,21,FALSE,['Amazon Prime Video'],Ritchie Greer,"['Action', 'Thriller']",0,"['Corbin Bernsen', 'Jason London', 'Jason Michael Carroll']",93,2,FALSE,FALSE,2021,4,FALSE,FALSE,1.9127,0.2289,4.2,0,3.091042453,0,0,0,28263,56,5652.6,11.2,FALSE
451048,Jungle Cruise,2021-07-30,5.7467,7.317,5992,TRUE,['Disney Plus'],Jaume Collet-Serra,"['Fantasy', 'Adventure', 'Family', 'Action', 'Comedy']",200000000,"['Dwayne Johnson', 'Emily Blunt', 'Edgar Ramírez']",127,4,TRUE,FALSE,2021,7,TRUE,FALSE,21.9714,0.5771,1198.4,19.11382793,8.6983474,100,1037,0.16,14432412,105457,2886482.4,21091.4,TRUE
520763,A Quiet Place Part II,2021-05-28,6.3353,7.448,7099,TRUE,['Hulu'],John Krasinski,"['Science Fiction', 'Thriller', 'Horror']",55000000,"['Emily Blunt', 'John Krasinski', 'Millicent Simmonds']",96,3,TRUE,TRUE,2021,5,TRUE,FALSE,21.9714,5.2315,1419.8,17.82284376,8.867850063,100,1110,0.61,23067702,138916,4613540.4,27783.2,TRUE
912105,The Handler,2021-12-07,6.1725,5.9,5,TRUE,['Amazon Prime Video'],Michael Matteo Rossi,"['Action', 'Crime']",0,"['Chris Levine', 'Rachel Alig', 'Michael Pashan']",85,0,FALSE,FALSE,2021,12,FALSE,TRUE,1.0715,0.6413,1,0,1.791759469,100,285,0,69195,183,13839,36.6,TRUE
630392,The Cursed,2022-02-18,7.1874,6.597,388,TRUE,['Netflix'],Sean Ellis,"['Horror', 'Drama', 'Thriller']",0,"['Boyd Holbrook', 'Kelly Reilly', 'Alistair Petrie']",111,2,FALSE,FALSE,2022,2,FALSE,FALSE,6.1255,0.9186,97,0,5.963579344,100,1035,0.35,6181452,4749,1545363,1187.25,TRUE
550205,Wish Dragon,2021-06-11,6.7348,7.858,1425,FALSE,['Netflix'],Chris Appelhans,"['Animation', 'Family', 'Comedy', 'Fantasy', 'Romance', 'Adventure']",0,"['Jimmy Wong', 'John Cho', 'Constance Wu']",99,4,FALSE,FALSE,2021,6,TRUE,FALSE,2.6072,0.5547,285,0,7.262628601,100,923,0.17,2751552,37049,550310.4,7409.8,TRUE
527774,Raya and the Last Dragon,2021-03-05,6.4801,7.814,7111,TRUE,['Disney Plus'],Don Hall,"['Animation', 'Family', 'Fantasy', 'Action', 'Adventure']",100000000,"['Kelly Marie Tran', 'Awkwafina', 'Gemma Chan']",107,1,FALSE,FALSE,2021,3,FALSE,FALSE,3.2283,0.0071,1422.2,18.42068075,8.869538777,100,1162,0.28,24673889,291656,4934777.8,58331.2,TRUE
764068,Hero Mode,2021-06-04,6.8968,5.6,30,TRUE,['Amazon Prime Video'],A.J. Tesler,"['Comedy', 'Family']",0,"['Chris Carpenter', 'Indiana Massara', 'Mira Sorvino']",88,2,FALSE,FALSE,2021,6,TRUE,FALSE,2.7825,0.9692,6,0,3.433987204,100,391,0,315694,1467,63138.8,293.4,TRUE
813152,Buckley's Chance,2021-08-13,5.3045,6.2,10,FALSE,['Amazon Prime Video'],Tim Brown,"['Drama', 'Family']",20000,"['Bill Nighy', 'Victoria Hill', 'Milan Burch']",96,2,FALSE,FALSE,2021,8,TRUE,FALSE,5.1481,0.118,2,9.903537551,2.397895273,0,0,0,17124,43,3424.8,8.6,FALSE
603661,The Hating Game,2021-12-10,6.2007,7.276,1153,FALSE,"['Netflix', 'Hulu']",Peter Hutchings,"['Drama', 'Comedy', 'Romance']",0,"['Lucy Hale', 'Austin Stowell', 'Corbin Bernsen']",102,6,FALSE,FALSE,2021,12,FALSE,TRUE,3.9222,0.0071,230.6,0,7.050989447,100,961,0,2498640,18203,499728,3640.6,TRUE
568620,Snake Eyes: G.I. Joe Origins,2021-07-23,5.5895,6.464,1659,TRUE,['Hulu'],Robert Schwentke,"['Action', 'Adventure']",88000000,"['Henry Golding', 'Andrew Koji', 'Haruka Abe']",121,6,TRUE,FALSE,2021,7,TRUE,FALSE,3.03,0.4374,331.8,18.29284738,7.414572881,100,100,0,1302404,23610,260480.8,4722,TRUE
779057,The Survivalist,2021-10-01,5.9275,4.4,97,FALSE,['Amazon Prime Video'],Jon Keeyes,"['Action', 'Science Fiction', 'Thriller']",0,"['Jonathan Rhys Meyers', 'John Malkovich', 'Ruby Modine']",91,1,FALSE,FALSE,2021,10,FALSE,FALSE,4.3558,0.2244,19.4,0,4.584967479,100,405,0,103904,556,20780.8,111.2,TRUE
633657,The Good House,2022-09-30,5.3134,6.206,80,TRUE,['Amazon Prime Video'],Wallace Wolodarsky,"['Romance', 'Drama', 'Comedy']",0,"['Sigourney Weaver', 'Kevin Kline', 'Morena Baccarin']",103,7,FALSE,FALSE,2022,9,FALSE,FALSE,11.1641,0.6627,20,0,4.394449155,100,963,0.21,110961,620,27740.25,155,TRUE
818356,Growing Fangs,2021-05-28,6.1729,6.6,17,FALSE,['Disney Plus'],Ann Marie Pace,"['Drama', 'Romance', 'Family', 'Fantasy']",0,"['Keyla Monterroso Mejia', 'Cristela Alonzo', 'Grace Song']",19,1,TRUE,FALSE,2021,5,TRUE,FALSE,0.4961,0.0945,3.4,0,2.890371758,0,0,0,85143,2204,17028.6,440.8,FALSE
821046,7 Days,2021-10-14,6.5174,6,25,FALSE,['Amazon Prime Video'],Roshan Sethi,"['Romance', 'Comedy']",0,"['Karan Soni', 'Geraldine Viswanathan', 'Zenobia Shroff']",86,1,FALSE,FALSE,2021,10,FALSE,FALSE,3.4269,0.3011,5,0,3.258096538,100,825,0,284397,1202,56879.4,240.4,TRUE
597316,My Little Pony: A New Generation,2021-09-24,5.4805,7.71,326,FALSE,['Netflix'],Robert Cullen,"['Animation', 'Family', 'Fantasy', 'Comedy', 'Adventure']",0,"['Vanessa Hudgens', 'Kimiko Glenn', 'James Marsden']",90,2,FALSE,FALSE,2021,9,FALSE,FALSE,3.9458,0.0773,65.2,0,5.789960171,0,0,0,1868713,34728,373742.6,6945.6,FALSE
460465,Mortal Kombat,2021-04-23,6.5068,7.001,6136,TRUE,['HBO Max'],Simon McQuoid,"['Action', 'Fantasy', 'Adventure']",20000000,"['Lewis Tan', 'Jessica McNamee', 'Mehcad Brooks']",110,3,FALSE,TRUE,2021,4,FALSE,FALSE,1.6073,0.75,1227.2,16.81124288,8.722091302,100,1012,0.16,13179536,386911,2635907.2,77382.2,TRUE
835112,Ted Bundy: American Boogeyman,2021-08-16,5.3713,6.626,143,FALSE,['Hulu'],Daniel Farrands,"['Thriller', 'Crime']",0,"['Chad Michael Murray', 'Holland Roden', 'Lin Shaye']",110,3,FALSE,FALSE,2021,8,TRUE,FALSE,3.4332,0.3209,28.6,0,4.9698133,100,274,0.4,485560,3144,97112,628.8,TRUE
841755,Mortal Kombat Legends: Battle of the Realms,2021-08-31,4.5529,7.603,469,FALSE,['HBO Max'],Ethan Spaulding,"['Animation', 'Action', 'Fantasy']",0,"['Jordan Rodrigues', 'Jennifer Carpenter', 'Joel McHale']",80,1,FALSE,TRUE,2021,8,TRUE,FALSE,3.295,0.4059,93.8,0,6.152732695,100,288,0,891411,12787,178282.2,2557.4,TRUE
897018,Devil's Triangle,2021-11-27,5.4298,3.3,15,FALSE,['Amazon Prime Video'],Brendan Petrizzo,"['Action', 'Adventure', 'Science Fiction', 'Fantasy']",0,"['Fred Williamson', 'Morgan Bradley', 'Alyson Gorske']",87,2,FALSE,FALSE,2021,11,FALSE,TRUE,1.1783,0.159,3,0,2.772588722,100,100,0,24677,0,4935.4,0,FALSE
631880,Tyger Tyger,2021-02-26,6.0638,5,12,FALSE,['Amazon Prime Video'],Kerry Mondragon,['Drama'],0,"['Sam Quartin', 'Dylan Sprouse', 'Thea Sofie Loch Næss']",92,1,FALSE,FALSE,2021,2,FALSE,FALSE,3.8691,0.0868,2.4,0,2.564949357,100,241,0,43332,363,8666.4,72.6,TRUE
876716,Ciao Alberto,2021-11-12,6.2114,7.393,687,FALSE,['Disney Plus'],McKenna Jean Harris,"['Animation', 'Comedy', 'Family', 'Fantasy']",45223,"['Jack Dylan Grazer', 'Marco Barricelli', 'Jacob Tremblay']",7,1,FALSE,FALSE,2021,11,FALSE,TRUE,3.3759,0.0517,137.4,10.7193832,6.533788838,100,217,0,4064811,91989,812962.2,18397.8,FALSE
617502,Jolt,2021-07-23,5.2602,6.519,1330,FALSE,['Amazon Prime Video'],Tanya Wexler,"['Action', 'Thriller', 'Crime']",0,"['Kate Beckinsale', 'Stanley Tucci', 'Bobby Cannavale']",91,8,FALSE,FALSE,2021,7,TRUE,FALSE,7.6403,0.6416,266,0,7.193685818,100,639,0.07,3277343,19523,655468.6,3904.6,TRUE
767979,Stars Fell on Alabama,2021-01-06,5.2088,6,30,FALSE,['Amazon Prime Video'],V.W. Scheich,"['Comedy', 'Drama', 'Romance']",0,"['Ciara Hanna', 'James Maslow', 'Jason Burkey']",103,2,FALSE,TRUE,2021,1,FALSE,FALSE,1.1256,3.7145,6,0,3.433987204,100,313,0,682632,6264,136526.4,1252.8,TRUE
654974,Home Sweet Home Alone,2021-11-12,5.956,4.913,669,FALSE,"['Disney Plus', 'Hulu']",Dan Mazer,"['Family', 'Comedy', 'Crime']",15000000,"['Archie Yates', 'Ellie Kemper', 'Rob Delaney']",93,2,TRUE,FALSE,2021,11,FALSE,TRUE,2.7671,0.6156,133.8,16.52356083,6.507277712,100,851,0.16,5819811,37198,1163962.2,7439.6,TRUE
646207,The Ice Road,2021-06-25,4.6847,6.779,1839,FALSE,['Netflix'],Jonathan Hensleigh,"['Action', 'Thriller']",0,"['Liam Neeson', 'Amber Midthunder', 'Marcus Thomas']",108,4,FALSE,TRUE,2021,6,TRUE,FALSE,6.9994,0.5656,367.8,0,7.517520851,100,740,0.09,2489705,12725,497941,2545,TRUE
664300,Shiva Baby,2021-04-02,5.9018,7.1,732,TRUE,['Netflix'],Emma Seligman,"['Comedy', 'Drama']",250000,"['Rachel Sennott', 'Molly Gordon', 'Polly Draper']",78,6,FALSE,FALSE,2021,4,FALSE,FALSE,3.5956,0.6246,146.4,12.4292202,6.597145702,0,0,0,540954,4549,108190.8,909.8,FALSE
855228,The Girl Who Got Away,2021-08-20,3.7855,6.016,91,FALSE,['Amazon Prime Video'],Michael Morrissey,"['Horror', 'Thriller', 'Mystery']",0,"['Lexi Johnson', 'Chukwudi Iwuji', 'Kaye Tuckerman']",117,2,FALSE,FALSE,2021,8,TRUE,FALSE,1.0375,0.0659,18.2,0,4.521788577,100,555,0,522812,1455,104562.4,291,FALSE
872130,Zoey's Extraordinary Christmas,2021-12-01,5.7764,6.31,79,FALSE,['Amazon Prime Video'],Richard Shepard,"['TV Movie', 'Comedy', 'Music', 'Drama']",0,"['Jane Levy', 'Skylar Astin', 'Alex Newell']",99,5,FALSE,FALSE,2021,12,FALSE,TRUE,2.1641,0.4059,15.8,0,4.382026635,100,100,0,54175,524,10835,104.8,FALSE
567748,The Guilty,2021-09-24,4.6809,6.429,2945,FALSE,['Netflix'],Antoine Fuqua,"['Drama', 'Thriller']",0,"['Jake Gyllenhaal', 'Ethan Hawke', 'Riley Keough']",91,6,FALSE,FALSE,2021,9,FALSE,FALSE,8.8143,1.2857,589,0,7.988203597,100,739,0.08,9502217,122574,1900443.4,24514.8,TRUE
564637,A Wedding for Christmas,2018-11-25,5.501,6.3,12,FALSE,['Amazon Prime Video'],Fred Olen Ray,"['TV Movie', 'Romance']",0,"['Cristine Prosperi', 'Colton Little', 'Vivica A. Fox']",90,1,FALSE,FALSE,2018,11,FALSE,TRUE,1.9052,1.0732,1.5,0,2.564949357,100,300,0,318621,2433,39827.625,304.125,TRUE
906460,Death Link,2021-11-29,5.8969,5.4,33,FALSE,['Amazon Prime Video'],David Lipper,['Horror'],0,"['Elise Luthman', 'Jessica Belkin', 'Riker Lynch']",86,0,FALSE,FALSE,2021,11,FALSE,TRUE,0.9348,0.6095,6.6,0,3.526360525,100,323,0,113610,342,22722,68.4,TRUE
619106,Chasing Wonders,2021-06-04,5.5615,4.7,7,FALSE,['Amazon Prime Video'],Paul Meins,['Drama'],0,"['Paz Vega', 'Edward James Olmos', 'Jessica Marais']",85,4,FALSE,FALSE,2021,6,TRUE,FALSE,2.3727,0.1931,1.4,0,2.079441542,0,0,0,1374,1,274.8,0.2,FALSE
593910,Cinderella,2021-09-03,4.7369,6.337,1447,FALSE,['Amazon Prime Video'],Kay Cannon,"['Fantasy', 'Romance', 'Comedy']",0,"['Camila Cabello', 'Nicholas Galitzine', 'Idina Menzel']",112,2,FALSE,FALSE,2021,9,FALSE,FALSE,4.6325,0.9364,289.4,0,7.277938573,100,844,0.13,5818157,25900,1163631.4,5180,TRUE
762879,Christmas...Again?!,2021-12-03,4.5914,6.523,110,FALSE,['Disney Plus'],Andy Fickman,"['Family', 'Comedy', 'Fantasy', 'TV Movie', 'Drama']",0,"['Scarlett Estevez', 'Daniel Sunjata', 'Alexis Carra']",94,2,FALSE,FALSE,2021,12,FALSE,TRUE,2.4431,0.524,22,0,4.709530201,100,100,0,299763,2813,59952.6,562.6,FALSE
666243,The Witcher: Nightmare of the Wolf,2021-08-23,5.1041,7.4,1045,FALSE,['Netflix'],Han Kwang Il,"['Animation', 'Action', 'Fantasy']",0,"['Theo James', 'Mary McDonnell', 'Lara Pulver']",83,4,FALSE,FALSE,2021,8,TRUE,FALSE,7.7252,0.1993,209,0,6.952728645,100,644,0,2729924,70665,545984.8,14133,TRUE
669671,Night Teeth,2021-10-20,4.682,6.424,835,FALSE,['Netflix'],Adam Randall,"['Horror', 'Thriller', 'Action']",21700000,"['Jorge Lendeborg Jr.', 'Debby Ryan', 'Lucy Fry']",107,2,FALSE,FALSE,2021,10,FALSE,FALSE,3.4799,0.0429,167,16.89282286,6.728628613,100,879,0,3288024,48491,657604.8,9698.2,TRUE
611489,Init!ation,2021-05-07,5.5115,5.098,148,FALSE,['Amazon Prime Video'],John Berardo,"['Horror', 'Mystery']",0,"['Lindsay LaVanchy', 'Isabella Gómez', 'Froy Gutierrez']",96,2,FALSE,FALSE,2021,5,TRUE,FALSE,1.4537,0.1471,29.6,0,5.003946306,0,0,0,40669,496,8133.8,99.2,FALSE
808090,A House on the Bayou,2021-11-19,4.5723,5.685,184,FALSE,['Amazon Prime Video'],Alex McAulay,"['Horror', 'Mystery', 'Thriller']",0,"['Paul Schneider', 'Angela Sarafyan', 'Lia McHugh']",89,2,FALSE,FALSE,2021,11,FALSE,TRUE,1.7277,0.3712,36.8,0,5.220355825,100,291,0,1451794,1971,290358.8,394.2,TRUE
617653,The Last Duel,2021-10-15,5.0093,7.413,3681,TRUE,['Hulu'],Ridley Scott,"['History', 'Drama', 'Action']",100000000,"['Matt Damon', 'Adam Driver', 'Jodie Comer']",153,3,TRUE,FALSE,2021,10,FALSE,FALSE,11.8549,2.7653,736.2,18.42068075,8.211211362,100,871,0.1,10750544,66130,2150108.8,13226,TRUE
834347,Wired Shut,2021-08-30,5.5595,5,25,FALSE,['Amazon Prime Video'],Alexander Sharp,"['Horror', 'Thriller']",0,"['Blake Stadel', 'Natalie Sharp', 'Behtash Fazlali']",95,1,FALSE,FALSE,2021,8,TRUE,FALSE,1.4375,0,5,0,3.258096538,0,0,0,26829,104,5365.8,20.8,FALSE
602269,The Little Things,2021-01-29,4.1795,6.331,2690,TRUE,['Netflix'],John Lee Hancock,"['Drama', 'Crime', 'Thriller']",30000000,"['Denzel Washington', 'Rami Malek', 'Jared Leto']",128,2,FALSE,FALSE,2021,1,FALSE,FALSE,6.1684,0.8885,538,17.21670797,7.897668151,100,725,0.14,18871021,58120,3774204.2,11624,TRUE
998494,Alien Danger! With Raven Van Slender,2021-02-02,3.7878,0,0,FALSE,['Amazon Prime Video'],James Balsamo,['Horror'],0,"['Bill Victor Arucan', 'Sephdok Ramone', 'James Balsamo']",,1,FALSE,FALSE,2021,2,FALSE,FALSE,0.7731,0.7731,0,0,0,0,0,0,2397,40,479.4,8,FALSE
777620,Caged,2021-01-26,5.459,6.3,123,FALSE,['Amazon Prime Video'],Aaron Fjellman,"['Thriller', 'Horror', 'Drama']",0,"['Edi Gathegi', 'Melora Hardin', 'Angela Sarafyan']",81,2,FALSE,FALSE,2021,1,FALSE,FALSE,2.017,0.2016,24.6,0,4.820281566,100,876,0,836435,5409,167287,1081.8,TRUE
583081,Warning,2021-10-22,4.9296,4.8,126,FALSE,['Amazon Prime Video'],Agata Alexander,['Science Fiction'],0,"['Thomas Jane', 'Tomasz Kot', 'Toni Garrn']",85,7,FALSE,FALSE,2021,10,FALSE,FALSE,2.8324,0.0363,25.2,0,4.844187086,100,671,1,410451,1274,82090.2,254.8,TRUE
1051541,Beyond Adversity,2021-06-10,4.9022,0,0,FALSE,['Amazon Prime Video'],Kaneesha Heath,['Drama'],0,"['Nicole C. Barnes', 'Anthony J. James', 'Aminah Muhammad']",,0,FALSE,FALSE,2021,6,TRUE,FALSE,0.3722,0,0,0,0,0,0,0,136,1,27.2,0.2,FALSE
829358,Queen of Spades,2021-06-11,4.2489,6,85,FALSE,['Amazon Prime Video'],Patrick White,['Horror'],0,"['Ava Preston', 'Kaelen Ohm', 'Jamie Bloch']",91,4,FALSE,FALSE,2021,6,TRUE,FALSE,1.551,0.2062,17,0,4.454347296,0,0,0,187764,565,37552.8,113,FALSE
894844,Jekyll and Hyde,2021-12-27,3.1575,5.3,13,FALSE,['Amazon Prime Video'],Steve Lawson,['Horror'],0,"['Michael McKell', 'Tom Hendryk', 'Helen Crevel']",85,2,FALSE,FALSE,2021,12,FALSE,TRUE,0.4916,1.1931,2.6,0,2.63905733,0,0,0,566181,3803,113236.2,760.6,FALSE
813935,Not to Forget,2021-11-26,4.1255,6.7,9,TRUE,['Amazon Prime Video'],Valerio Zanoli,['Drama'],0,"['Karen Grassle', 'Louis Gossett Jr.', ""Tatum O'Neal""]",81,0,FALSE,FALSE,2021,11,FALSE,TRUE,1.3116,0.2111,1.8,0,2.302585093,0,0,0,203792,6470,40758.4,1294,FALSE
802226,Bingo Hell,2021-10-01,3.9025,4.7,132,FALSE,['Amazon Prime Video'],Gigi Saul Guerrero,"['Thriller', 'Horror']",0,"['Adriana Barraza', 'L. Scott Caldwell', 'Joshua Caleb Johnson']",85,3,FALSE,FALSE,2021,10,FALSE,FALSE,1.2665,0.5474,26.4,0,4.890349128,100,430,0,231624,1292,46324.8,258.4,TRUE
850818,"Barbie: Big City, Big Dreams",2021-08-20,4.4857,7,184,FALSE,['Netflix'],Scott Pleydell-Pearce,"['Animation', 'Music', 'Family']",0,"['America Young', 'Amber Eliese May', 'Giselle Fernández']",62,3,FALSE,FALSE,2021,8,TRUE,FALSE,0.8126,0.0071,36.8,0,5.220355825,0,0,0,1557722,6525,311544.4,1305,FALSE
636838,"Stallone: Frank, That Is",2021-01-19,3.1629,5.9,7,TRUE,['Amazon Prime Video'],Derek Wayne Johnson,['Documentary'],0,"['Frank Stallone Jr.', 'Sylvester Stallone', 'Arnold Schwarzenegger']",73,2,FALSE,FALSE,2021,1,FALSE,FALSE,9.098,0.1122,1.4,0,2.079441542,0,0,0,171791,1803,34358.2,360.6,FALSE
795635,Love Stories in Sunflower Valley,2021-08-15,3.4488,6.2,26,FALSE,['Amazon Prime Video'],Robert H. Lieberman,"['TV Movie', 'Romance', 'Comedy']",0,"['Erin Cahill', 'Marcus Rosner', 'Brent Stait']",85,2,FALSE,FALSE,2021,8,TRUE,FALSE,2.7923,0.2819,5.2,0,3.295836866,100,100,0,29456,200,5891.2,40,FALSE
673309,American Underdog,2021-12-25,4.9645,7.1,396,TRUE,['Hulu'],Andrew Erwin,"['Drama', 'Family']",25000000,"['Zachary Levi', 'Anna Paquin', 'Hayden Zaller']",112,3,FALSE,FALSE,2021,12,FALSE,TRUE,2.5426,0,79.2,17.03438642,5.983936281,100,948,0.25,2002786,8476,400557.2,1695.2,TRUE
789708,Hilda and the Mountain King,2021-12-30,4.0493,7.565,176,FALSE,['Netflix'],Andy Coyle,"['Animation', 'Adventure', 'Fantasy', 'Family', 'TV Movie']",0,"['Bella Ramsey', 'Ameerah Falzon-Ojo', 'Oliver Nelson']",84,2,FALSE,FALSE,2021,12,FALSE,TRUE,3.163,0.2445,35.2,0,5.176149733,100,157,0,341404,4181,68280.8,836.2,FALSE
876987,Christmas vs The Walters,2021-11-05,3.2064,5,8,TRUE,['Amazon Prime Video'],Peter A. D’Amato,"['Comedy', 'Drama']",0,"['Shawnee Smith', 'Dean Winters', 'Caroline Aaron']",101,5,FALSE,FALSE,2021,11,FALSE,TRUE,2.3318,0.0168,1.6,0,2.197224577,0,0,0,327446,157,65489.2,31.4,FALSE
482321,Ron's Gone Wrong,2021-10-22,3.5132,7.868,1959,TRUE,['Disney Plus'],Sarah Smith,"['Animation', 'Science Fiction', 'Family', 'Comedy']",0,"['Zach Galifianakis', 'Jack Dylan Grazer', 'Ed Helms']",107,3,FALSE,FALSE,2021,10,FALSE,FALSE,4.2518,0.1579,391.8,0,7.580699752,100,953,0.15,3392650,29089,678530,5817.8,TRUE
882224,Christmas with a Prince: The Royal Baby,2021-11-07,3.2287,6.9,26,FALSE,['Amazon Prime Video'],Marco Deufemia,"['TV Movie', 'Romance']",0,"['Kaitlyn Leeb', 'Nick Hounslow', 'Josh Dean']",87,1,FALSE,TRUE,2021,11,FALSE,TRUE,2.5127,0.5859,5.2,0,3.295836866,0,0,0,578675,4492,115735,898.4,FALSE
822618,Eye Without a Face,2021-08-10,4.4141,3.9,18,FALSE,['Amazon Prime Video'],Ramin Niami,"['Horror', 'Thriller']",0,"['Dakota Shapiro', 'Luke Cook', 'Vlada Verevko']",94,1,FALSE,FALSE,2021,8,TRUE,FALSE,0.9022,0.3594,3.6,0,2.944438979,0,0,0,88621,1385,17724.2,277,FALSE
795778,Night Raiders,2021-11-12,5.5077,4.8,49,FALSE,"['Netflix', 'Amazon Prime Video']",Danis Goulet,['Science Fiction'],0,"['Elle-Máijá Tailfeathers', 'Brooklyn Letexier-Hart', 'Alex Tarrant']",101,4,FALSE,FALSE,2021,11,FALSE,TRUE,0.6606,0.1445,9.8,0,3.912023005,0,0,0,489947,2442,97989.4,488.4,FALSE
762893,Some of Our Stallions,2021-07-01,4.2698,2.7,3,FALSE,['Amazon Prime Video'],Carson D. Mell,"['Comedy', 'Drama']",0,"['Carson D. Mell', 'Olivia Taylor Dudley', 'David Zellner']",89,0,FALSE,FALSE,2021,7,TRUE,FALSE,1.0238,0.2434,0.6,0,1.386294361,0,0,0,4651,53,930.2,10.6,FALSE
647581,Heart of Champions,2021-10-29,4.2987,6.6,79,FALSE,['Netflix'],Michael Mailer,['Drama'],32000,"['Michael Shannon', 'Alexander Ludwig', 'Charles Melton']",119,6,FALSE,FALSE,2021,10,FALSE,FALSE,3.432,0.1946,15.8,10.37352243,4.382026635,100,424,0,268996,688,53799.2,137.6,TRUE
597208,Nightmare Alley,2021-12-17,4.3904,6.965,3216,TRUE,['Hulu'],Guillermo del Toro,"['Crime', 'Drama', 'Thriller']",60000000,"['Bradley Cooper', 'Cate Blanchett', 'Toni Collette']",151,2,FALSE,FALSE,2021,12,FALSE,TRUE,4.4349,4.3319,643.2,17.90985514,8.076204527,100,1334,0.18,16774702,25448,3354940.4,5089.6,TRUE
839440,Dinosaur Hotel,2021-06-11,4.7971,5.1,81,FALSE,['Amazon Prime Video'],Jack Peter Mundy,"['Horror', 'Science Fiction', 'Mystery']",0,"['Chelsea Greenwood', 'Aimee Marie Higham', 'Alexander John']",80,2,FALSE,TRUE,2021,6,TRUE,FALSE,0.2739,0.1048,16.2,0,4.406719247,100,257,0,85937,0,17187.4,0,TRUE
800841,"Me, Myself & Di",2021-06-04,5.0676,5.8,5,FALSE,['Amazon Prime Video'],Chris Green,"['Comedy', 'Romance']",0,"['Katy Clayton', 'Lucy Pinder', 'James Lance']",93,3,FALSE,FALSE,2021,6,TRUE,FALSE,1.4958,0.0546,1,0,1.791759469,100,100,0,652640,3438,130528,687.6,FALSE
784047,Creating The Queen's Gambit,2021-01-10,3.1392,7.87,135,FALSE,['Netflix'],,['Documentary'],0,"['Anya Taylor-Joy', 'Scott Frank', 'Bruce Pandolfini']",14,0,FALSE,FALSE,2021,1,FALSE,FALSE,8.7648,0,27,0,4.912654886,0,0,0,1421232,11881,284246.4,2376.2,FALSE
888231,Time Now,2021-10-23,4.5685,2.9,7,FALSE,['Amazon Prime Video'],Spencer King,"['Thriller', 'Drama']",0,"['Eleanor Lambert', 'Claudia Black', 'Xxavier Polk']",90,1,FALSE,FALSE,2021,10,FALSE,FALSE,3.2156,0,1.4,0,2.079441542,100,1440,0.56,64546,158,12909.2,31.6,TRUE
776142,"Crack: Cocaine, Corruption & Conspiracy",2021-01-11,4.4964,6.8,85,FALSE,['Netflix'],Stanley Nelson,['Documentary'],0,"['Carl Hart', 'Koe Rodriguez', 'Nelson George']",89,1,FALSE,FALSE,2021,1,FALSE,FALSE,0.4698,0.4227,17,0,4.454347296,0,0,0,536809,5592,107361.8,1118.4,FALSE
733209,Man of God,2021-08-26,4.1359,7,41,FALSE,['Amazon Prime Video'],Yelena Popovic,"['History', 'Drama']",0,"['Aris Servetalis', 'Mickey Rourke', 'Alexander Petrov']",109,5,FALSE,FALSE,2021,8,TRUE,FALSE,3.4532,0.3653,8.2,0,3.737669618,0,0,0,68390,742,13678,148.4,FALSE
818336,American Eid,2021-05-28,4.7086,7.1,15,FALSE,['Disney Plus'],Aqsa Altaf,['Drama'],0,"['Shanessa Khawaja', 'Jenna Qureshi', 'Cash Herrera']",21,1,TRUE,FALSE,2021,5,TRUE,FALSE,0.5325,0.1668,3,0,2.772588722,0,0,0,889751,40181,177950.2,8036.2,FALSE
790646,The Toll,2022-03-18,5.2305,5.5,42,FALSE,['Amazon Prime Video'],Ryan Andrew Hooper,"['Comedy', 'Thriller', 'Crime']",0,"['Michael Smiley', 'Annes Elwy', 'Gary Beadle']",83,5,FALSE,FALSE,2022,3,FALSE,FALSE,1.1146,0.0557,10.5,0,3.761200116,100,272,0,249253,607,62313.25,151.75,TRUE
565470,Roe v. Wade,2021-04-02,4.0899,5.5,42,TRUE,['Amazon Prime Video'],Cathy Allyn,"['Drama', 'History']",6750000,"['Jon Voight', 'Nick Loeb', 'Robert Davi']",112,2,FALSE,FALSE,2021,4,FALSE,FALSE,2.9666,0.1948,8.4,15.72505321,3.761200116,100,100,0,217317,1394,43463.4,278.8,FALSE
795518,Broadcast Signal Intrusion,2021-10-22,4.3826,5.554,92,FALSE,['Amazon Prime Video'],Jacob Gentry,"['Horror', 'Mystery', 'Thriller']",0,"['Harry Shum Jr.', 'Kelley Mack', 'Chris Sullivan']",104,2,FALSE,FALSE,2021,10,FALSE,FALSE,3.0309,0.0718,18.4,0,4.532599493,0,0,0,196238,2419,39247.6,483.8,FALSE
795514,The Fallout,2021-03-17,4.8771,7.524,1256,FALSE,['HBO Max'],Megan Park,['Drama'],0,"['Jenna Ortega', 'Maddie Ziegler', 'Niles Fitch']",96,2,FALSE,FALSE,2021,3,FALSE,FALSE,14.3835,1.2262,251.2,0,7.136483209,0,0,0,7221415,107657,1444283,21531.4,TRUE
776527,"Summer of Soul (...Or, When the Revolution Could Not Be Televised)",2021-07-02,3.6625,7.633,214,TRUE,"['Disney Plus', 'Amazon Prime Video', 'Hulu']",Questlove,"['Music', 'Documentary', 'History']",0,"['Stevie Wonder', 'Lin-Manuel Miranda', 'Chris Rock']",117,4,FALSE,FALSE,2021,7,TRUE,FALSE,2.3878,0.4436,42.8,0,5.370638028,0,0,0,32604,417,6520.8,83.4,FALSE
567189,Tom Clancy's Without Remorse,2021-04-29,3.9733,6.952,2589,FALSE,['Amazon Prime Video'],Stefano Sollima,"['Action', 'Thriller', 'War']",0,"['Michael B. Jordan', 'Jamie Bell', 'Guy Pearce']",110,6,TRUE,FALSE,2021,4,FALSE,FALSE,3.5781,0.7818,517.8,0,7.859413155,0,0,0,11173636,44602,2234727.2,8920.4,TRUE
796595,Sometime Other Than Now,2021-03-03,3.6611,5.5,14,TRUE,['Amazon Prime Video'],Dylan McCormick,['Drama'],0,"['Donal Logue', 'Kate Walsh', 'Amy Hargreaves']",89,0,FALSE,FALSE,2021,3,FALSE,FALSE,2.8602,0.0952,2.8,0,2.708050201,0,0,0,40074,190,8014.8,38,FALSE
1024224,Hearts & Vines,2021-11-01,3.9489,2,1,FALSE,['Amazon Prime Video'],Candice T. Cain,"['Romance', 'Drama']",0,"['Taryn Hacker', 'Cara Maria Sorbello', 'Kenney Myers']",86,4,FALSE,FALSE,2021,11,FALSE,TRUE,0.1199,0.6699,0.2,0,0.6931471806,0,0,0,89043,600,17808.6,120,FALSE
691179,Friends: The Reunion,2021-05-27,4.131,7.853,1276,FALSE,['HBO Max'],Ben Winston,['Documentary'],0,"['Jennifer Aniston', 'Courteney Cox', 'Lisa Kudrow']",104,3,FALSE,FALSE,2021,5,TRUE,FALSE,6.2181,0.0071,255.2,0,7.152268856,0,0,0,1320803,17183,264160.6,3436.6,TRUE
797884,Donny's Bar Mitzvah,2021-03-23,4.6821,6.2,5,FALSE,['Amazon Prime Video'],Jonathan Kaufman,['Comedy'],0,"['Steele Stebbins', 'Jeremy Tardy', 'Adrian Ciscato']",79,2,FALSE,FALSE,2021,3,FALSE,FALSE,0.4662,0.0214,1,0,1.791759469,0,0,0,4683,29,936.6,5.8,FALSE
618416,Penguin Bloom,2021-01-27,4.3312,6.9,327,FALSE,['Netflix'],Glendyn Ivin,['Drama'],0,"['Naomi Watts', 'Andrew Lincoln', 'Griffin Murray-Johnston']",95,6,FALSE,FALSE,2021,1,FALSE,FALSE,3.06,0.4939,65.4,0,5.793013608,0,0,0,489520,4244,97904,848.8,FALSE
623962,The Grand Duke Of Corsica,2021-10-15,3.2484,3.1,7,FALSE,['Amazon Prime Video'],Daniel Graham,"['Comedy', 'Drama', 'Adventure']",0,"['Peter Stormare', 'Timothy Spall', 'Olwen Catherine Kelly']",93,2,FALSE,FALSE,2021,10,FALSE,FALSE,3.7023,0.1781,1.4,0,2.079441542,0,0,0,53945,259,10789,51.8,FALSE
467909,In the Heights,2021-06-10,4.4823,7.112,765,TRUE,['Netflix'],Jon M. Chu,"['Drama', 'Romance']",55000000,"['Anthony Ramos', 'Corey Hawkins', 'Leslie Grace']",143,5,FALSE,FALSE,2021,6,TRUE,FALSE,2.8268,0.973,153,17.82284376,6.64118217,0,0,0,15118687,173702,3023737.4,34740.4,TRUE
836196,Denard: Anatomy of an Antihero,2021-05-28,4.1119,5.2,5,FALSE,['Amazon Prime Video'],Alan Delabie,['Action'],0,"['Alan Delabie', 'Abdel Qissi', 'Louis Mandylor']",80,0,FALSE,TRUE,2021,5,TRUE,FALSE,1.7301,0.2354,1,0,1.791759469,0,0,0,4959,15,991.8,3,FALSE
822141,All These Sons,2021-06-12,3.3927,0,0,FALSE,['Amazon Prime Video'],Bing Liu,['Documentary'],0,['N/A'],88,1,FALSE,FALSE,2021,6,TRUE,FALSE,0.2205,0.2847,0,0,0,0,0,0,0,6,0,1.2,FALSE
886771,Joy for Christmas,2021-12-19,4.028,6.2,25,FALSE,['Netflix'],Pat Williams,"['TV Movie', 'Comedy', 'Romance']",0,"['Cindy Busby', 'Sam Page', 'Erin Boyes']",84,3,FALSE,FALSE,2021,12,FALSE,TRUE,2.2845,0.0264,5,0,3.258096538,0,0,0,22271,99,4454.2,19.8,FALSE
410113,The Loud House Movie,2021-08-20,4.0564,7.3,194,FALSE,['Netflix'],Dave Needham,"['Animation', 'Family', 'Comedy', 'Adventure', 'Fantasy']",0,"['Asher Bishop', 'David Tennant', 'Michelle Gomez']",83,1,FALSE,TRUE,2021,8,TRUE,FALSE,2.7204,0.2081,38.8,0,5.272999559,0,0,0,2003380,22185,400676,4437,FALSE
756403,Riverdance: The Animated Adventure,2022-01-14,4.1263,6,98,FALSE,['Netflix'],Eamonn Butler,"['Animation', 'Fantasy', 'Music', 'Adventure', 'Comedy', 'Family']",0,"['Pierce Brosnan', 'Sam Hardy', 'Hannah Herman Cortes']",86,3,FALSE,FALSE,2022,1,FALSE,FALSE,5.1098,0.0629,24.5,0,4.59511985,0,0,0,426274,3174,106568.5,793.5,FALSE
800640,The Connection,2021-02-22,4.416,7,1,TRUE,['Amazon Prime Video'],Nicholas Naylor,['Science Fiction'],0,"['Zachary Vazquez', 'Laura Stetman', 'Brie Burke']",90,0,FALSE,FALSE,2021,2,FALSE,FALSE,0.2065,0.07,0.2,0,0.6931471806,0,0,0,117016,344,23403.2,68.8,FALSE
785533,The Princess Switch 3: Romancing the Star,2021-11-18,3.4002,6.8,452,FALSE,['Netflix'],Mike Rohl,"['Romance', 'Comedy']",0,"['Vanessa Hudgens', 'Remy Hii', 'Sam Palladio']",106,2,FALSE,TRUE,2021,11,FALSE,TRUE,3.9458,0.5626,90.4,0,6.115892125,0,0,0,2712389,63722,542477.8,12744.4,FALSE
503736,Army of the Dead,2021-05-14,3.8425,6.229,4269,FALSE,['Netflix'],Zack Snyder,"['Crime', 'Action', 'Horror']",90000000,"['Dave Bautista', 'Ella Purnell', 'Omari Hardwick']",148,1,FALSE,TRUE,2021,5,TRUE,FALSE,12.7097,4.897,853.8,18.31532024,8.359369106,0,0,0,18019539,234071,3603907.8,46814.2,TRUE
770254,Back to the Outback,2021-12-03,3.7958,7.6,765,FALSE,['Netflix'],Claire Knight,"['Family', 'Animation', 'Adventure', 'Comedy']",0,"['Isla Fisher', 'Tim Minchin', 'Eric Bana']",92,1,FALSE,FALSE,2021,12,FALSE,TRUE,10.9205,0.0599,153,0,6.64118217,100,1170,0.34,3626846,52072,725369.2,10414.4,FALSE
812654,Danger! Danger!,2021-03-15,4.002,3.3,3,FALSE,['Amazon Prime Video'],Nick Trivundza,"['Action', 'Adventure', 'Science Fiction']",0,"['Benedict Mazurek', 'Paul Haapaniemi', 'Angela Smeraldi']",76,2,FALSE,FALSE,2021,3,FALSE,FALSE,0.2338,0.0347,0.6,0,1.386294361,100,1982,0.6,13116,29,2623.2,5.8,TRUE
767499,The Manor,2021-10-08,4.0875,5.5,295,FALSE,['Amazon Prime Video'],Axelle Carolyn,"['Horror', 'Mystery']",0,"['Barbara Hershey', 'Nicholas Alexander', 'Bruce Davison']",81,3,FALSE,FALSE,2021,10,FALSE,FALSE,2.3355,0.5837,59,0,5.690359454,100,1007,0.12,667223,2960,133444.6,592,TRUE
785457,Afterlife of the Party,2021-09-02,4.1574,6.716,472,FALSE,['Netflix'],Stephen Herek,"['Fantasy', 'Comedy', 'Drama']",0,"['Victoria Justice', 'Midori Francis', 'Robyn Scott']",109,4,FALSE,FALSE,2021,9,FALSE,FALSE,3.2111,1.2155,94.4,0,6.159095388,100,609,0,3448594,73043,689718.8,14608.6,TRUE
540248,Here Are the Young Men,2021-04-27,3.8173,5.5,49,FALSE,['Amazon Prime Video'],Eoin Macken,['Drama'],0,"['Dean-Charles Chapman', 'Anya Taylor-Joy', 'Finn Cole']",96,8,FALSE,FALSE,2021,4,FALSE,FALSE,8.7648,1.7685,9.8,0,3.912023005,100,100,0,486556,4575,97311.2,915,FALSE
837693,The Jesus Music,2021-10-01,3.3867,7.3,6,TRUE,['Hulu'],Jon Erwin,"['Documentary', 'Music']",0,"['Michael W. Smith', 'Amy Grant', 'Kirk Franklin']",109,2,FALSE,FALSE,2021,10,FALSE,FALSE,0.3474,0.0071,1.2,0,1.945910149,100,603,0,434611,6494,86922.2,1298.8,FALSE
714995,The Manson Brothers: Midnight Zombie Massacre,2021-09-10,3.0146,4.6,16,TRUE,['Amazon Prime Video'],Max Martini,"['Horror', 'Action', 'Comedy']",1800000,"['Chris Margetis', 'Mike Carey', 'Adrian Pasdar']",92,1,FALSE,FALSE,2021,9,FALSE,FALSE,1.6938,1.5798,3.2,14.40329778,2.833213344,0,0,0,31793,132,6358.6,26.4,FALSE
686548,Son of the South,2021-02-05,3.7544,6.5,147,FALSE,['Hulu'],Barry Alexander Brown,"['History', 'Drama']",0,"['Lucas Till', 'Julia Ormond', 'Brian Dennehy']",104,6,FALSE,FALSE,2021,2,FALSE,FALSE,3.0502,0.1472,29.4,0,4.997212274,100,481,0,287688,1187,57537.6,237.4,FALSE
795859,kid 90,2021-03-12,3.5425,7.1,55,FALSE,['Hulu'],Soleil Moon Frye,['Documentary'],0,"['Soleil Moon Frye', 'David Arquette', 'Stephen Dorff']",71,2,FALSE,FALSE,2021,3,FALSE,FALSE,2.7288,1.1129,11,0,4.025351691,100,171,0,1015420,13939,203084,2787.8,FALSE
1000238,Magic in Mount Holly,2021-11-16,3.3652,6.3,3,TRUE,['Amazon Prime Video'],Candice T. Cain,['Romance'],0,"['Cody Calafiore', 'Taryn Hacker', 'Carrie Genzel']",75,2,FALSE,FALSE,2021,11,FALSE,TRUE,0.7834,0.6699,0.6,0,1.386294361,0,0,0,5039,17,1007.8,3.4,FALSE
1022634,The Calling,2021-10-15,3.902,0,0,FALSE,['Amazon Prime Video'],Corey Norman,['Horror'],0,"['Brian Chamberlain', 'Casey Turner', 'Anne Bobby']",71,0,FALSE,FALSE,2021,10,FALSE,FALSE,0.5735,0.1516,0,0,0,100,921,0,1032307,1503,206461.4,300.6,TRUE
857446,Fourth Grade,2023-07-14,4.3623,3.8,5,FALSE,['Amazon Prime Video'],Marcelo Galvão,"['Drama', 'Comedy']",0,"['William Baldwin', 'Teri Polo', 'Ben Begley']",80,2,FALSE,FALSE,2023,7,TRUE,FALSE,2.7754,0.05,1.666666667,0,1.791759469,0,0,0,2494,10,831.3333333,3.333333333,FALSE
810011,All Those Small Things,2021-04-09,3.4376,6.8,4,FALSE,['Amazon Prime Video'],Andrew Hyatt,['Drama'],0,"['James Faulkner', 'Gloria Laino', 'Kerry Knuppe']",107,3,FALSE,FALSE,2021,4,FALSE,FALSE,1.5813,0.2165,0.8,0,1.609437912,100,100,0,7569,32,1513.8,6.4,FALSE
877183,The Simpsons in Plusaversary,2021-11-12,3.4954,6.5,424,FALSE,['Disney Plus'],David Silverman,"['Animation', 'Comedy', 'Fantasy']",0,"['Dan Castellaneta', 'Nancy Cartwright', 'Yeardley Smith']",4,2,FALSE,FALSE,2021,11,FALSE,TRUE,2.2038,0.623,84.8,0,6.052089169,0,0,0,91369,770,18273.8,154,FALSE
795617,Our Father,2021-03-17,4.2814,5,1,FALSE,['Amazon Prime Video'],Bradley Grant Smith,"['Comedy', 'Drama']",0,"['Baize Buzan', 'Allison Torem', 'Austin Pendleton']",96,3,FALSE,FALSE,2021,3,FALSE,FALSE,1.16,0.0832,0.2,0,0.6931471806,0,0,0,3954492,50530,790898.4,10106,FALSE
449406,Vivo,2021-07-30,3.334,7.259,740,FALSE,['Netflix'],Kirk DeMicco,"['Animation', 'Family', 'Comedy']",0,"['Lin-Manuel Miranda', 'Ynairaly Simo', 'Zoe Saldaña']",96,5,TRUE,FALSE,2021,7,TRUE,FALSE,9.7002,0.5592,148,0,6.608000625,100,756,0.1,9191032,25555,1838206.4,5111,TRUE
760875,The Devil Below,2021-03-05,3.8186,4.608,126,TRUE,['Amazon Prime Video'],Bradley Parker,"['Horror', 'Thriller']",0,"['Alicia Sanz', 'Adan Canto', 'Will Patton']",89,2,FALSE,FALSE,2021,3,FALSE,FALSE,3.4488,0.3369,25.2,0,4.844187086,100,612,0,686480,2325,137296,465,FALSE
680885,The Mimic,2021-02-05,3.7451,4.1,7,TRUE,['Amazon Prime Video'],Thomas F. Mazziotti,['Comedy'],0,"['Thomas Sadoski', 'Jake Robinson', 'Austin Pendleton']",81,3,FALSE,FALSE,2021,2,FALSE,FALSE,1.16,0.0261,1.4,0,2.079441542,100,293,0,339818,2368,67963.6,473.6,FALSE
634528,The Marksman,2021-01-15,3.3634,6.799,1689,TRUE,['Netflix'],Robert Lorenz,"['Action', 'Drama', 'Thriller']",23000000,"['Liam Neeson', 'Jacob Perez', 'Katheryn Winnick']",108,5,FALSE,FALSE,2021,1,FALSE,FALSE,7.7553,0.3384,337.8,16.95100482,7.432483808,0,0,0,1911649,6546,382329.8,1309.2,FALSE
664236,Extinct,2021-11-19,3.2707,6.2,180,FALSE,['Netflix'],David Silverman,"['Animation', 'Comedy', 'Family', 'Adventure']",0,"['Adam Devine', 'Rachel Bloom', 'Zazie Beetz']",84,5,FALSE,FALSE,2021,11,FALSE,TRUE,3.2852,0.623,36,0,5.198497031,100,785,0,376796,1537,75359.2,307.4,FALSE
645886,The Unforgivable,2021-11-24,3.445,7.414,1948,FALSE,['Netflix'],Nora Fingscheidt,"['Drama', 'Crime']",0,"['Sandra Bullock', 'Viola Davis', ""Vincent D'Onofrio""]",112,4,FALSE,FALSE,2021,11,FALSE,TRUE,9.0723,0.2278,389.6,0,7.5750717,100,571,0.13,10723733,109132,2144746.6,21826.4,TRUE
779047,Us Again,2021-03-05,4.1638,7.8,340,TRUE,['Disney Plus'],Zach Parrish,"['Animation', 'Drama', 'Family', 'Romance']",0,['N/A'],7,2,TRUE,FALSE,2021,3,FALSE,FALSE,0.2205,0.839,68,0,5.831882477,0,0,0,4039264,101391,807852.8,20278.2,FALSE
844636,Jungle Run,2021-06-24,3.8389,5.9,105,FALSE,['Amazon Prime Video'],Noah Luke,"['Adventure', 'Action']",0,"['Richard Grieco', 'Alyson Gorske', 'Jamie Petitto']",86,1,FALSE,FALSE,2021,6,TRUE,FALSE,1.0047,0.3565,21,0,4.663439094,100,331,0,123926,410,24785.2,82,FALSE
889924,Aida Rodriguez: Fighting Words,2021-11-04,3.9387,8,2,FALSE,['HBO Max'],Nadia Hallgren,['Comedy'],0,['Aida Rodríguez'],63,1,FALSE,FALSE,2021,11,FALSE,TRUE,0.2215,0.3579,0.4,0,1.098612289,0,0,0,48047,847,9609.4,169.4,FALSE
809929,Aquarium of the Dead,2021-05-21,3.5576,5.192,78,FALSE,['Amazon Prime Video'],Glenn Miller,"['Horror', 'Action', 'Comedy']",0,"['Vivica A. Fox', 'Eva Ceja', 'D. C. Douglas']",86,1,FALSE,TRUE,2021,5,TRUE,FALSE,1.9052,0,15.6,0,4.369447852,100,100,0,543864,3655,108772.8,731,FALSE
878410,Much Ado About Christmas,2021-10-30,3.1903,6.16,25,FALSE,['Amazon Prime Video'],Michael Damian,"['TV Movie', 'Comedy', 'Romance']",0,"['Torrance Coombs', 'Susie Abromeit', 'Jacinta Mulcahy']",85,3,FALSE,FALSE,2021,10,FALSE,FALSE,1.3031,0.0143,5,0,3.258096538,0,0,0,22563,102,4512.6,20.4,FALSE
809208,Dolly Parton: A MusiCares Tribute,2021-04-07,2.6562,6.7,16,FALSE,['Netflix'],Christian Lamb,"['Documentary', 'Music']",0,"['Dolly Parton', 'Willie Nelson', 'Miley Cyrus']",55,0,FALSE,FALSE,2021,4,FALSE,FALSE,2.3282,0,3.2,0,2.833213344,0,0,0,158747,1157,31749.4,231.4,FALSE
637201,American Sausage Standoff,2021-08-27,3.8377,5,10,FALSE,['Amazon Prime Video'],Ulrich Thomsen,['Comedy'],0,"['Antony Starr', 'Ewen Bremner', 'W. Earl Brown']",107,1,FALSE,FALSE,2021,8,TRUE,FALSE,4.2193,1.9727,2,0,2.397895273,0,0,0,60765,632,12153,126.4,FALSE
864390,Mickey and Minnie Wish Upon a Christmas,2021-12-02,3.1206,6.997,168,FALSE,['Disney Plus'],Broni Likomanov,"['Animation', 'TV Movie', 'Comedy', 'Family']",0,"['Bret Iwan', 'Kaitlyn Robrock', 'Bill Farmer']",47,2,FALSE,FALSE,2021,12,FALSE,TRUE,0.797,0.1166,33.6,0,5.129898715,0,0,0,326622,952,65324.4,190.4,FALSE
482373,Don't Breathe 2,2021-08-13,3.2296,7.019,2733,TRUE,['Hulu'],Rodo Sayagues,"['Thriller', 'Horror']",15000000,"['Stephen Lang', 'Madelyn Grace', 'Brendan Sexton III']",98,5,FALSE,TRUE,2021,8,TRUE,FALSE,7.1514,0.3722,546.6,16.52356083,7.913521017,100,1218,0.28,29804815,212166,5960963,42433.2,TRUE
796499,Army of Thieves,2021-10-27,3.4171,6.817,2190,FALSE,['Netflix'],Matthias Schweighöfer,"['Action', 'Crime', 'Comedy']",30000000,"['Matthias Schweighöfer', 'Nathalie Emmanuel', 'Ruby O. Fee']",127,3,FALSE,TRUE,2021,10,FALSE,FALSE,5.0179,2.6028,438,17.21670797,7.69211334,100,962,0.08,4711397,54941,942279.4,10988.2,TRUE
672026,The Light Touch,2021-07-17,3.7603,3.7,11,FALSE,['Amazon Prime Video'],Robert MacLean,"['Comedy', 'Romance']",0,"['Tess Spentzos', 'Skyrah Archer', 'Antonia Bogdanovich']",100,0,FALSE,FALSE,2021,7,TRUE,FALSE,0.3365,0.0993,2.2,0,2.48490665,100,171,0,871,0,174.2,0,FALSE
790803,The Nest,2021-07-20,3.5707,5.2,48,FALSE,['Amazon Prime Video'],James Suttles,"['Horror', 'Thriller']",0,"['Dee Wallace', 'Sarah Navratil', 'Kevin Patrick Murphy']",100,0,FALSE,FALSE,2021,7,TRUE,FALSE,3.7874,0.0964,9.6,0,3.891820298,100,1843,0.7,751957,1941,150391.4,388.2,FALSE
619297,Sweet Girl,2021-08-18,3.6303,6.6,1251,FALSE,['Netflix'],Brian Andrew Mendoza,"['Action', 'Thriller', 'Drama']",0,"['Jason Momoa', 'Isabela Merced', 'Manuel Garcia-Rulfo']",110,3,FALSE,FALSE,2021,8,TRUE,FALSE,9.9195,0.4938,250.2,0,7.132497552,100,1069,0.11,7343949,97955,1468789.8,19591,TRUE
661020,Adverse,2021-02-12,3.5969,4.8,45,TRUE,['Amazon Prime Video'],Brian A. Metcalf,"['Crime', 'Thriller']",0,"['Thomas Ian Nicholas', 'Mickey Rourke', 'Penelope Ann Miller']",94,3,FALSE,FALSE,2021,2,FALSE,FALSE,3.4532,0.6205,9,0,3.828641396,100,981,0.88,5429,13,1085.8,2.6,FALSE
899382,Christmas Is Canceled,2021-12-16,3.7082,5.4,97,FALSE,['Amazon Prime Video'],Prarthana Mohan,"['Comedy', 'Romance']",0,"['Hayley Orrantia', 'Dermot Mulroney', 'Janel Parrish']",95,5,FALSE,FALSE,2021,12,FALSE,TRUE,4.5568,0.1057,19.4,0,4.584967479,0,0,0,213997,555,42799.4,111,FALSE
785539,Resort to Love,2021-07-29,2.3348,7.2,422,FALSE,['Netflix'],Steven K. Tsuchida,"['Romance', 'Comedy']",0,"['Christina Milian', 'Jay Pharoah', 'Sinqua Walls']",101,2,FALSE,FALSE,2021,7,TRUE,FALSE,1.688,0.1792,84.4,0,6.047372179,100,1019,0,1743567,25505,348713.4,5101,FALSE
571286,Mondo Hollywoodland,2021-08-03,4.1379,6.1,6,FALSE,['Amazon Prime Video'],Janek Ambros,"['Comedy', 'Science Fiction']",10000,"['Chris Blim', 'Alex Loynaz', 'Jessica Jade Andres']",104,2,FALSE,FALSE,2021,8,TRUE,FALSE,0.7556,0.1896,1.2,9.210440367,1.945910149,100,100,0,24735,55,4947,11,FALSE
888491,Juice WRLD: Into the Abyss,2021-11-12,3.0193,7.9,17,FALSE,['HBO Max'],Tommy Oliver,"['Documentary', 'Music']",0,"['Juice WRLD', 'Ally Lotti', 'Benny Blanco']",110,4,FALSE,FALSE,2021,11,FALSE,TRUE,2.3165,0.1646,3.4,0,2.890371758,0,0,0,74429,1737,14885.8,347.4,FALSE
801709,Valley of the Kings: The Lost Tombs,2021-02-28,3.1945,7.7,3,FALSE,['HBO Max'],Caterina Turroni,['Documentary'],0,['Zahi Hawass'],89,1,FALSE,FALSE,2021,2,FALSE,FALSE,0.4108,0.0758,0.6,0,1.386294361,0,0,0,19815,172,3963,34.4,FALSE
880550,Miracle in Motor City,2021-11-28,3.4777,5,8,FALSE,['Amazon Prime Video'],Alfons Adetuyi,"['TV Movie', 'Drama', 'Romance']",0,"['Tia Mowry', 'Mark Taylor', 'Smokey Robinson']",85,1,FALSE,FALSE,2021,11,FALSE,TRUE,1.4114,0.2606,1.6,0,2.197224577,100,100,0,195,0,39,0,FALSE
534038,Faraway Eyes,2020-03-07,4.2401,4.7,35,FALSE,['Amazon Prime Video'],Harry Greenberger,"['Fantasy', 'Comedy', 'Romance']",0,"['Andy Karl', 'Christina Ricci', 'Nora Arnezeder']",121,2,FALSE,FALSE,2020,3,FALSE,FALSE,4.2967,0.0479,5.833333333,0,3.583518938,0,0,0,1920,13,320,2.166666667,FALSE
468225,The Starling,2021-09-17,3.8212,6.928,304,FALSE,['Netflix'],Theodore Melfi,['Drama'],0,"['Melissa McCarthy', ""Chris O'Dowd"", 'Kevin Kline']",102,3,FALSE,FALSE,2021,9,FALSE,FALSE,2.8558,0.6915,60.8,0,5.720311777,0,0,0,2587019,41440,517403.8,8288,FALSE
979051,End of Term,2021-10-12,3.1127,0,0,FALSE,['Amazon Prime Video'],Mat Menony,"['Horror', 'Thriller']",0,"['Peter Davison', 'Nicola Posener', 'Julie Graham']",96,0,FALSE,FALSE,2021,10,FALSE,FALSE,2.1619,0.1503,0,0,0,0,0,0,1430,6,286,1.2,FALSE
1102712,Mister Mayfair: The Spyce of Life,2021-12-10,3.3972,0,0,FALSE,['Amazon Prime Video'],Philippe Martinez,"['Action', 'Crime', 'Thriller']",0,"['Armand Assante', 'Steven Bauer', 'Nathalie Cox']",90,0,FALSE,FALSE,2021,12,FALSE,TRUE,2.9114,0.1331,0,0,0,0,0,0,10155,25,2031,5,FALSE
758506,Last of the Grads,2021-12-03,3.2423,3.4,8,FALSE,['Amazon Prime Video'],Jay Jenkins,"['Horror', 'Thriller']",0,"['Jessica Lang', 'Jadon Cal', 'Charles White Jr.']",113,1,FALSE,FALSE,2021,12,FALSE,TRUE,2.6991,0.0524,1.6,0,2.197224577,0,0,0,247399,7120,49479.8,1424,FALSE
695576,A Soldier's Revenge,2020-06-16,3.7391,5.1,20,FALSE,['Amazon Prime Video'],Michael Feifer,['Western'],5000000,"['Neal Bledsoe', 'Rob Mayes', 'Val Kilmer']",140,2,FALSE,FALSE,2020,6,TRUE,FALSE,2.0035,0.341,3.333333333,15.42494867,3.044522438,0,0,0,236897,550,39482.83333,91.66666667,FALSE
850654,Marlon Wayans: You Know What It Is,2021-08-19,2.2896,5.3,10,FALSE,['HBO Max'],Marlon Wayans,['Comedy'],0,['Marlon Wayans'],58,2,FALSE,FALSE,2021,8,TRUE,FALSE,4.452,4.452,2,0,2.397895273,0,0,0,62649,882,12529.8,176.4,FALSE
885294,Between Forever,2021-06-15,2.9861,5.5,2,FALSE,['Amazon Prime Video'],,"['Romance', 'Drama']",0,"['Tiona Bland', 'Brittney Ayona Clemons', 'Lawrence Elisalde']",83,3,FALSE,FALSE,2021,6,TRUE,FALSE,0.084,0,0.4,0,1.098612289,0,0,0,861,2,172.2,0.4,FALSE
795088,Save the Wedding,2021-04-02,3.1762,6.1,20,FALSE,['Amazon Prime Video'],Jake Helgren,"['Romance', 'TV Movie']",85,"['Kasey Landoll', 'Travis Burns', 'Chloe Wick']",81,2,FALSE,FALSE,2021,4,FALSE,FALSE,0.746,0.319,4,4.454347296,3.044522438,0,0,0,119551,746,23910.2,149.2,FALSE
787723,13 Minutes,2021-10-29,3.0868,5.85,243,TRUE,"['Amazon Prime Video', 'Hulu']",Lindsay Gossling,"['Action', 'Drama', 'Thriller']",0,"['Trace Adkins', 'Anne Heche', 'Yancey Arias']",109,2,FALSE,FALSE,2021,10,FALSE,FALSE,2.2628,0.0616,48.6,0,5.497168225,0,0,0,1359247,7962,271849.4,1592.4,FALSE
595743,SAS: Red Notice,2021-03-16,3.2406,5.782,570,FALSE,['Hulu'],Magnus Martens,"['Drama', 'Action', 'Thriller']",0,"['Sam Heughan', 'Ruby Rose', 'Andy Serkis']",120,11,FALSE,FALSE,2021,3,FALSE,FALSE,4.0928,0.2685,114,0,6.34738921,100,1314,0,329489,1008,65897.8,201.6,FALSE
894584,The Beauty of Love,2021-10-10,3.4198,6.45,20,FALSE,['Amazon Prime Video'],Lindsay Hartley,"['TV Movie', 'Comedy', 'Romance', 'Family']",0,"['Katerina Eichenberger', 'Jonathan Stoddard', 'Lindsay Hartley']",85,3,FALSE,FALSE,2021,10,FALSE,FALSE,1.8448,0.8815,4,0,3.044522438,0,0,0,222244,2746,44448.8,549.2,FALSE
785179,Battle in Space: The Armada Attacks,2021-01-12,3.2187,5,8,FALSE,['Amazon Prime Video'],Lukas Kendall,['Science Fiction'],0,"['Doug Jones', 'Jess Gabor', 'Trip Hope']",90,0,FALSE,FALSE,2021,1,FALSE,FALSE,2.3063,0,1.6,0,2.197224577,0,0,0,255721,777,51144.2,155.4,FALSE
743532,The Translator,2021-04-09,3.1583,5.7,9,FALSE,['Amazon Prime Video'],Anas Khalaf,['Thriller'],0,"['Ziad Bakri', 'Yumna Marwan', 'David Field']",105,10,FALSE,FALSE,2021,4,FALSE,FALSE,1.2298,0.3544,1.8,0,2.302585093,0,0,0,711173,2702,142234.6,540.4,FALSE
649394,Worth,2021-09-03,3.556,6.703,359,FALSE,['Netflix'],Sara Colangelo,"['History', 'Drama']",0,"['Michael Keaton', 'Amy Ryan', 'Stanley Tucci']",118,9,FALSE,FALSE,2021,9,FALSE,FALSE,4.0184,0.1464,71.8,0,5.886104031,0,0,0,1159318,9855,231863.6,1971,FALSE
805411,Descendants: The Royal Wedding,2021-08-13,3.2594,6.7,162,FALSE,['Disney Plus'],Salvador Simó,"['Animation', 'Family', 'Comedy', 'Drama']",0,"['Dove Cameron', 'Sofia Carson', 'Booboo Stewart']",22,2,FALSE,FALSE,2021,8,TRUE,FALSE,6.136,0.5407,32.4,0,5.093750201,0,0,0,5274923,89879,1054984.6,17975.8,FALSE
879879,Spider in the Attic,2021-09-19,3.2524,3.1,8,FALSE,['Amazon Prime Video'],Scott Chambers,['Horror'],0,"['Sarah Alexandra Marks', 'Nicola Wright', 'Chelsea Greenwood']",82,2,FALSE,FALSE,2021,9,FALSE,FALSE,0.8271,0.0885,1.6,0,2.197224577,0,0,0,327111,2073,65422.2,414.6,FALSE
852724,A Spark Story,2021-09-24,2.9623,6.4,13,FALSE,['Disney Plus'],Jason Sterman,['Documentary'],0,"['Pete Docter', 'Louis Gonzales', 'Aphton Corbin']",87,1,FALSE,FALSE,2021,9,FALSE,FALSE,1.198,0.2328,2.6,0,2.63905733,0,0,0,99652,1407,19930.4,281.4,FALSE
680058,The Rescue,2021-10-08,3.0677,7.964,248,TRUE,['Disney Plus'],Jimmy Chin,"['Documentary', 'Drama']",0,"['Jim Warny', 'Thanet Natisri', 'John Volanthen']",107,8,FALSE,FALSE,2021,10,FALSE,FALSE,0.2555,0.0143,49.6,0,5.517452896,100,1219,0.24,1490067,18581,298013.4,3716.2,FALSE
1296221,Matt Rife: Only Fans,2021-12-17,3.537,6.7,9,FALSE,['Amazon Prime Video'],Matt Rife,['Comedy'],0,['Matt Rife'],68,0,FALSE,FALSE,2021,12,FALSE,TRUE,1.155,1.155,1.8,0,2.302585093,0,0,0,18446376,311123,3689275.2,62224.6,FALSE
876644,The Alternate,2021-09-11,2.3862,4.154,13,FALSE,['Amazon Prime Video'],Alrik Bursell,"['Science Fiction', 'Thriller']",0,"['Natalia Dominguez', 'Ed Gonzalez Moreno', 'Syra McCarthy']",87,1,FALSE,FALSE,2021,9,FALSE,FALSE,0.1758,0.0707,2.6,0,2.63905733,100,100,0,24103,61,4820.6,12.2,FALSE
820896,Saving Paradise,2021-09-03,3.6243,5.9,18,FALSE,['Amazon Prime Video'],Jay Silverman,"['Drama', 'Romance']",0,"['William Moseley', 'Johanna Braddy', 'Mimi Kennedy']",102,2,FALSE,FALSE,2021,9,FALSE,FALSE,2.9086,0.1114,3.6,0,2.944438979,100,287,0,36821,89,7364.2,17.8,FALSE
800497,Werewolves Within,2021-06-25,2.491,6.035,597,FALSE,['Hulu'],Josh Ruben,"['Horror', 'Comedy']",6500000,"['Sam Richardson', 'Milana Vayntrub', 'George Basil']",97,2,FALSE,FALSE,2021,6,TRUE,FALSE,4.5515,0.7528,119.4,15.68731289,6.393590754,0,0,0,4451991,9219,890398.2,1843.8,FALSE
821390,The Retreat,2021-05-21,3.2964,4.985,67,FALSE,['Amazon Prime Video'],Pat Mills,"['Thriller', 'Horror']",0,"['Tommie-Amber Pirie', 'Sarah Allen', 'Rossif Sutherland']",82,6,FALSE,FALSE,2021,5,TRUE,FALSE,2.2066,0.1074,13.4,0,4.219507705,100,831,0,449250,3011,89850,602.2,FALSE
879062,Grave Intentions,2021-10-15,3.5028,4.4,8,FALSE,['Amazon Prime Video'],Lukas Hassel,['Horror'],25000,"['Astarte Abraham', 'Johanah Basanta', 'Paw Aya Bugarin']",88,2,FALSE,FALSE,2021,10,FALSE,FALSE,0.0214,0.8614,1.6,10.1266711,2.197224577,100,161,0,57402,248,11480.4,49.6,FALSE
614917,King Richard,2021-11-19,3.5471,7.612,2718,TRUE,['Netflix'],Reinaldo Marcus Green,"['Drama', 'History']",50000000,"['Will Smith', 'Aunjanue Ellis-Taylor', 'Saniyya Sidney']",144,4,FALSE,FALSE,2021,11,FALSE,TRUE,5.1275,0.4651,543.6,17.72753358,7.908019445,100,967,0.12,18554481,63574,3710896.2,12714.8,TRUE
510510,The Village in the Woods,2019-10-14,2.5725,5,10,FALSE,['Amazon Prime Video'],Raine McCormack,"['Horror', 'Thriller']",0,"['Phill Martin', 'Richard Hope', 'Rebecca Johnson']",82,3,FALSE,FALSE,2019,10,FALSE,FALSE,0.2635,0,1.428571429,0,2.397895273,100,326,0,122995,512,17570.71429,73.14285714,FALSE
770593,Rebuilding a Dream Christmas,2021-12-23,2.7205,5.7,17,FALSE,['Hulu'],Sandra L. Martin,"['Romance', 'TV Movie']",0,"['Meggan Kaiser', 'Ashton Leigh', 'Zane Stephens']",84,0,FALSE,FALSE,2021,12,FALSE,TRUE,0.7578,0.4066,3.4,0,2.890371758,100,100,0,6423,35,1284.6,7,FALSE
583689,Moxie,2021-03-03,2.7637,7.2,833,FALSE,['Netflix'],Amy Poehler,"['Comedy', 'Drama', 'Music']",0,"['Hadley Robinson', 'Lauren Tsai', 'Alycia Pascual-Peña']",110,1,FALSE,FALSE,2021,3,FALSE,FALSE,0.9772,1.5514,166.6,0,6.726233402,100,986,0.07,2485394,44765,497078.8,8953,TRUE
837214,Scenes from an Empty Church,2021-06-24,3.3415,3,2,FALSE,['Amazon Prime Video'],Onur Tukel,['Drama'],0,"['Kevin Corrigan', 'Max Casella', 'Thomas Jay Ryan']",98,0,FALSE,FALSE,2021,6,TRUE,FALSE,1.8228,0.6151,0.4,0,1.098612289,0,0,0,11034,114,2206.8,22.8,FALSE
656991,Wild Indian,2021-09-03,3.2833,5.4,45,FALSE,['Amazon Prime Video'],Lyle Mitchell Corbine Jr.,"['Crime', 'Drama', 'Thriller']",20000000,"['Michael Greyeyes', 'Chaske Spencer', 'Kate Bosworth']",90,5,FALSE,FALSE,2021,9,FALSE,FALSE,3.1997,0.0379,9,16.81124288,3.828641396,0,0,0,213283,812,42656.6,162.4,FALSE
1020279,Tomorrow's Today,2021-04-03,2.874,0,0,FALSE,['Amazon Prime Video'],Timothy Hines,['Comedy'],0,"['Kelly LeBrock', 'Burt Young', 'Susan Goforth']",83,0,FALSE,FALSE,2021,4,FALSE,FALSE,3.0014,0.0896,0,0,0,0,0,0,56603,1172,11320.6,234.4,FALSE
862582,Untold: Breaking Point,2021-09-07,3.349,7.5,46,FALSE,['Netflix'],Maclain Way,['Documentary'],0,"['Mardy Fish', 'Andy Roddick', 'Andre Agassi']",79,4,FALSE,FALSE,2021,9,FALSE,FALSE,0.3396,0.1335,9.2,0,3.850147602,100,100,0,203459,2076,40691.8,415.2,FALSE
484718,Coming 2 America,2021-03-04,3.2129,6.365,2322,FALSE,['Amazon Prime Video'],Craig Brewer,['Comedy'],60000000,"['Eddie Murphy', 'Arsenio Hall', 'Jermaine Fowler']",108,4,TRUE,TRUE,2021,3,FALSE,FALSE,4.4116,0.6395,464.4,17.90985514,7.750614733,100,562,0.05,22140869,30754,4428173.8,6150.8,TRUE
797313,Paranormal Prison,2021-02-19,3.7212,4,6,FALSE,['Amazon Prime Video'],Brian Jaggers,"['Thriller', 'Horror', 'Comedy']",0,"['Todd Haberkorn', 'Paris Warner', 'Don Shanks']",70,1,FALSE,FALSE,2021,2,FALSE,FALSE,0.536,0.063,1.2,0,1.945910149,0,0,0,8115,31,1623,6.2,FALSE
889106,The Falconer,2021-10-07,2.9714,6.333,3,FALSE,['Amazon Prime Video'],Adam Sjöberg,['Drama'],0,"['Rupert Fennessy', 'Rami Zahar', 'Khamis Al-Rawahi']",100,1,FALSE,FALSE,2021,10,FALSE,FALSE,0.0497,0.0937,0.6,0,1.386294361,0,0,0,41683,213,8336.6,42.6,FALSE
763240,Sugar Daddy,2021-04-09,3.6951,6.4,50,FALSE,['Amazon Prime Video'],Wendy Morgan,['Drama'],0,"['Kelly McCormack', 'Amanda Brugel', 'Colm Feore']",100,3,FALSE,FALSE,2021,4,FALSE,FALSE,2.1197,0.0256,10,0,3.931825633,100,392,0,114402,246,22880.4,49.2,FALSE
880934,Saying Yes to Christmas,2021-11-30,3.1574,5.4,12,FALSE,['Amazon Prime Video'],Graeme Campbell,"['Drama', 'TV Movie', 'Romance']",0,"['Erika Prevost', 'Romaine Waite', 'Zoe Doyle']",85,3,FALSE,FALSE,2021,11,FALSE,TRUE,0.5407,0.3294,2.4,0,2.564949357,0,0,0,409,5,81.8,1,FALSE
599281,Fear of Rain,2021-02-12,2.2799,6.921,548,TRUE,['Amazon Prime Video'],Castille Landon,"['Thriller', 'Horror', 'Drama']",0,"['Madison Iseman', 'Israel Broussard', 'Eugenie Bondurant']",109,6,FALSE,FALSE,2021,2,FALSE,FALSE,2.0107,0.2712,109.6,0,6.308098442,100,1135,0.17,1531363,7132,306272.6,1426.4,FALSE
786798,Alpha Rift,2021-11-19,3.4504,4.6,11,FALSE,['Amazon Prime Video'],Dan Lantz,"['Science Fiction', 'Action', 'Fantasy']",0,"['Aaron Dalla Villa', 'Lance Henriksen', 'Rachel Nielsen']",94,0,FALSE,FALSE,2021,11,FALSE,TRUE,2.6931,2.869,2.2,0,2.48490665,0,0,0,167929,294,33585.8,58.8,FALSE
874728,The Secret of Sinchanee,2021-10-08,3.2952,6,42,FALSE,['Amazon Prime Video'],Steven Grayhm,['Horror'],0,"['Steven Grayhm', 'Tamara Austin', 'Laila Lockhart Kraner']",115,0,FALSE,FALSE,2021,10,FALSE,FALSE,1.3168,0.9815,8.4,0,3.761200116,100,166,0,185559,1207,37111.8,241.4,FALSE
800319,The Dead of Night,2021-03-09,2.871,3.4,16,FALSE,['Amazon Prime Video'],Robert Dean,"['Thriller', 'Horror']",0,"['Jake Etheridge', 'Colby Crain', 'Leah Bezozo']",90,0,FALSE,FALSE,2021,3,FALSE,FALSE,0.1248,0.2407,3.2,0,2.833213344,100,543,0,198071,608,39614.2,121.6,FALSE
866462,Megalodon Rising,2021-08-27,3.4854,5.795,139,FALSE,['Amazon Prime Video'],Brian Nowak,"['Action', 'Science Fiction']",0,"['Tom Sizemore', ""O'Shay Neal"", 'Wynter Eddins']",86,1,FALSE,TRUE,2021,8,TRUE,FALSE,1.5345,0.2758,27.8,0,4.941642423,100,205,0,691321,2298,138264.2,459.6,FALSE
803689,The Gig Is Up,2021-08-14,2.4618,7.2,6,FALSE,['Amazon Prime Video'],Shannon Walsh,['Documentary'],0,['N/A'],88,0,FALSE,FALSE,2021,8,TRUE,FALSE,0.2205,0.1047,1.2,0,1.945910149,0,0,0,4606,49,921.2,9.8,FALSE
591275,Fear Street: 1666,2021-07-14,3.5965,7.092,1908,FALSE,['Netflix'],Leigh Janiak,"['Mystery', 'Horror']",0,"['Kiana Madeira', 'Benjamin Flores Jr.', 'Olivia Scott Welch']",115,1,FALSE,TRUE,2021,7,TRUE,FALSE,1.3313,0.6309,381.6,0,7.554334824,100,294,0,1079093,20319,215818.6,4063.8,TRUE
754848,DMX: Don't Try to Understand,2021-11-13,2.5442,6.7,9,FALSE,['HBO Max'],Christopher Frierson,"['Documentary', 'Music']",0,['DMX'],79,6,FALSE,FALSE,2021,11,FALSE,TRUE,1.4126,0.0352,1.8,0,2.302585093,0,0,0,183983,3310,36796.6,662,FALSE
795852,The Lost Sons,2021-03-16,2.958,6.333,3,FALSE,['HBO Max'],Ursula Macfarlane,['Documentary'],0,['Paul Fronczak'],98,3,FALSE,FALSE,2021,3,FALSE,FALSE,0.0899,0.1337,0.6,0,1.386294361,0,0,0,20044,131,4008.8,26.2,FALSE
796989,Death Saved My Life,2021-02-13,2.2101,7.3,34,FALSE,['Hulu'],Seth Jarrett,"['Drama', 'Thriller', 'TV Movie']",0,"['Meagan Good', 'Chiké Okonkwo', ""La'Myia Good""]",87,4,FALSE,FALSE,2021,2,FALSE,FALSE,2.709,0.097,6.8,0,3.555348061,100,481,0.2,549664,2711,109932.8,542.2,FALSE
638597,YES DAY,2021-03-12,3.4641,6.7,1261,FALSE,['Netflix'],Miguel Arteta,"['Family', 'Comedy']",0,"['Jennifer Garner', 'Edgar Ramírez', 'Jenna Ortega']",86,2,FALSE,FALSE,2021,3,FALSE,FALSE,14.3835,0.794,252.2,0,7.140453043,100,794,0.09,2760813,20270,552162.6,4054,TRUE
884622,A Match Made at Christmas,2021-11-01,2.3534,4.7,13,FALSE,['Amazon Prime Video'],Annie Poling Swet,"['Romance', 'Comedy', 'Family']",0,"['Micah Lynn Hanson', 'Aubrey Shimek Davis', 'Jared Hernandez']",114,1,FALSE,FALSE,2021,11,FALSE,TRUE,0.4987,0,2.6,0,2.63905733,0,0,0,19446,181,3889.2,36.2,FALSE
920643,Who is Amos Otis?,2021-12-27,2.4108,0,0,FALSE,['Amazon Prime Video'],Greg Newberry,"['Drama', 'Thriller']",0,"['Josh Katawick', 'Rico Reid', 'Michael G. Bath']",103,2,FALSE,FALSE,2021,12,FALSE,TRUE,0.0538,0.0168,0,0,0,0,0,0,14081,38,2816.2,7.6,FALSE
812456,Barbie & Chelsea: The Lost Birthday,2021-04-16,2.8603,7,129,FALSE,['Netflix'],Cassi Simonds,"['Animation', 'Family']",0,"['Cassidy Naber', 'America Young', 'Cassandra Lee Morris']",60,1,FALSE,FALSE,2021,4,FALSE,FALSE,0.8126,0.0621,25.8,0,4.86753445,0,0,0,68453,350,13690.6,70,FALSE
607259,Fatherhood,2021-06-18,3.2872,7.508,1482,FALSE,['Netflix'],Paul Weitz,"['Drama', 'Comedy']",0,"['Kevin Hart', 'Melody Hurd', 'Alfre Woodard']",109,6,FALSE,FALSE,2021,6,TRUE,FALSE,5.6075,0.4239,296.4,0,7.301822342,100,606,0.03,3268650,61249,653730,12249.8,TRUE
790846,"There Is No ""I"" in Threesome",2021-01-30,3.2992,4.6,14,FALSE,['HBO Max'],Jan Oliver Lucks,['Documentary'],0,"['Jan Oliver Lucks', 'Natalie Medlock']",87,2,FALSE,FALSE,2021,1,FALSE,FALSE,0.5033,0.0214,2.8,0,2.708050201,100,184,0,6202,25,1240.4,5,FALSE
812056,Love on the Road,2022-01-23,2.681,6.8,19,FALSE,['Amazon Prime Video'],Robert H. Lieberman,"['TV Movie', 'Comedy', 'Romance', 'Family']",0,"['Erin Cahill', 'Jesse Hutch', 'Francesca Bianchi']",85,2,FALSE,FALSE,2022,1,FALSE,FALSE,2.7923,0.2819,4.75,0,2.995732274,0,0,0,668658,2452,167164.5,613,FALSE
758879,A Castle for Christmas,2021-11-26,2.7519,5.985,342,FALSE,['Netflix'],Mary Lambert,"['Comedy', 'Adventure']",0,"['Brooke Shields', 'Cary Elwes', 'Lee Ross']",98,2,FALSE,FALSE,2021,11,FALSE,TRUE,5.5433,1.2215,68.4,0,5.837730447,100,801,0,905927,7451,181185.4,1490.2,FALSE
798060,Digging to Death,2021-02-16,2.5552,5.969,16,FALSE,['Amazon Prime Video'],Michael P. Blevins,['Horror'],0,"['Ford Austin', 'Tom Fitzpatrick', 'Rachel Alig']",96,0,FALSE,FALSE,2021,2,FALSE,FALSE,1.0715,0,3.2,0,2.833213344,0,0,0,48622,414,9724.4,82.8,FALSE
530977,Steps,2021-04-20,3.0824,0,0,FALSE,['Amazon Prime Video'],Jay Rodriguez,['Drama'],0,"['Rob Morgan', 'Walter Fauntleroy', 'Robert G. McKay']",118,0,FALSE,FALSE,2021,4,FALSE,FALSE,1.7891,0.0336,0,0,0,100,1772,0.6,47864,1255,9572.8,251,FALSE
921758,Age of Stone and Sky: The Sorcerer Beast,2021-04-02,3.1249,2,1,FALSE,['Amazon Prime Video'],William L. Cox,['Fantasy'],0,"['Jeffrey Combs', 'Allie Rivera', 'Corey Feldman']",80,1,FALSE,FALSE,2021,4,FALSE,FALSE,3.2217,0.0071,0.2,0,0.6931471806,0,0,0,8516,41,1703.2,8.2,FALSE
802805,Drive All Night,2021-03-20,3.4317,4.5,11,FALSE,['Amazon Prime Video'],Peter Hsieh,['Thriller'],0,"['Yutaka Takeuchi', 'Lexy Hammonds', 'Sarah Dumont']",,0,FALSE,FALSE,2021,3,FALSE,FALSE,1.5527,0.0297,2.2,0,2.48490665,0,0,0,16466,68,3293.2,13.6,FALSE
601666,I Care a Lot,2021-02-19,2.4331,6.57,2872,FALSE,['Netflix'],J Blakeson,"['Crime', 'Thriller', 'Drama', 'Comedy']",0,"['Rosamund Pike', 'Peter Dinklage', 'Eiza González']",119,3,FALSE,FALSE,2021,2,FALSE,FALSE,9.7229,0.7476,574.4,0,7.963112059,100,827,0.07,4730152,54762,946030.4,10952.4,TRUE
818809,A Cinderella Story: Starstruck,2021-06-29,2.8584,6.9,142,FALSE,['HBO Max'],Michelle Johnston,"['Romance', 'Comedy', 'Music']",0,"['Bailee Madison', 'Michael Evans Behling', 'April Telek']",100,2,FALSE,TRUE,2021,6,TRUE,FALSE,2.0281,0.8287,28.4,0,4.96284463,100,200,0,1767424,27516,353484.8,5503.2,FALSE
848067,The Blackout Experiment,2021-07-05,2.8018,4.109,23,FALSE,['Amazon Prime Video'],John David Moffat IV,"['Drama', 'Horror']",0,"['Yasmin Irvine', 'Stefani Rose', 'Uli Auliani']",81,0,FALSE,FALSE,2021,7,TRUE,FALSE,0.8192,0.0655,4.6,0,3.17805383,0,0,0,169455,283,33891,56.6,FALSE
879535,Four Hours at the Capitol,2021-10-20,2.4197,7.343,54,FALSE,['HBO Max'],Jamie Roberts,['Documentary'],0,"['Eric Swalwell', 'Jim McGovern', 'Ruben Gallego']",92,4,FALSE,FALSE,2021,10,FALSE,FALSE,0.2566,0.0239,10.8,0,4.007333185,0,0,0,192294,2055,38458.8,411,FALSE
805686,A Hard Problem,2021-03-20,2.5309,4.5,6,FALSE,['Amazon Prime Video'],hazart,"['Science Fiction', 'Drama']",0,"['Johnny Berchtold', 'Catherine Haena Kim', 'Jennifer Hasty']",109,2,FALSE,FALSE,2021,3,FALSE,FALSE,1.4828,0.1727,1.2,0,1.945910149,0,0,0,20102,118,4020.4,23.6,FALSE
783790,"Love, Lost & Found",2021-01-06,3.0522,6.8,25,FALSE,['Amazon Prime Video'],John Lyde,['Romance'],0,"['Trevor Donovan', 'Danielle C. Ryan', 'Melanie Stone']",88,3,FALSE,FALSE,2021,1,FALSE,FALSE,1.3668,0.0143,5,0,3.258096538,0,0,0,96552,398,19310.4,79.6,FALSE
782310,Mayor Pete,2021-11-12,2.8537,5.455,11,FALSE,['Amazon Prime Video'],Jesse Moss,['Documentary'],0,"['Pete Buttigieg', 'Chasten Buttigieg', 'Mike Schmuhl']",96,4,FALSE,FALSE,2021,11,FALSE,TRUE,0.3247,0.5143,2.2,0,2.48490665,100,100,0,812780,2058,162556,411.6,FALSE
347626,He's All That,2021-08-27,2.3444,6.483,1452,FALSE,['Netflix'],Mark Waters,"['Comedy', 'Romance']",0,"['Addison Rae', 'Tanner Buchanan', 'Madison Pettis']",91,2,FALSE,FALSE,2021,8,TRUE,FALSE,2.9205,0,290.4,0,7.281385664,100,535,0.03,6542667,103088,1308533.4,20617.6,TRUE
842154,Lost Outlaw,2021-09-13,3.203,5,4,FALSE,['Amazon Prime Video'],Darrell Mapson,['Western'],0,"['David Novak', 'Rickey Bird Jr.', 'Darrell Mapson']",88,0,FALSE,FALSE,2021,9,FALSE,FALSE,0.2452,0.0071,0.8,0,1.609437912,0,0,0,488,3,97.6,0.6,FALSE
870352,Royal Jelly,2021-09-14,2.7956,4.889,9,FALSE,['Amazon Prime Video'],Sean Riley,['Horror'],0,"['Elizabeth McCoy', 'Sherry Lattanzi', 'Fiona McQuinn']",93,1,FALSE,FALSE,2021,9,FALSE,FALSE,0.0143,0.0071,1.8,0,2.302585093,100,277,0,99215,296,19843,59.2,FALSE
786532,Agent Revelation,2021-01-22,3.6241,5.7,32,FALSE,['Amazon Prime Video'],Derek Ting,"['Action', 'Science Fiction', 'Drama']",0,"['Derek Ting', 'Michael Dorn', 'Kayla Ewell']",86,0,FALSE,TRUE,2021,1,FALSE,FALSE,1.7344,0.4839,6.4,0,3.496507561,100,338,0,306546,679,61309.2,135.8,FALSE
679548,The Alpha Test,2020-03-10,3.5205,5.3,78,FALSE,['Amazon Prime Video'],Aaron Mirtes,"['Science Fiction', 'Thriller']",0,"['Rae Hunt', 'Wynn Reichert', 'David Ditmore']",87,1,FALSE,FALSE,2020,3,FALSE,FALSE,0.3242,0.1959,13,0,4.369447852,100,663,0,189262,696,31543.66667,116,FALSE
618162,The Harder They Fall,2021-10-22,2.6142,6.643,1155,FALSE,['Netflix'],Jeymes Samuel,['Western'],0,"['Jonathan Majors', 'Idris Elba', 'Regina King']",137,1,FALSE,FALSE,2021,10,FALSE,FALSE,6.1716,0.2095,231,0,7.052721049,100,884,0.11,4119687,48069,823937.4,9613.8,TRUE
676356,We Don't Deserve Dogs,2020-10-01,2.3726,6.667,6,FALSE,['Amazon Prime Video'],Matthew Salleh,['Documentary'],0,['N/A'],84,1,FALSE,FALSE,2020,10,FALSE,FALSE,0.2205,0.0575,1,0,1.945910149,0,0,0,74030,1146,12338.33333,191,FALSE
840202,Hampton's Legion,2021-06-09,2.9533,0,0,FALSE,['Amazon Prime Video'],Christopher Forbes,"['Western', 'Action']",0,"['Jerry Chesser', 'Jezibell Anat', 'Russell Dobson']",80,1,FALSE,FALSE,2021,6,TRUE,FALSE,0.4676,0.2643,0,0,0,100,100,0,185,2,37,0.4,FALSE
893035,Carolina's Calling,2021-11-01,2.8142,5,1,FALSE,['Amazon Prime Video'],Michael Saquella,"['Science Fiction', 'Comedy']",0,"['Antonio Sabàto', 'Jr.', 'Stacey Dash', 'Jacob Hopkins']",93,0,FALSE,FALSE,2021,11,FALSE,TRUE,2.0569,0.0286,0.2,0,0.6931471806,0,0,0,7814,56,1562.8,11.2,FALSE
855098,The Sixth Reel,2021-08-19,2.3047,1,2,FALSE,['Amazon Prime Video'],Carl Andress,['Comedy'],0,"['Charles Busch', 'Julie Halston', 'Cady Huffman']",94,2,FALSE,FALSE,2021,8,TRUE,FALSE,0.9269,0.0496,0.4,0,1.098612289,0,0,0,19156111,275077,3831222.2,55015.4,FALSE
946552,Operation Overlord,2021-11-30,3.1158,6.4,38,FALSE,['Amazon Prime Video'],Brett Bentman,['War'],0,"['Thom Hallum', 'Billy Blair', 'Stacey A. Sheffield']",80,1,FALSE,FALSE,2021,11,FALSE,TRUE,0.6203,0.3841,7.6,0,3.663561646,0,0,0,17443622,75516,3488724.4,15103.2,FALSE
684281,Adventures of a Mathematician,2021-10-01,3.2372,6.2,61,FALSE,['Amazon Prime Video'],Thorsten Klein,"['Drama', 'History']",0,"['Philippe Tłokiński', 'Esther Garrel', 'Sam Keeley']",102,7,FALSE,FALSE,2021,10,FALSE,FALSE,1.6108,0.0071,12.2,0,4.127134385,0,0,0,64029,481,12805.8,96.2,FALSE
800164,Persona: The Dark Truth Behind Personality Tests,2021-03-04,2.3552,5.6,20,FALSE,['HBO Max'],Tim Travers Hawkins,['Documentary'],0,['N/A'],85,3,FALSE,FALSE,2021,3,FALSE,FALSE,0.2205,0.1272,4,0,3.044522438,0,0,0,154137,1692,30827.4,338.4,FALSE
878588,Burning Man: The Musical,2021-08-27,2.2181,0,0,TRUE,['Amazon Prime Video'],Tyler Milliron,"['Music', 'Comedy']",0,"['Morgan Siobhan Green', 'Tally Sessions', 'Max Crumm']",81,1,FALSE,FALSE,2021,8,TRUE,FALSE,0.173,0.0143,0,0,0,0,0,0,65302,926,13060.4,185.2,FALSE
741686,Bloody Summer Camp,2021-06-12,2.4874,3.636,11,FALSE,['Amazon Prime Video'],David Kerr,['Horror'],0,"['Felissa Rose', 'Dave Sheridan', 'Shawn C. Phillips']",125,2,FALSE,TRUE,2021,6,TRUE,FALSE,2.0292,0.1468,2.2,0,2.48490665,0,0,0,51930,209,10386,41.8,FALSE
882251,Silent Hours,2021-10-08,2.8862,5.182,33,FALSE,['Amazon Prime Video'],Mark Greenstreet,"['Thriller', 'Mystery']",0,"['James Weber Brown', 'Indira Varma', 'Dervla Kirwan']",155,1,FALSE,FALSE,2021,10,FALSE,FALSE,2.4023,0.1405,6.6,0,3.526360525,100,270,0,2587899,26819,517579.8,5363.8,FALSE
511809,West Side Story,2021-12-10,2.6881,6.958,1701,TRUE,['Disney Plus'],Steven Spielberg,"['Drama', 'Romance', 'Crime']",100000000,"['Ansel Elgort', 'Rachel Zegler', 'Ariana DeBose']",156,3,TRUE,FALSE,2021,12,FALSE,TRUE,3.256,8.3888,340.2,18.42068075,7.439559309,100,1389,0.24,10869962,83698,2173992.4,16739.6,TRUE
678997,Killer Among Us,2021-04-15,2.5179,5.5,6,FALSE,['Amazon Prime Video'],Charlie Scharfman,['Thriller'],0,"['Yasha Jackson', 'Andrew Richardson', 'Imani Lewis']",80,0,FALSE,FALSE,2021,4,FALSE,FALSE,1.1713,0.0286,1.2,0,1.945910149,100,174,0,80727,186,16145.4,37.2,FALSE
680764,Attraction to Paris,2021-01-05,2.9809,2.5,4,FALSE,['Amazon Prime Video'],Jesús del Cerro,"['Action', 'Crime']",0,"['Christopher Atkins', 'Tara Reid', 'Dina De Laurentiis']",,1,FALSE,FALSE,2021,1,FALSE,FALSE,2.3685,0.316,0.8,0,1.609437912,0,0,0,217,1,43.4,0.2,FALSE
806804,Aileen Wuornos: American Boogeywoman,2021-09-20,2.8563,5.1,79,FALSE,['Hulu'],Daniel Farrands,"['Horror', 'Thriller']",0,"['Peyton List', 'Tobin Bell', 'Lydia Hearst']",86,3,FALSE,FALSE,2021,9,FALSE,FALSE,3.5366,0.3209,15.8,0,4.382026635,0,0,0,107406,521,21481.2,104.2,FALSE
590482,Hands That Bind,2023-11-03,2.4716,9,1,FALSE,['Amazon Prime Video'],Kyle Armstrong,['Drama'],0,"['Paul Sparks', 'Susan Kent', 'Landon Liboiron']",116,0,FALSE,FALSE,2023,11,FALSE,TRUE,1.2236,0.153,0.3333333333,0,0.6931471806,100,100,0,431116,23834,143705.3333,7944.666667,FALSE
852493,The Pebble and the Boy,2021-11-16,2.4366,6,13,FALSE,['Amazon Prime Video'],Chris Green,['Drama'],0,"['Patrick McNamee', 'Sacha Parkinson', 'Patsy Kensit']",101,1,FALSE,FALSE,2021,11,FALSE,TRUE,3.2803,0.0546,2.6,0,2.63905733,0,0,0,205519,1354,41103.8,270.8,FALSE
836061,Songs for a Sloth,2021-06-15,2.4169,6,2,FALSE,['Amazon Prime Video'],Bradley Hasse,"['Comedy', 'Drama', 'Music']",0,"['Richard Hollman', 'Brian McCarthy', 'Ava Eisenson']",85,0,FALSE,FALSE,2021,6,TRUE,FALSE,0.3352,0.0261,0.4,0,1.098612289,100,100,0,14951,33,2990.2,6.6,FALSE
793967,Phobias,2021-02-28,2.8402,4.5,51,TRUE,['Amazon Prime Video'],Camilla Belle,"['Horror', 'Thriller']",0,"['Alexis Knapp', 'Charlotte McKinney', 'Lauren Miller Rogen']",85,4,FALSE,FALSE,2021,2,FALSE,FALSE,1.8463,2.6164,10.2,0,3.951243719,100,534,0.32,280380,2732,56076,546.4,FALSE
878508,While We Sleep,2021-10-01,2.9217,4.886,23,FALSE,['Amazon Prime Video'],Andrzej Sekula,['Horror'],0,"['Brian Gross', 'Jacy King', 'Dasha Tregubova']",92,0,FALSE,FALSE,2021,10,FALSE,FALSE,0.3807,0.6057,4.6,0,3.17805383,100,349,0,175542,674,35108.4,134.8,FALSE
809036,Once I Was Engaged,2021-07-21,2.7202,4.2,6,TRUE,['Amazon Prime Video'],Maclain Nelson,"['Comedy', 'Family', 'Romance']",0,"['Clare Niederpruem', 'Lisa Valentine Clark', 'Tanner Gillman']",107,2,FALSE,TRUE,2021,7,TRUE,FALSE,0.432,1.0955,1.2,0,1.945910149,0,0,0,7532,27,1506.4,5.4,FALSE
635731,Pig,2021-07-16,3.4168,6.645,1627,TRUE,['Netflix'],Michael Sarnoski,"['Drama', 'Thriller']",3000000,"['Nicolas Cage', 'Alex Wolff', 'Adam Arkin']",92,6,FALSE,FALSE,2021,7,TRUE,FALSE,7.0942,0.5239,325.4,14.91412318,7.395107547,100,1143,0.26,4019559,10483,803911.8,2096.6,TRUE
653670,Luxor,2020-01-27,3.0369,6.75,18,FALSE,['Amazon Prime Video'],Zeina Durra,"['Romance', 'Drama']",0,"['Andrea Riseborough', 'Karim Saleh', 'Michael Landes']",85,2,FALSE,FALSE,2020,1,FALSE,FALSE,2.2837,0.1703,3,0,2.944438979,0,0,0,132322,498,22053.66667,83,FALSE
802108,Hyde,2021-03-02,2.9827,3.5,2,FALSE,['Amazon Prime Video'],Dallas Burgess,"['Horror', 'Thriller']",0,"['Kelsey Pribilski', 'Chip Llorens', 'Avi Lake']",94,2,FALSE,FALSE,2021,3,FALSE,FALSE,0.5729,0.042,0.4,0,1.098612289,100,1324,0.57,807768,9015,161553.6,1803,FALSE
865750,About Pie,2021-08-25,3.1952,0,0,FALSE,['Amazon Prime Video'],Joshua M. Lester,['Comedy'],0,"['Joshua M. Lester', 'Skye LaFontaine', 'Greg Hirshland']",87,2,FALSE,FALSE,2021,8,TRUE,FALSE,0.0496,0.0496,0,0,0,0,0,0,565803,3973,113160.6,794.6,FALSE
648412,Silo,2021-05-07,2.5383,4.8,9,FALSE,['Amazon Prime Video'],Marshall Josh Burnette,"['Drama', 'Mystery', 'Thriller']",0,"['Jeremy Holm', 'Jill Paice', 'Jack DiFalco']",77,2,FALSE,FALSE,2021,5,TRUE,FALSE,0.3884,0.0762,1.8,0,2.302585093,100,439,0,482402,16281,96480.4,3256.2,FALSE
718916,The Exchange,2021-07-30,3.2021,5.8,16,FALSE,"['Amazon Prime Video', 'Hulu']",Dan Mazer,['Comedy'],0,"['Ed Oxenbould', 'Avan Jogia', 'Justin Hartley']",93,6,FALSE,FALSE,2021,7,TRUE,FALSE,2.9588,0.6156,3.2,0,2.833213344,100,706,0,43752,27,8750.4,5.4,FALSE
660833,Multiverse,2021-11-12,2.3835,6.6,341,FALSE,['Amazon Prime Video'],Gaurav Seth,"['Science Fiction', 'Thriller', 'Drama']",0,"['Paloma Kwiatkowski', 'Munro Chambers', 'Marlee Matlin']",93,1,FALSE,FALSE,2021,11,FALSE,TRUE,2.0018,0.3954,68.2,0,5.834810737,100,718,0.19,241162,337,48232.4,67.4,FALSE
873972,Hunters,2021-09-13,3.244,6,23,FALSE,['Amazon Prime Video'],Justin Lee,['Action'],0,"['Phil Burke', 'Ed Morrone', 'Ian Ziering']",95,5,FALSE,FALSE,2021,9,FALSE,FALSE,0.9133,1.0238,4.6,0,3.17805383,100,1581,0.51,696640,8494,139328,1698.8,FALSE
727745,The Kissing Booth 3,2021-08-11,2.4462,6.9,1983,FALSE,['Netflix'],Vince Marcello,"['Romance', 'Comedy']",0,"['Joey King', 'Joel Courtney', 'Jacob Elordi']",112,3,FALSE,TRUE,2021,8,TRUE,FALSE,8.645,0.7421,396.6,0,7.592870288,100,591,0.04,8473782,196519,1694756.4,39303.8,TRUE
824974,The Upshaws - The Afterparty,2021-05-14,2.9085,7.3,7,FALSE,['Netflix'],Joe Guidry,['N/A'],0,"['David Spade', 'London Hughes', 'Fortune Feimster']",32,3,FALSE,FALSE,2021,5,TRUE,FALSE,1.5729,0.089,1.4,0,2.079441542,0,0,0,1866,55,373.2,11,FALSE
520663,The Woman in the Window,2021-05-14,2.1655,5.989,2079,FALSE,['Netflix'],Joe Wright,"['Crime', 'Mystery', 'Thriller']",40000000,"['Amy Adams', 'Gary Oldman', 'Anthony Mackie']",100,2,TRUE,FALSE,2021,5,TRUE,FALSE,8.461,0.1365,415.8,17.50439004,7.640123173,100,575,0.05,5220928,69673,1044185.6,13934.6,TRUE
793180,"Love, Bubbles & Crystal Cove",2022-09-04,2.8613,6.1,18,FALSE,['Amazon Prime Video'],Nicole G. Leier,"['TV Movie', 'Comedy', 'Romance', 'Drama']",0,"['Stephanie Bennett', 'Jesse Hutch', 'Kayden Boisclair']",85,4,FALSE,FALSE,2022,9,FALSE,FALSE,2.776,0.3881,4.5,0,2.944438979,0,0,0,177826,1162,44456.5,290.5,FALSE
796396,A Cape Cod Christmas,2021-12-02,2.3158,6.8,11,FALSE,['Amazon Prime Video'],John Stimpson,"['Romance', 'TV Movie']",0,"['Katie Leclerc', 'Brent Bailey', 'Cindy Lentol']",90,3,FALSE,FALSE,2021,12,FALSE,TRUE,1.4629,0.0256,2.2,0,2.48490665,0,0,0,93716,606,18743.2,121.2,FALSE
665896,Small Engine Repair,2021-09-10,2.4167,6.1,92,FALSE,['Netflix'],John Pollono,"['Crime', 'Drama', 'Thriller']",0,"['Jon Bernthal', 'Shea Whigham', 'Jordana Spiro']",102,4,FALSE,FALSE,2021,9,FALSE,FALSE,5.7006,0.4721,18.4,0,4.532599493,100,497,0,314341,821,62868.2,164.2,FALSE
786560,Four Cousins and a Christmas,2021-12-07,2.8505,3,5,FALSE,['Amazon Prime Video'],Maria Capp,"['Comedy', 'Drama']",0,"['Raffaela Capp', 'Natasha Capp', 'Ayla Kell']",90,2,FALSE,FALSE,2021,12,FALSE,TRUE,0.2677,0.0286,1,0,1.791759469,100,100,0,17866,0,3573.2,0,FALSE
794095,Brian Regan: On the Rocks,2021-02-23,2.678,6.7,18,FALSE,['Netflix'],Troy Miller,['Comedy'],0,['Brian Regan'],58,1,FALSE,FALSE,2021,2,FALSE,FALSE,0.1098,0.5196,3.6,0,2.944438979,0,0,0,142934,1294,28586.8,258.8,FALSE
851925,Death Alley,2021-03-11,2.431,5.2,34,FALSE,['Amazon Prime Video'],Nicholas Barton,"['Western', 'Action']",1200000,"['Delno Ebie', 'Nicholas Barton', 'Corey Cannon']",94,1,FALSE,FALSE,2021,3,FALSE,FALSE,0.4914,0.0693,6.8,13.99783295,3.555348061,0,0,0,445529,2750,89105.8,550,FALSE
798141,Doors,2021-03-23,2.5627,4.9,183,FALSE,['Amazon Prime Video'],Saman Kesh,['Science Fiction'],0,"['Josh Peck', 'Wilson Bethel', 'Lina Esco']",84,3,FALSE,FALSE,2021,3,FALSE,FALSE,1.8366,0.3616,36.6,0,5.214935758,0,0,0,117128,401,23425.6,80.2,FALSE
854723,Another Girl,2021-09-14,3.1751,5,14,FALSE,['Amazon Prime Video'],Allison Burnett,"['Drama', 'Mystery']",0,"['Sammi Hanratty', 'Peter Gadiot', 'Paul Rush']",95,1,FALSE,TRUE,2021,9,FALSE,FALSE,2.054,0.3811,2.8,0,2.708050201,100,764,0,43430,92,8686,18.4,FALSE
920081,Megaboa,2021-11-26,3.4637,6.3,469,TRUE,['Amazon Prime Video'],Mario N. Bonassin,"['Action', 'Horror', 'Science Fiction']",0,"['Eric Roberts', ""Michelle Elizabeth O'Shea"", 'Emilia Torello']",100,2,FALSE,FALSE,2021,11,FALSE,TRUE,4.2801,0.1126,93.8,0,6.152732695,0,0,0,26518,178,5303.6,35.6,FALSE
821404,All Who Loved Her,2021-06-28,2.9822,0,0,TRUE,['Amazon Prime Video'],Christian Vinces,"['Mystery', 'Drama', 'Thriller']",0,"['Maitlyn Pezzo', 'Arthur De Larroche', 'Clint Carmichael']",94,1,FALSE,FALSE,2021,6,TRUE,FALSE,0.2907,0.0261,0,0,0,0,0,0,24037937,11932,4807587.4,2386.4,FALSE
877205,Mayberry Man,2021-10-09,2.9868,5.9,11,FALSE,['Amazon Prime Video'],Stark Howell,['Comedy'],0,"['Brett Varvel', 'Allan Newsome', 'Rik Roberts']",98,0,FALSE,FALSE,2021,10,FALSE,FALSE,0.2705,0.1372,2.2,0,2.48490665,100,100,0,171345,991,34269,198.2,FALSE
730840,Trollhunters: Rise of the Titans,2021-07-21,2.3113,7.6,345,FALSE,['Netflix'],Francisco Ruiz Velasco,"['Animation', 'Fantasy', 'Family', 'Action', 'Adventure']",0,"['Emile Hirsch', 'Lexi Medrano', 'Charlie Saxton']",106,2,FALSE,FALSE,2021,7,TRUE,FALSE,2.9899,0.0398,69,0,5.846438775,100,479,0,1748450,42118,349690,8423.6,FALSE
644583,The Mauritanian,2021-02-12,2.6454,7.406,1218,TRUE,['Netflix'],Kevin Macdonald,"['Drama', 'Thriller']",0,"['Tahar Rahim', 'Jodie Foster', 'Benedict Cumberbatch']",129,6,FALSE,FALSE,2021,2,FALSE,FALSE,6.3221,0.0327,243.6,0,7.105786129,100,1078,0.32,6903071,9029,1380614.2,1805.8,TRUE
629227,Let Us In,2021-07-02,1.9747,5.3,21,FALSE,['Amazon Prime Video'],Craig Moss,"['Science Fiction', 'Thriller', 'Horror']",0,"['Makenzie Moss', 'Sadie Stanley', 'Mackenzie Ziegler']",84,2,FALSE,FALSE,2021,7,TRUE,FALSE,1.9715,0.3839,4.2,0,3.091042453,100,415,0,4337,82,867.4,16.4,FALSE
541524,Passing,2021-10-27,2.562,6.253,328,FALSE,['Netflix'],Rebecca Hall,['Drama'],0,"['Tessa Thompson', 'Ruth Negga', 'André Holland']",98,5,FALSE,FALSE,2021,10,FALSE,FALSE,3.9113,3.4518,65.6,0,5.796057751,100,697,0.09,1777684,26128,355536.8,5225.6,FALSE
728526,Encounter,2021-12-03,2.6186,6.314,446,FALSE,['Amazon Prime Video'],Michael Pearce,"['Mystery', 'Thriller', 'Drama']",0,"['Riz Ahmed', 'Octavia Spencer', 'Lucian-River Chauhan']",108,5,FALSE,FALSE,2021,12,FALSE,TRUE,2.9913,0.1081,89.2,0,6.102558595,100,775,0.2,2416683,8397,483336.6,1679.4,FALSE
631060,Things Heard & Seen,2021-04-29,2.2734,5.715,1031,FALSE,['Netflix'],Robert Pulcini,['Horror'],0,"['Amanda Seyfried', 'James Norton', 'Natalia Dyer']",121,1,FALSE,FALSE,2021,4,FALSE,FALSE,11.0857,0.424,206.2,0,6.939253946,100,100,0,3860527,33698,772105.4,6739.6,FALSE
901527,The Gift,2021-11-11,2.6295,0,0,FALSE,['HBO Max'],Gauri Adelkar,['Drama'],0,"['Princess Punzalan', 'Sharron Shayne', 'Marilyn Arbogast']",15,0,FALSE,FALSE,2021,11,FALSE,TRUE,0.2278,0.0239,0,0,0,0,0,0,10172594,23011,2034518.8,4602.2,FALSE
920258,The Immortal Wars: Rebirth,2021-11-02,1.9133,6.6,49,FALSE,['Amazon Prime Video'],Joe Lujan,['Science Fiction'],0,"['Corey Taylor', 'Destiny Salas', 'Lindsey Cruz']",84,0,FALSE,TRUE,2021,11,FALSE,TRUE,0.941,0.4851,9.8,0,3.912023005,0,0,0,4636,0,927.2,0,FALSE
734265,Love Hard,2021-11-05,2.4543,6.9,1561,FALSE,['Netflix'],Hernán Jiménez,"['Comedy', 'Romance']",0,"['Nina Dobrev', 'Jimmy O. Yang', 'Darren Barnet']",105,1,FALSE,FALSE,2021,11,FALSE,TRUE,4.9272,0.2811,312.2,0,7.35372233,0,0,0,11599476,201208,2319895.2,40241.6,TRUE
653349,Vacation Friends,2021-08-27,2.5783,7.041,849,FALSE,"['Amazon Prime Video', 'Hulu']",Clay Tarver,['Comedy'],0,"['Lil Rel Howery', 'Yvonne Orji', 'John Cena']",103,2,TRUE,TRUE,2021,8,TRUE,FALSE,7.1304,0.3783,169.8,0,6.745236349,0,0,0,244769,2104,48953.8,420.8,FALSE
828305,Rushed,2021-08-27,2.8125,6.7,59,FALSE,"['Amazon Prime Video', 'Hulu']",Vibeke Muasya,"['Mystery', 'Thriller', 'Horror', 'Drama', 'Crime']",0,"['Siobhan Fallon Hogan', 'Robert Patrick', 'Jake Weary']",101,3,FALSE,FALSE,2021,8,TRUE,FALSE,4.4235,0.2725,11.8,0,4.094344562,100,539,0,160064,375,32012.8,75,FALSE
774741,Diary of a Wimpy Kid,2021-12-03,3.518,6.2,387,FALSE,['Disney Plus'],Swinton O. Scott III,"['Animation', 'Comedy', 'Family']",0,"['Brady Noon', 'Ethan William Childress', 'Hunter Dillon']",58,2,TRUE,TRUE,2021,12,FALSE,TRUE,1.9687,0.2247,77.4,0,5.96100534,100,788,0.16,50481,303,10096.2,60.6,FALSE
736506,Claw,2021-06-25,2.3635,5.148,27,FALSE,['Amazon Prime Video'],Gerald Rascionato,"['Horror', 'Science Fiction']",0,"['Chynna Marie Walker', 'Richard Rennie', 'Mel Mede']",81,2,FALSE,FALSE,2021,6,TRUE,FALSE,0.1813,0.1069,5.4,0,3.33220451,100,579,0,108464,321,21692.8,64.2,FALSE
818370,The Little Prince(ss),2021-05-28,2.4226,7.1,140,FALSE,['Disney Plus'],Mira Peng,"['Family', 'Drama']",0,"['Kalo Moss', 'Ching Yin Ryan Hu', 'Evan Lai']",19,1,TRUE,FALSE,2021,5,TRUE,FALSE,0.0555,0.2235,28,0,4.94875989,0,0,0,904846,42271,180969.2,8454.2,FALSE
848562,"Woodstock 99: Peace, Love, and Rage",2021-07-23,1.9114,6.462,92,FALSE,['HBO Max'],Garret Price,"['Documentary', 'Music']",0,"['Michael Lang', 'John Scher', 'Wesley Morris']",110,3,FALSE,FALSE,2021,7,TRUE,FALSE,0.1394,0.2771,18.4,0,4.532599493,0,0,0,1029269,6087,205853.8,1217.4,FALSE
574060,Gunpowder Milkshake,2021-07-14,2.8834,6.272,1099,FALSE,['Netflix'],Navot Papushado,"['Action', 'Crime', 'Thriller']",30000000,"['Karen Gillan', 'Lena Headey', 'Chloe Coleman']",114,6,FALSE,TRUE,2021,7,TRUE,FALSE,5.4042,0.2528,219.8,17.21670797,7.003065459,100,953,0.12,1199993,12802,239998.6,2560.4,TRUE
889814,Road to Perth,2021-09-18,2.6628,6,9,TRUE,['Amazon Prime Video'],Chad Peter,"['Drama', 'Romance', 'Comedy']",0,"[""Tommy O'Brien"", 'Hannah Lehmann', 'Rachel Scott']",82,1,FALSE,FALSE,2021,9,FALSE,FALSE,1.3477,0.0379,1.8,0,2.302585093,0,0,0,3978,16,795.6,3.2,FALSE
879227,An Ice Wine Christmas,2021-11-12,3.0849,5.429,14,FALSE,['Amazon Prime Video'],Jill Carter,"['TV Movie', 'Comedy', 'Romance']",0,"['Roselyn Sánchez', 'Lyriq Bent', 'AnnaMaria Demara']",84,2,FALSE,FALSE,2021,11,FALSE,TRUE,4.1347,0.3584,2.8,0,2.708050201,0,0,0,26776,269,5355.2,53.8,FALSE
866347,Tales of a Fifth Grade Robin Hood,2021-08-27,1.7499,3,3,FALSE,['Amazon Prime Video'],Dylan Vox,"['Family', 'Comedy']",0,"['Jacquelin Arroyo', 'Phillip Andre Botello', 'Chase Brown']",84,1,FALSE,FALSE,2021,8,TRUE,FALSE,0.2225,0,0.6,0,1.386294361,0,0,0,649,3,129.8,0.6,FALSE
566076,The United States vs. Billie Holiday,2021-02-26,1.7584,6.527,291,FALSE,['Hulu'],Lee Daniels,"['Music', 'Drama', 'History']",0,"['Andra Day', 'Trevante Rhodes', 'Garrett Hedlund']",131,2,FALSE,FALSE,2021,2,FALSE,FALSE,2.6244,0.5856,58.2,0,5.676753802,100,179,0,190432,2834,38086.4,566.8,FALSE
834504,Who Am I Now?,2021-06-28,2.4287,1.8,6,FALSE,['Amazon Prime Video'],Louise E. Lathey,"['Drama', 'Romance']",0,"['Joanna Gaskell', 'Alicia C. Snee', 'Alethea Sholomenko']",92,0,FALSE,FALSE,2021,6,TRUE,FALSE,0.5107,0.0071,1.2,0,1.945910149,0,0,0,64160,246,12832,49.2,FALSE
797528,Once Upon a Time in Tombstone,2021-02-16,1.9788,6.5,2,FALSE,['Amazon Prime Video'],Christopher Forbes,['Western'],0,"['William Adams', 'Ronald Blanton', 'Charles Gabel']",82,2,FALSE,FALSE,2021,2,FALSE,FALSE,0.0735,0.2643,0.4,0,1.098612289,0,0,0,1007,4,201.4,0.8,FALSE
616827,Rare Beasts,2021-08-20,2.6449,5.533,30,FALSE,['Amazon Prime Video'],Billie Piper,"['Romance', 'Comedy', 'Drama']",0,"['Billie Piper', 'Leo Bill', 'Kerry Fox']",92,5,FALSE,FALSE,2021,8,TRUE,FALSE,2.5102,2.5102,6,0,3.433987204,0,0,0,69469,951,13893.8,190.2,FALSE
776884,The Ultimate Playlist of Noise,2021-01-15,1.6709,6.7,27,FALSE,['Hulu'],Bennett Lasseter,"['Drama', 'Music']",0,"['Keean Johnson', 'Madeline Brewer', 'Oliver Cooper']",99,2,FALSE,FALSE,2021,1,FALSE,FALSE,2.104,0.047,5.4,0,3.33220451,100,100,0,151168,1727,30233.6,345.4,FALSE
850645,The Boys in Red Hats,2021-07-16,2.256,0,0,FALSE,['Amazon Prime Video'],Jonathan Schroder,['Documentary'],0,['N/A'],87,2,FALSE,FALSE,2021,7,TRUE,FALSE,0.2205,0,0,0,0,0,0,0,12572,41,2514.4,8.2,FALSE
615658,Awake,2021-06-09,2.4635,5.864,1124,FALSE,['Netflix'],Mark Raso,"['Drama', 'Science Fiction', 'Thriller']",0,"['Gina Rodriguez', 'Ariana Greenblatt', 'Lucius Hoyos']",96,2,FALSE,FALSE,2021,6,TRUE,FALSE,5.7396,0,224.8,0,7.025538315,100,916,0.08,4278721,51502,855744.2,10300.4,TRUE
848838,Pooling to Paradise,2021-08-03,2.4527,3.7,3,FALSE,['Amazon Prime Video'],Roxy Shih,['Comedy'],0,"['Taryn Manning', 'Jonathan Lipnicki', 'Dreama Walker']",,0,FALSE,FALSE,2021,8,TRUE,FALSE,1.9858,0.1973,0.6,0,1.386294361,0,0,0,11272,73,2254.4,14.6,FALSE
656940,Body Brokers,2021-02-19,2.5984,6.125,112,FALSE,['Amazon Prime Video'],John Swab,"['Thriller', 'Crime']",0,"['Jack Kilmer', 'Alice Englert', 'Frank Grillo']",111,6,FALSE,FALSE,2021,2,FALSE,FALSE,3.8451,0.585,22.4,0,4.727387819,100,581,0,120503,519,24100.6,103.8,FALSE
983943,Victory by Submission,2021-05-11,2.5063,3.4,5,TRUE,['Amazon Prime Video'],Alan Autry,['Drama'],0,"['Eric Roberts', 'Lee Majors', 'Fred Williamson']",100,0,FALSE,FALSE,2021,5,TRUE,FALSE,4.2801,0.4941,1,0,1.791759469,0,0,0,15369,137,3073.8,27.4,FALSE
591274,Fear Street: 1978,2021-07-08,2.5425,7.188,2125,FALSE,['Netflix'],Leigh Janiak,"['Horror', 'Mystery']",0,"['Sadie Sink', 'Emily Rudd', 'Ryan Simpkins']",111,1,FALSE,TRUE,2021,7,TRUE,FALSE,14.925,0.6309,425,0,7.661997559,0,0,0,1479094,23159,295818.8,4631.8,FALSE
591273,Fear Street: 1994,2021-06-28,2.7436,6.688,2529,FALSE,['Netflix'],Leigh Janiak,"['Horror', 'Mystery']",0,"['Kiana Madeira', 'Olivia Scott Welch', 'Benjamin Flores Jr.']",108,1,FALSE,TRUE,2021,6,TRUE,FALSE,1.3313,0.6309,505.8,0,7.835974582,0,0,0,8300900,72596,1660180,14519.2,TRUE
859912,Autumn Road,2021-11-23,2.7142,3.333,6,FALSE,['Amazon Prime Video'],Riley Cusick,"['Horror', 'Drama', 'Mystery', 'Thriller']",0,"['Riley Cusick', 'Lorelei Linklater', 'Justin Meeks']",95,1,FALSE,FALSE,2021,11,FALSE,TRUE,0.5333,0.1274,1.2,0,1.945910149,0,0,0,12131,68,2426.2,13.6,FALSE
805691,Welcome to the Show,2021-03-20,3.0789,0,0,FALSE,['Amazon Prime Video'],Dorie Barton,"['Thriller', 'Drama']",96,"['Richard Follin', 'Dillon Douglasson', 'Keegan Garant']",96,1,FALSE,FALSE,2021,3,FALSE,FALSE,0.1248,0.7501,0,4.574710979,0,0,0,0,97861,2168,19572.2,433.6,FALSE
802217,8-Bit Christmas,2021-11-24,2.4255,6.431,463,FALSE,['HBO Max'],Michael Dowse,"['Family', 'Comedy', 'Fantasy']",0,"['Neil Patrick Harris', 'Winslow Fegley', 'Steve Zahn']",98,2,FALSE,FALSE,2021,11,FALSE,TRUE,3.718,0.6673,92.6,0,6.139884552,0,0,0,1131912,9055,226382.4,1811,FALSE
672741,Till Death,2021-07-02,2.2943,6.684,918,FALSE,['Netflix'],SK Dale,"['Horror', 'Thriller']",0,"['Megan Fox', 'Eoin Macken', 'Aml Ameen']",89,5,FALSE,FALSE,2021,7,TRUE,FALSE,8.3184,0.2591,183.6,0,6.823286122,100,985,0.12,1948936,12506,389787.2,2501.2,TRUE
757916,Let the Wrong One In,2022-04-01,1.9635,5.636,44,FALSE,['Amazon Prime Video'],Conor McMahon,"['Comedy', 'Horror']",0,"['Karl Rice', 'Eoin Duffy', 'Anthony Stewart Head']",96,5,FALSE,FALSE,2022,4,FALSE,FALSE,1.186,0.3317,11,0,3.80666249,100,246,0,94863,560,23715.75,140,FALSE
718633,Bruised,2021-11-17,2.3456,6.8,461,FALSE,['Netflix'],Halle Berry,['Drama'],11000000,"['Halle Berry', 'Adan Canto', 'Sheila Atim']",129,12,FALSE,FALSE,2021,11,FALSE,TRUE,6.6402,6.6402,92.2,16.21340592,6.135564891,100,883,0.11,1992241,27454,398448.2,5490.8,FALSE
800748,The Stairs,2021-02-26,2.9703,3.976,21,FALSE,['Amazon Prime Video'],Peter 'Drago' Tiemann,"['Horror', 'Science Fiction']",0,"['Kathleen Quinlan', 'John Schneider', 'Russell Hodgkinson']",92,1,FALSE,FALSE,2021,2,FALSE,FALSE,2.1276,0.062,4.2,0,3.091042453,100,176,0,243081,762,48616.2,152.4,FALSE
814094,The Healing Garden,2021-02-22,2.0078,6.3,6,TRUE,['Amazon Prime Video'],Joseph Granda,['Family'],0,"['Jeremy Cumrine', 'Sam Del Rio', 'Katherine Garner']",95,0,FALSE,FALSE,2021,2,FALSE,FALSE,0.0286,0.0429,1.2,0,1.945910149,0,0,0,2309,20,461.8,4,FALSE
641960,Four Good Days,2021-04-30,2.8284,6.8,275,FALSE,['Amazon Prime Video'],Rodrigo García,['Drama'],0,"['Glenn Close', 'Mila Kunis', 'Stephen Root']",100,4,FALSE,FALSE,2021,4,FALSE,FALSE,11.3264,0,55,0,5.620400866,100,1000,0.22,4850046,11135,970009.2,2227,FALSE
809634,Making Sense,2021-02-11,2.9959,0,0,FALSE,['Amazon Prime Video'],Gregory Bayne,"['Drama', 'Science Fiction']",0,"['Jessi Melton', 'Richard Klautsch', 'Justin Ness']",84,1,FALSE,FALSE,2021,2,FALSE,FALSE,0.0071,0.1212,0,0,0,0,0,0,3019130,39201,603826,7840.2,FALSE
857702,LEGO Star Wars Terrifying Tales,2021-10-01,1.8293,6.819,274,FALSE,['Disney Plus'],Ken Cunningham,"['Animation', 'Family', 'Science Fiction', 'Comedy', 'TV Movie']",0,"['Jake Green', 'Raphael Alejandro', 'Dana Snyder']",45,3,FALSE,TRUE,2021,10,FALSE,FALSE,1.4695,0.4098,54.8,0,5.616771098,0,0,0,501058,6802,100211.6,1360.4,FALSE
850099,Risen,2021-08-20,2.3511,5.049,172,FALSE,['Amazon Prime Video'],Eddie Arya,"['Science Fiction', 'Drama', 'Thriller']",0,"['Nicole Schalmo', 'Jack Campbell', 'Caroline McQuade']",109,2,FALSE,FALSE,2021,8,TRUE,FALSE,0.4311,0.3317,34.4,0,5.153291594,0,0,0,3703877,12424,740775.4,2484.8,FALSE
854188,The Kindred,2021-12-28,2.5442,6.4,125,FALSE,['Amazon Prime Video'],Jamie Patterson,['Horror'],0,"['April Pearson', 'Blake Harrison', 'James Cosmo']",94,4,FALSE,FALSE,2021,12,FALSE,TRUE,1.7657,0,25,0,4.836281907,0,0,0,2753288,3215,550657.6,643,FALSE
798296,Companion,2021-08-20,2.9034,2.7,6,TRUE,['Amazon Prime Video'],John Darbonne,['Horror'],150000,"['Anna Flynn', 'Marcus Anthony', 'Russell Shealy']",106,1,FALSE,FALSE,2021,8,TRUE,FALSE,0.1808,0.0861,1.2,11.91839724,1.945910149,0,0,0,20450590,57894,4090118,11578.8,FALSE
884333,10 Steps to Love,2021-09-14,2.1057,6.8,17,FALSE,['Amazon Prime Video'],Elizabeth Snoderly,"['TV Movie', 'Comedy', 'Romance']",0,"['Ella Cannon', 'Britton Webb', 'Lexi Giovagnoli']",90,3,FALSE,FALSE,2021,9,FALSE,FALSE,1.5315,0.162,3.4,0,2.890371758,100,100,0,60487,351,12097.4,70.2,FALSE
757635,The Justice of Bunny King,2021-06-12,1.5896,7.1,17,FALSE,['Amazon Prime Video'],Gaysorn Thavat,['Drama'],0,"['Essie Davis', 'Thomasin McKenzie', ""Ryan O'Kane""]",101,3,FALSE,FALSE,2021,6,TRUE,FALSE,2.9208,0.0917,3.4,0,2.890371758,0,0,0,85841,272,17168.2,54.4,FALSE
828228,Lockdown: 2025,2021-07-02,2.3789,7.8,4,FALSE,['Amazon Prime Video'],Michael Sean Hall,"['Science Fiction', 'Thriller']",0,"['Glenn Plummer', 'Parker McKenna Posey', 'Marcus T. Paulk']",90,0,FALSE,FALSE,2021,7,TRUE,FALSE,1.4344,0.0605,0.8,0,1.609437912,100,100,0,130456,997,26091.2,199.4,FALSE
484078,Enormous: The Gorge Story,2021-07-21,2.3011,3.5,2,TRUE,['Amazon Prime Video'],Nic Davis,"['Documentary', 'History', 'Music']",0,"['Dave Matthews', 'Jason Mraz', 'Dierks Bentley']",65,0,FALSE,FALSE,2021,7,TRUE,FALSE,0.4502,0.0364,0.4,0,1.098612289,0,0,0,194353,260,38870.6,52,FALSE
818769,Mr. Birthday,2021-12-17,2.941,4.3,3,TRUE,['Amazon Prime Video'],Dan Hunter,"['Family', 'Comedy']",0,"['Jason London', 'Eric Roberts', 'Anna Marie Dobbins']",92,1,FALSE,FALSE,2021,12,FALSE,TRUE,4.2801,0.1404,0.6,0,1.386294361,0,0,0,3791,19,758.2,3.8,FALSE
632357,The Unholy,2021-04-02,2.0533,6.571,2226,TRUE,['Hulu'],Evan Spiliotopoulos,"['Horror', 'Mystery']",10000000,"['Jeffrey Dean Morgan', 'Cricket Brown', 'William Sadler']",99,2,FALSE,FALSE,2021,4,FALSE,FALSE,6.0984,0.3502,445.2,16.11809575,7.708410667,0,0,0,16325658,132699,3265131.6,26539.8,TRUE
776561,Strawberry Mansion,2022-02-18,2.5115,6.8,74,FALSE,['Amazon Prime Video'],Albert Birney,"['Fantasy', 'Science Fiction', 'Adventure']",200000,"['Penny Fuller', 'Kentucker Audley', 'Grace Glowicki']",91,5,FALSE,FALSE,2022,2,FALSE,FALSE,1.2468,0.3782,18.5,12.20607765,4.317488114,0,0,0,216999,2428,54249.75,607,FALSE
810015,East of the Mountains,2021-09-24,2.7033,5.3,39,FALSE,['Amazon Prime Video'],S.J. Chiro,"['Drama', 'Action']",0,"['Tom Skerritt', 'Mira Sorvino', 'Annie Gonzalez']",93,0,FALSE,FALSE,2021,9,FALSE,FALSE,2.7825,0.8237,7.8,0,3.688879454,100,365,0,74797,97,14959.4,19.4,FALSE
854199,Match Made in Mistletoe,2021-12-01,2.4444,5.4,22,FALSE,"['Amazon Prime Video', 'Hulu']",Adrian Langley,"['TV Movie', 'Comedy', 'Romance', 'Family', 'Drama']",0,"['Damon Runyan', 'Natalie Lisinska', 'Madeline Leon']",85,3,FALSE,FALSE,2021,12,FALSE,TRUE,1.354,0.5087,4.4,0,3.135494216,100,100,0,67638,491,13527.6,98.2,FALSE
849381,Sold Out,2021-10-22,3.6123,4.5,4,FALSE,['Amazon Prime Video'],Tim Dahlseid,"['Drama', 'Music', 'Romance']",0,"['Sam Bardwell', 'Kelsey McMahon', 'Bruce Bohne']",91,0,FALSE,FALSE,2021,10,FALSE,FALSE,0.7842,0.0709,0.8,0,1.609437912,100,230,0,154548,3591,30909.6,718.2,FALSE
911758,Mistletoe Mixup,2021-12-01,2.9715,5.25,14,TRUE,['Netflix'],Andrew Lawrence,"['Romance', 'Comedy']",0,"['Danielle C. Ryan', 'Matthew Lawrence', 'Joey Lawrence']",83,1,FALSE,FALSE,2021,12,FALSE,TRUE,4.3604,0.9083,2.8,0,2.708050201,100,177,0,0,14,0,2.8,FALSE
635012,Long Weekend,2021-03-12,2.3933,7.025,79,TRUE,['Hulu'],Stephen Basilone,"['Romance', 'Comedy']",0,"['Finn Wittrock', 'Casey Wilson', 'Damon Wayans Jr.']",91,5,FALSE,FALSE,2021,3,FALSE,FALSE,2.223,0.0547,15.8,0,4.382026635,100,584,0,566744,4355,113348.8,871,FALSE
877802,Ahir Shah: Dots,2021-09-21,2.55,7,1,FALSE,['HBO Max'],Peter Orton,['Comedy'],0,['Ahir Shah'],61,0,FALSE,FALSE,2021,9,FALSE,FALSE,0.2521,0.1927,0.2,0,0.6931471806,0,0,0,15450,207,3090,41.4,FALSE
818367,Let's Be Tigers,2021-05-28,2.4667,7.3,15,FALSE,['Disney Plus'],Stefanie Abel Horowitz,['Drama'],0,"['Otmara Marrero', 'Dash McCloud', 'Greg Worswick']",15,1,TRUE,FALSE,2021,5,TRUE,FALSE,1.2587,0.2659,3,0,2.772588722,0,0,0,204123,3948,40824.6,789.6,FALSE
528360,Broken Diamonds,2021-07-23,2.7076,4.9,9,FALSE,['Amazon Prime Video'],Peter Sattler,['Drama'],0,"['Ben Platt', 'Lola Kirke', 'Debs Howard']",90,1,FALSE,FALSE,2021,7,TRUE,FALSE,1.8377,0.0311,1.8,0,2.302585093,0,0,0,37889,164,7577.8,32.8,FALSE
870540,Skinwalker: The Howl of the Rougarou,2021-09-14,1.7093,6.3,6,FALSE,['Amazon Prime Video'],Seth Breedlove,['Documentary'],0,"['Amy Davies', 'Lyle Blackburn']",70,1,FALSE,TRUE,2021,9,FALSE,FALSE,0.1804,0.1762,1.2,0,1.945910149,0,0,0,23790,249,4758,49.8,FALSE
833654,The Slow Hustle,2021-06-22,2.2583,7.167,6,FALSE,['HBO Max'],Sonja Sohn,"['Documentary', 'Crime']",0,"['D. Watkins', 'Kevin Davis', 'TJ Smith']",90,4,FALSE,FALSE,2021,6,TRUE,FALSE,0.0994,1.1918,1.2,0,1.945910149,0,0,0,80947,636,16189.4,127.2,FALSE
710309,Burial Ground Massacre,2021-09-03,2.8802,2.357,14,FALSE,['Amazon Prime Video'],David Gere,['Horror'],0,"['Michael Madsen', 'Chelsea Vale', 'Vincent Marseglia']",100,3,FALSE,FALSE,2021,9,FALSE,FALSE,5.1076,0.7242,2.8,0,2.708050201,100,100,0,1871,14,374.2,2.8,FALSE
857243,Life Ain't Like the Movies,2021-12-12,1.9327,0,0,TRUE,['Amazon Prime Video'],Robert  Mychal Butler,['Drama'],0,"['Cynda Williams', 'Paul Bates', 'Wendell Kinney']",85,0,FALSE,FALSE,2021,12,FALSE,TRUE,2.8314,0.0261,0,0,0,0,0,0,1010,21,202,4.2,FALSE
802801,Free Byrd,2021-04-01,2.4239,4.8,5,FALSE,['Amazon Prime Video'],Tony Vidal,['Comedy'],0,"['Raymond J. Barry', 'Shondrella Avery', 'Jeanne Young']",89,3,FALSE,FALSE,2021,4,FALSE,FALSE,2.0911,0.184,1,0,1.791759469,100,195,0,263629,1963,52725.8,392.6,FALSE
787738,Take Me to Tarzana,2021-02-19,2.534,7.8,12,FALSE,['Amazon Prime Video'],Maceo Greenberg,['Comedy'],0,"['Samantha Robinson', 'Jonathan Bennett', 'Andrew Creer']",106,2,FALSE,FALSE,2021,2,FALSE,FALSE,1.7529,0.0143,2.4,0,2.564949357,0,0,0,61820,296,12364,59.2,FALSE
680590,Love Is Love Is Love,2021-11-12,1.8137,4.6,8,FALSE,['Amazon Prime Video'],Eleanor Coppola,"['Comedy', 'Romance', 'Drama']",0,"['Joanne Whalley', 'Chris Messina', 'Kathy Baker']",91,2,FALSE,FALSE,2021,11,FALSE,TRUE,3.1379,0.3794,1.6,0,2.197224577,100,1848,1,85853,126,17170.6,25.2,FALSE
801271,Hide and Seek,2021-11-19,2.8676,4.8,51,FALSE,['Amazon Prime Video'],Joel David Moore,"['Horror', 'Thriller', 'Mystery']",0,"['Jonathan Rhys Meyers', 'Joe Pantoliano', 'Jacinda Barrett']",84,3,FALSE,FALSE,2021,11,FALSE,TRUE,3.8713,1.6746,10.2,0,3.951243719,100,1257,0,16913299,114872,3382659.8,22974.4,TRUE
882245,The Big Squeeze,2021-10-06,2.3562,7,1,FALSE,['Amazon Prime Video'],Sam Black,['Documentary'],0,['N/A'],67,1,FALSE,FALSE,2021,10,FALSE,FALSE,0.2205,0.1286,0.2,0,0.6931471806,0,0,0,712,8,142.4,1.6,FALSE
807927,The End of Us,2021-12-03,2.1202,6.3,6,FALSE,['Amazon Prime Video'],Henry Loevner,"['Comedy', 'Drama', 'Romance']",0,"['Ben Coleman', 'Alison G. Vingiano', 'Derrick DeBlasis']",92,3,FALSE,FALSE,2021,12,FALSE,TRUE,0.0662,0.1258,1.2,0,1.945910149,0,0,0,30105710,399177,6021142,79835.4,FALSE
877013,Hell Hath No Fury,2021-11-05,2.1597,6.4,100,FALSE,['Amazon Prime Video'],Jesse V. Johnson,"['Action', 'War']",0,"['Nina Bergman', 'Daniel Bernhardt', 'Louis Mandylor']",94,2,FALSE,FALSE,2021,11,FALSE,TRUE,2.3039,0.9005,20,0,4.615120517,100,620,0,313112,386,62622.4,77.2,FALSE
794235,Tonight with Arlo Parks,2021-02-01,2.4663,0,0,FALSE,['Amazon Prime Video'],Toby L,"['Documentary', 'Music']",0,"['Arlo Parks', 'Romy', 'Dave Bayley']",57,1,FALSE,FALSE,2021,2,FALSE,FALSE,0.3006,0.0286,0,0,0,100,100,0,5762,381,1152.4,76.2,FALSE
779011,A Wedding to Remember,2022-02-27,1.8665,6.3,37,FALSE,['Amazon Prime Video'],David I. Strasser,"['TV Movie', 'Romance', 'Comedy', 'Drama']",0,"['Cristina Rosato', 'Greyston Holt', 'Rebecca Olson']",85,2,FALSE,FALSE,2022,2,FALSE,FALSE,1.0613,0.1009,9.25,0,3.63758616,0,0,0,130388,1148,32597,287,FALSE
665901,Violet,2021-10-29,2.403,6.9,28,TRUE,['Amazon Prime Video'],Justine Bateman,['Drama'],0,"['Olivia Munn', 'Luke Bracey', 'Justin Theroux']",92,3,FALSE,FALSE,2021,10,FALSE,FALSE,2.8729,1.9339,5.6,0,3.36729583,100,2008,0.47,253454,469,50690.8,93.8,FALSE
869602,Lead Me Home,2021-09-03,2.8213,6.352,125,FALSE,['Netflix'],Jon Shenk,"['Documentary', 'Drama']",0,['N/A'],40,2,FALSE,FALSE,2021,9,FALSE,FALSE,0.2205,0.2034,25,0,4.836281907,0,0,0,920767,13033,184153.4,2606.6,FALSE
782646,Gun and a Hotel Bible,2021-01-05,1.5563,6.2,6,FALSE,['Amazon Prime Video'],Raja Gosnell,['Drama'],0,"['Bradley Gosnell', 'Daniel Floren', 'Mia Marcon']",58,2,FALSE,FALSE,2021,1,FALSE,FALSE,0.4722,0.8873,1.2,0,1.945910149,0,0,0,24387,82,4877.4,16.4,FALSE
794960,Blood Moon,2021-03-26,2.37,6,47,FALSE,['Hulu'],Emma Tammi,"['Fantasy', 'Horror', 'Thriller']",0,"['Megalyn Echikunwoke', 'Yonas Kibreab', 'Joshua Dov']",82,1,FALSE,FALSE,2021,3,FALSE,FALSE,0.9867,1.491,9.4,0,3.871201011,100,762,0,112426,355,22485.2,71,FALSE
815188,Lucy the Human Chimp,2021-04-29,2.2913,6.3,6,FALSE,['HBO Max'],Alex Parkinson,['Documentary'],0,"['Janis Carter', 'Lucy Temerlin', 'Lorna Nickson Brown']",79,2,FALSE,FALSE,2021,4,FALSE,FALSE,0.1743,0.0552,1.2,0,1.945910149,0,0,0,59567,660,11913.4,132,FALSE
770262,Woman in the Woods,2020-11-03,2.2437,1,1,FALSE,['Amazon Prime Video'],Kevin Ang,"['Adventure', 'Fantasy', 'Action']",0,"['Mercedes Cabral', 'Brian Sy']",89,0,FALSE,FALSE,2020,11,FALSE,TRUE,1.0246,0.3086,0.1666666667,0,0.6931471806,100,100,0,2761,6,460.1666667,1,FALSE
866129,Candy Coated Christmas,2021-11-19,2.4026,6.2,36,FALSE,['HBO Max'],Ellie Kanner,"['Romance', 'Comedy', 'TV Movie']",0,"['Ree Drummond', 'Molly McCook', ""Aaron O'Connell""]",86,3,FALSE,FALSE,2021,11,FALSE,TRUE,0.5155,0.3691,7.2,0,3.610917913,100,487,0,17399,60,3479.8,12,FALSE
859350,Hold Your Fire,2021-11-13,1.9805,7,5,FALSE,['Amazon Prime Video'],Stefan Forbes,['Documentary'],0,['N/A'],93,1,FALSE,FALSE,2021,11,FALSE,TRUE,0.2205,0.0387,1,0,1.791759469,0,0,0,30716,253,6143.2,50.6,FALSE
811367,22 vs. Earth,2021-04-30,2.1002,6.987,478,FALSE,['Disney Plus'],Kevin Nolting,"['Family', 'Comedy', 'Fantasy', 'Animation']",0,"['Tina Fey', 'Alice Braga', 'Richard Ayoade']",9,1,FALSE,FALSE,2021,4,FALSE,FALSE,3.4929,0.3111,95.6,0,6.171700597,0,0,0,1711236,24346,342247.2,4869.2,FALSE
913773,Residents of Arcadia,2022-11-11,1.9342,0,0,FALSE,['Amazon Prime Video'],Dom Cutrupi,"['Science Fiction', 'Thriller', 'Drama']",0,"['Ishaval Gill', 'Nick Preston', 'Michael Stephen Perry']",83,1,FALSE,FALSE,2022,11,FALSE,TRUE,0.4825,0.0563,0,0,0,0,0,0,8611,27,2152.75,6.75,FALSE
527376,Language Arts,2021-09-06,2.5212,3.8,4,FALSE,['Amazon Prime Video'],Cornelia Moore,['Drama'],0,"['Sarah Shahi', 'Ashley Zukerman', 'Kevin Alejandro']",127,1,FALSE,FALSE,2021,9,FALSE,FALSE,3.9493,0.1206,0.8,0,1.609437912,0,0,0,3138,16,627.6,3.2,FALSE
882253,Christmas Collision,2021-10-07,2.3717,4.5,6,FALSE,['Amazon Prime Video'],Lana Read,"['Romance', 'Drama']",0,"['Michael Paré', 'Vernon Wells', 'John Wells']",95,0,FALSE,FALSE,2021,10,FALSE,FALSE,2.4424,2.2323,1.2,0,1.945910149,0,0,0,5417,27,1083.4,5.4,FALSE
795613,"Introducing, Selma Blair",2021-10-15,2.0572,7.357,14,FALSE,['HBO Max'],Rachel Fleit,['Documentary'],0,['Selma Blair'],90,1,FALSE,FALSE,2021,10,FALSE,FALSE,1.9181,0.1619,2.8,0,2.708050201,0,0,0,553442,3175,110688.4,635,FALSE
702691,Dragon Soldiers,2020-12-15,2.7898,4.3,6,FALSE,['Amazon Prime Video'],Hank Braxtan,"['Action', 'Fantasy']",0,"['Antuone Torbert', 'Ruben Pla', 'Heath C. Heine']",90,1,FALSE,FALSE,2020,12,FALSE,TRUE,3.2829,1.2445,1,0,1.945910149,0,0,0,23946,78,3991,13,FALSE
883936,Under the Christmas Tree,2021-12-19,2.4875,5.963,27,FALSE,['Amazon Prime Video'],Lisa Rose Snow,"['TV Movie', 'Romance']",0,"['Elise Bauman', 'Tattiawna Jones', 'Ricki Lake']",84,4,FALSE,FALSE,2021,12,FALSE,TRUE,1.6238,0.1722,5.4,0,3.33220451,100,618,0,159893,1230,31978.6,246,FALSE
816480,Out of Time,2021-08-09,2.545,5.4,25,TRUE,['Amazon Prime Video'],Matt Handy,"['Science Fiction', 'Action', 'Drama']",0,"['Nadege August', 'Blake Boyd', 'Kurt Long']",92,1,FALSE,FALSE,2021,8,TRUE,FALSE,0.4745,0.2822,5,0,3.258096538,100,1440,0.43,538319,1800,107663.8,360,FALSE
606813,Auggie,2019-09-20,2.299,6.3,11,FALSE,['Amazon Prime Video'],Matt Kane,"['Drama', 'Science Fiction']",0,"['Richard Kind', 'Christen Harper', 'Susan Blackwell']",81,3,FALSE,FALSE,2019,9,FALSE,FALSE,2.1796,0.7025,1.571428571,0,2.48490665,100,403,0,31457,171,4493.857143,24.42857143,FALSE
795531,Potato Dreams of America,2022-01-14,1.4231,6.4,23,FALSE,['Amazon Prime Video'],Wes Hurley,"['Comedy', 'Drama', 'Fantasy']",0,"['Marya Sea Kaminski', 'Tyler Bocock', 'Jonathan Bennett']",97,1,FALSE,FALSE,2022,1,FALSE,FALSE,1.7529,0.2744,5.75,0,3.17805383,0,0,0,25715,179,6428.75,44.75,FALSE
797764,The Canyonlands,2021-03-05,2.3165,4.8,6,TRUE,['Amazon Prime Video'],Brendan Devane,['Horror'],0,"['Stephanie Barkley', 'Marqus Bobesich', 'Wayne Charles Baker']",99,1,FALSE,FALSE,2021,3,FALSE,FALSE,0.4238,0.0744,1.2,0,1.945910149,100,100,0,131,0,26.2,0,FALSE
878958,Ouija Japan,2021-10-19,2.1468,2,2,TRUE,['Amazon Prime Video'],Masaya Kato,"['Action', 'Horror']",0,"['Ariel Sekiya', 'Miharu Chiba', 'Eigi Kodaka']",78,0,FALSE,FALSE,2021,10,FALSE,FALSE,0.2537,0.0143,0.4,0,1.098612289,0,0,0,7845,45,1569,9,FALSE
846214,"The Good, the Bart, and the Loki",2021-07-07,2.3361,7.2,682,FALSE,['Disney Plus'],David Silverman,"['Animation', 'Comedy', 'Family']",0,"['Tom Hiddleston', 'Dan Castellaneta', 'Nancy Cartwright']",6,2,FALSE,FALSE,2021,7,TRUE,FALSE,4.1269,0.623,136.4,0,6.52649486,0,0,0,700114,17833,140022.8,3566.6,FALSE
754218,C.A.M.,2021-01-27,2.3455,5.6,14,TRUE,['Amazon Prime Video'],Steph Du Melo,"['Horror', 'Thriller']",0,"['Charlotte Curwood', 'Tom Ware', 'Jamie Langlands']",85,1,FALSE,FALSE,2021,1,FALSE,FALSE,0.0985,0.0474,2.8,0,2.708050201,0,0,0,3624398,27343,724879.6,5468.6,FALSE
805195,The Girl Who Believes in Miracles,2021-04-02,2.0436,7.4,109,TRUE,['Amazon Prime Video'],Rich Correll,"['Family', 'Drama']",0,"['Mira Sorvino', 'Austyn Johnson', 'Kevin Sorbo']",100,3,FALSE,FALSE,2021,4,FALSE,FALSE,2.7825,0.7744,21.8,0,4.700480366,0,0,0,2874163,11495,574832.6,2299,FALSE
839615,Cupids on Beacon Street,2021-06-11,1.6019,5.9,9,FALSE,['Amazon Prime Video'],Pat Kiely,"['Comedy', 'Romance', 'TV Movie', 'Family']",3000000,"['Britt Irvin', 'Jeremy Guilbaut', 'Tamara Almeida']",90,1,FALSE,FALSE,2021,6,TRUE,FALSE,1.6498,0.3232,1.8,14.91412318,2.302585093,0,0,0,24877,163,4975.4,32.6,FALSE
838718,Bad Detectives,2021-06-22,2.4788,0,0,FALSE,['Amazon Prime Video'],Presley Paras,"['Crime', 'Thriller', 'Mystery']",0,"['Dralla Aierken', 'Freya Tingley', 'Steven Chan']",72,0,FALSE,FALSE,2021,6,TRUE,FALSE,0.6352,0.1228,0,0,0,0,0,0,6680,30,1336,6,FALSE
881555,The Last Inn,2021-10-04,2.1148,3,7,FALSE,['Amazon Prime Video'],David Kuan,"['Horror', 'Fantasy', 'Mystery']",0,"['Emily Hall', 'Walker Barnes', 'Tristan Cunningham']",97,0,FALSE,FALSE,2021,10,FALSE,FALSE,2.8372,0.8896,1.4,0,2.079441542,0,0,0,5470,7,1094,1.4,FALSE
793506,Bastille ReOrchestrated,2021-02-10,2.6617,9.5,2,FALSE,['Amazon Prime Video'],Tom Middleton,"['Music', 'Documentary']",0,"['Dan Smith', 'Kyle Simmons', 'Chris ""Woody"" Wood']",70,2,FALSE,FALSE,2021,2,FALSE,FALSE,0.097,0,0.4,0,1.098612289,0,0,0,10106,183,2021.2,36.6,FALSE
532648,Dementia Part II,2021-05-21,1.8494,4,2,TRUE,['Amazon Prime Video'],Matt Mercer,"['Horror', 'Comedy']",0,"['Matt Mercer', 'Graham Skipper', 'Stacy Snyder']",66,1,FALSE,FALSE,2021,5,TRUE,FALSE,0.7021,0.7021,0.4,0,1.098612289,0,0,0,5934,60,1186.8,12,FALSE
738057,616 Wilford Lane,2021-05-17,2.6493,4.8,12,FALSE,['Amazon Prime Video'],Dante Yore,"['Horror', 'Action']",0,"['Eric Roberts', 'Jasmine Waltz', 'Jessica Chancellor']",,0,FALSE,FALSE,2021,5,TRUE,FALSE,4.2801,0.2074,2.4,0,2.564949357,0,0,0,118114,250,23622.8,50,FALSE
805682,Horror in the High Desert,2021-03-27,1.6823,5.833,99,FALSE,['Amazon Prime Video'],Dutch Marich,['Horror'],0,"['Suziey Block', 'Tonya Williams Ogden', 'Eric Mencis']",80,2,FALSE,TRUE,2021,3,FALSE,FALSE,0.682,0.1057,19.8,0,4.605170186,0,0,0,169493,915,33898.6,183,FALSE
582292,13 Fanboy,2021-10-22,2.6233,5.1,67,TRUE,['Amazon Prime Video'],Deborah Voorhees,['Horror'],0,"['Dee Wallace', 'Hayley Greenbauer', 'Corey Feldman']",99,1,FALSE,FALSE,2021,10,FALSE,FALSE,3.7874,0.3607,13.4,0,4.219507705,0,0,0,11457,111,2291.4,22.2,FALSE
612925,Dark Corners,2021-02-05,2.258,3.75,4,FALSE,['Amazon Prime Video'],Richard Parry,['Thriller'],0,"['Sam Hazeldine', 'Julie Dray', 'Dany Verissimo-Petit']",90,2,FALSE,FALSE,2021,2,FALSE,FALSE,1.3458,0.1288,0.8,0,1.609437912,0,0,0,103558,0,20711.6,0,FALSE
883901,Christmas Lovers Anonymous,2021-10-30,2.1817,5.4,14,FALSE,['Amazon Prime Video'],Lexi Giovagnoli,"['TV Movie', 'Comedy', 'Romance']",0,"['Brooke Burfitt', 'Houston Rhines', 'Bridget Fitzgerald']",90,2,FALSE,FALSE,2021,10,FALSE,FALSE,1.1122,0.6602,2.8,0,2.708050201,0,0,0,41500,218,8300,43.6,FALSE
821969,The Legend of the Underground,2021-06-10,1.408,4.8,10,FALSE,['HBO Max'],Giselle Bailey,['Documentary'],0,"['Mikael Ighodaro', 'Olumide Makanjuola', 'Papa Oyeyemi']",86,3,FALSE,FALSE,2021,6,TRUE,FALSE,0.0261,0.0168,2,0,2.397895273,0,0,0,31183,402,6236.6,80.4,FALSE
788610,Fake Famous,2021-02-02,2.4669,7.095,42,FALSE,['HBO Max'],Nick Bilton,['Documentary'],0,"['Christopher Bailey', 'Osiris Bashir', 'Justine Bateman']",86,1,FALSE,FALSE,2021,2,FALSE,FALSE,1.9339,0.1621,8.4,0,3.761200116,0,0,0,750033,6099,150006.6,1219.8,FALSE
831405,Injustice,2021-10-09,2.5478,7.348,818,FALSE,['HBO Max'],Matt Peters,"['Animation', 'Science Fiction', 'Fantasy', 'Action']",0,"['Justin Hartley', 'Anson Mount', 'Laura Bailey']",78,2,FALSE,FALSE,2021,10,FALSE,FALSE,2.7263,0.2921,163.6,0,6.708084084,100,1290,0.13,2127296,73232,425459.2,14646.4,TRUE
802610,Sharks of the Corn,2021-02-25,2.1784,2.9,15,FALSE,['Amazon Prime Video'],Tim Ritter,"['Horror', 'Comedy']",0,"['Shannon Stockin', 'Ford Windstar', 'Steven Guynn']",105,2,FALSE,FALSE,2021,2,FALSE,FALSE,0.1513,0.2129,3,0,2.772588722,0,0,0,30449,215,6089.8,43,FALSE
903270,The Matchmaker,2021-11-24,2.274,6,1,FALSE,['Amazon Prime Video'],Tamera Hill,"['Romance', 'Comedy']",0,"['Dawn Halfkenny', 'Shirley Murdock', 'Trae Ireland']",116,1,FALSE,FALSE,2021,11,FALSE,TRUE,1.0405,0.2396,0.2,0,0.6931471806,0,0,0,6129,52,1225.8,10.4,FALSE
893203,Rhys Darby: Mystic Time Bird,2021-11-02,1.5523,6.5,2,FALSE,['Amazon Prime Video'],Barry Castagnola,['Comedy'],0,"['Rhys Darby', 'Rachel House']",83,1,FALSE,FALSE,2021,11,FALSE,TRUE,1.9156,0.1318,0.4,0,1.098612289,0,0,0,9251,143,1850.2,28.6,FALSE
806690,Edge of the World,2021-06-04,1.9847,5.6,79,FALSE,['Amazon Prime Video'],Michael Haussman,"['Drama', 'Adventure', 'History']",0,"['Jonathan Rhys Meyers', 'Josie Ho', 'Dominic Monaghan']",101,1,FALSE,FALSE,2021,6,TRUE,FALSE,3.8713,0.18,15.8,0,4.382026635,100,654,0,2957721,18209,591544.2,3641.8,FALSE
978570,"Country Legends: Dolly Parton, Porter Wagoner & Friends",2021-10-19,1.7834,0,0,FALSE,['Amazon Prime Video'],,['Music'],0,"['Porter Wagoner', 'Dolly Parton', 'Freddy Fender']",132,1,FALSE,FALSE,2021,10,FALSE,FALSE,1.6944,0,0,0,0,0,0,0,853,2,170.6,0.4,FALSE
614409,To All the Boys: Always and Forever,2021-02-12,2.2366,7.513,2019,FALSE,['Netflix'],Michael Fimognari,"['Romance', 'Comedy', 'Drama']",0,"['Lana Condor', 'Noah Centineo', 'Janel Parrish']",115,2,FALSE,TRUE,2021,2,FALSE,FALSE,4.4609,0.1992,403.8,0,7.61085279,100,387,0,6628218,220606,1325643.6,44121.2,TRUE
1062582,Shortstober with Big City Greens,2021-10-23,1.5348,5,1,FALSE,['Disney Plus'],Sabrina Alberghetti,"['Animation', 'Comedy', 'TV Movie']",0,"['Chris Houghton', 'Artemis Pebdani', 'Marieve Herington']",23,0,FALSE,TRUE,2021,10,FALSE,FALSE,0.7639,0.2773,0.2,0,0.6931471806,0,0,0,5673266,16538,1134653.2,3307.6,FALSE
716612,Spencer,2021-11-05,2.644,6.743,1767,TRUE,['Netflix'],Pablo Larraín,"['Drama', 'History']",18000000,"['Kristen Stewart', 'Timothy Spall', 'Jack Nielen']",116,5,FALSE,FALSE,2021,11,FALSE,TRUE,4.9595,0.5027,353.4,16.70588237,7.477604243,100,1208,0.23,14532657,48454,2906531.4,9690.8,TRUE
838180,For the Love of Chocolate,2021-10-27,1.1547,6.2,13,FALSE,['Amazon Prime Video'],Nicole G. Leier,"['TV Movie', 'Comedy', 'Romance', 'Family']",0,"['Rhiannon Fish', 'Jesse Hutch', 'Darien Martin']",85,0,FALSE,FALSE,2021,10,FALSE,FALSE,2.776,0.3881,2.6,0,2.63905733,0,0,0,12141,105,2428.2,21,FALSE
666680,La Flamme Rouge,2021-11-05,2.097,5,5,FALSE,['Amazon Prime Video'],Derek Maze,"['Crime', 'Drama', 'Thriller']",0,"['Balthazar Getty', 'George Griffith', 'Nicole LaLiberte']",94,0,FALSE,FALSE,2021,11,FALSE,TRUE,0.9766,0.1593,1,0,1.791759469,0,0,0,2142,6,428.4,1.2,FALSE
681355,North Hollywood,2020-02-13,2.1401,5.5,44,FALSE,"['Netflix', 'Amazon Prime Video']",Mikey Alfred,"['Comedy', 'Drama']",1800000,"['Ryder McLaughlin', 'Miranda Cosgrove', 'Vince Vaughn']",94,1,FALSE,FALSE,2020,2,FALSE,FALSE,5.2009,0.1392,7.333333333,14.40329778,3.80666249,100,451,0,3752832,82235,625472,13705.83333,FALSE
845887,7th & Union,2021-06-02,2.1505,7.47,66,FALSE,['Amazon Prime Video'],Anthony Nardolillo,['Drama'],0,"['Omar Chaparro', 'Edy Ganem', 'Felipe Esparza']",98,0,FALSE,FALSE,2021,6,TRUE,FALSE,1.3178,0.079,13.2,0,4.204692619,0,0,0,3201,9,640.2,1.8,FALSE
844584,Fin,2021-07-13,2.4527,6.6,7,FALSE,['HBO Max'],Eli Roth,['Documentary'],0,['Eli Roth'],100,3,FALSE,FALSE,2021,7,TRUE,FALSE,1.4773,1.4773,1.4,0,2.079441542,0,0,0,86730,1210,17346,242,FALSE
882486,Borrowed Future,2021-08-17,2.4048,0,0,TRUE,['Amazon Prime Video'],David DiCicco,['Documentary'],0,"['Dave Ramsey', 'Mike Rowe', ""Anthony O'Neal""]",84,0,FALSE,FALSE,2021,8,TRUE,FALSE,0.0441,0.0214,0,0,0,0,0,0,851823,4215,170364.6,843,FALSE
781032,All My Friends Are Dead,2021-10-31,1.7655,2.2,4,TRUE,['Amazon Prime Video'],Brandon Guiles,"['Horror', 'Comedy', 'Drama']",0,"['Natalie Schwartz', 'Bruce Falcon', 'David Waldman']",,0,FALSE,FALSE,2021,10,FALSE,FALSE,0.0552,0.0571,0.8,0,1.609437912,0,0,0,56789,414,11357.8,82.8,FALSE
800762,Sensation,2021-12-31,2.6833,5.5,10,FALSE,['Amazon Prime Video'],Martin Grof,"['Thriller', 'Mystery', 'Science Fiction']",0,"['Eugene Simon', 'Emily Wyatt', 'Jennifer Martin']",90,0,FALSE,FALSE,2021,12,FALSE,TRUE,0.6497,0.0989,2,0,2.397895273,0,0,0,280756,564,56151.2,112.8,FALSE
824649,100m Criminal Conviction,2021-04-29,1.5459,5,1,TRUE,['Amazon Prime Video'],Kathi Selvakumar,"['Crime', 'Drama', 'Thriller', 'Romance']",0,"['Khanya Alexis', 'Raveendran Arumugam', 'Kayla Chambers']",92,0,FALSE,FALSE,2021,4,FALSE,FALSE,0.0071,0.0071,0.2,0,0.6931471806,0,0,0,53195,87,10639,17.4,FALSE
1130257,Great American Race Game,2021-08-11,1.7072,0,0,FALSE,['Amazon Prime Video'],Martin Durkin,['Documentary'],0,"['Bevelyn Beatty', 'Larry Elder', 'Kmele Foster']",82,0,FALSE,FALSE,2021,8,TRUE,FALSE,0.3235,0.0656,0,0,0,0,0,0,0,13,0,2.6,FALSE
853540,The Christmas Dance,2021-09-21,2.3742,3.8,6,FALSE,['Amazon Prime Video'],Michael Arcell,"['Drama', 'Romance']",0,"['Kristen Vaganos', 'Carson Nicely', 'Katherine Kelly Lang']",94,1,FALSE,FALSE,2021,9,FALSE,FALSE,0.6944,0.0412,1.2,0,1.945910149,0,0,0,7976,62,1595.2,12.4,FALSE
701265,The State of Texas vs. Melissa,2020-04-15,2.177,5.4,4,FALSE,"['Amazon Prime Video', 'Hulu']",Sabrina Van Tassel,['Documentary'],0,['Melissa Lucio'],102,0,FALSE,FALSE,2020,4,FALSE,FALSE,0.0143,0.4779,0.6666666667,0,1.609437912,0,0,0,91976,484,15329.33333,80.66666667,FALSE
722603,Battlefield 2025,2020-07-07,2.1914,3.8,8,FALSE,['Amazon Prime Video'],Joseph Mbah,"['Science Fiction', 'Horror', 'Action']",0,"['Jose Rosete', 'Anna Harr', 'Dustin Leighton']",85,0,FALSE,FALSE,2020,7,TRUE,FALSE,0.957,0.112,1.333333333,0,2.197224577,100,440,0,321010,694,53501.66667,115.6666667,FALSE
898269,Michael Che: Shame the Devil,2021-11-16,1.9744,6.81,21,FALSE,['Netflix'],Kristian Mercado Figueroa,['Comedy'],0,['Michael Che'],58,1,FALSE,FALSE,2021,11,FALSE,TRUE,0.0336,0.9661,4.2,0,3.091042453,0,0,0,100588,1907,20117.6,381.4,FALSE
693730,Charming the Hearts of Men,2021-08-13,2.2413,5.6,29,FALSE,['Amazon Prime Video'],S.E. DeRose,['Drama'],0,"['Anna Friel', 'Sean Astin', 'Kelsey Grammer']",107,1,FALSE,FALSE,2021,8,TRUE,FALSE,4.2093,0.0239,5.8,0,3.401197382,100,100,0,12026,42,2405.2,8.4,FALSE
835679,Blind Ghost,2021-06-01,2.4566,5,7,FALSE,['Amazon Prime Video'],Stuart Paul,"['Horror', 'Thriller']",0,"['Alix Villaret', 'Lindsey Sirera', 'Casey Graf']",92,1,FALSE,FALSE,2021,6,TRUE,FALSE,0.5418,0.541,1.4,0,2.079441542,0,0,0,55482,110,11096.4,22,FALSE
926374,Scarlett,2021-12-31,2.4682,0,0,FALSE,['Amazon Prime Video'],,['TV Movie'],0,"['Taja V. Simpson', 'Tom Sizemore', 'Bob Gunton']",,0,FALSE,FALSE,2021,12,FALSE,TRUE,2.2685,0,0,0,0,0,0,0,31149,536,6229.8,107.2,FALSE
763040,A Crime on the Bayou,2021-06-18,1.5496,6,3,TRUE,['Amazon Prime Video'],Nancy Buirski,"['Documentary', 'Crime']",0,['N/A'],91,4,FALSE,FALSE,2021,6,TRUE,FALSE,0.2205,0.1093,0.6,0,1.386294361,0,0,0,30321,180,6064.2,36,FALSE
996036,Best Years Gone,2021-09-18,1.4752,5,1,FALSE,['Amazon Prime Video'],Shane Hagedorn,"['Drama', 'Comedy']",0,"['DJ Perry', 'Erika Hoveland', 'Terence Knox']",94,0,FALSE,FALSE,2021,9,FALSE,FALSE,1.2478,0.2955,0.2,0,0.6931471806,0,0,0,28558,82,5711.6,16.4,FALSE
771468,Giddy Stratospheres,2021-07-14,1.7587,3.5,2,FALSE,['Amazon Prime Video'],Laura Jean Marsh,['Drama'],0,"['Jamal Franklin', 'Laura Jean Marsh', 'Nick Helm']",68,0,FALSE,FALSE,2021,7,TRUE,FALSE,0.7712,0.0948,0.4,0,1.098612289,0,0,0,16643,70,3328.6,14,FALSE
818270,Erica Rhodes: La Vie en Rhodes,2021-04-13,1.6008,0,0,FALSE,['Amazon Prime Video'],Brian Volk-Weiss,['Comedy'],0,['Erica Rhodes'],61,0,FALSE,FALSE,2021,4,FALSE,FALSE,0,0.3144,0,0,0,0,0,0,3852,59,770.4,11.8,FALSE
592863,Respect,2021-08-13,1.8794,6.772,446,TRUE,['Netflix'],Liesl Tommy,"['Drama', 'Music', 'History']",55000000,"['Jennifer Hudson', 'Forest Whitaker', 'Marlon Wayans']",145,6,FALSE,FALSE,2021,8,TRUE,FALSE,4.452,0.528,89.2,17.82284376,6.102558595,100,1002,0.15,8238969,54429,1647793.8,10885.8,TRUE
835551,Masquerade,2021-07-30,2.1315,5.5,102,FALSE,['Amazon Prime Video'],Shane Dax Taylor,['Thriller'],2500000,"['Alyvia Alyn Lind', 'Bella Thorne', 'Mircea Monroe']",80,3,FALSE,FALSE,2021,7,TRUE,FALSE,2.851,0.5421,20.4,14.73180169,4.634728988,100,698,0.68,340848,1976,68169.6,395.2,FALSE
853291,Bookworm and the Beast,2021-04-23,2.3131,6.5,11,FALSE,['Amazon Prime Video'],Brandon Ho,['Romance'],0,"['Nicola Posener', 'Jake Stormoen', 'Aubrey Reynolds']",83,2,FALSE,FALSE,2021,4,FALSE,FALSE,1.7523,0.0456,2.2,0,2.48490665,0,0,0,3271567,22575,654313.4,4515,FALSE
794461,Nemesis,2021-03-29,2.1317,3.8,4,TRUE,['Amazon Prime Video'],James Crow,"['Crime', 'Thriller']",0,"['Billy Murray', 'Nick Moran', 'Bruce Payne']",97,1,FALSE,FALSE,2021,3,FALSE,FALSE,1.5087,0.5555,0.8,0,1.609437912,100,460,0,341060,9714,68212,1942.8,FALSE
797481,"Tom Petty, Somewhere You Feel Free",2021-10-20,1.9032,6.6,8,TRUE,['Amazon Prime Video'],Martyn Atkins,"['Documentary', 'Music']",0,"['Tom Petty', 'Mike Campbell', 'Benmont Tench']",89,2,FALSE,FALSE,2021,10,FALSE,FALSE,0.3895,0.2195,1.6,0,2.197224577,100,100,0,379835,3918,75967,783.6,FALSE
743599,Plan B,2021-05-28,2.8102,6.167,99,FALSE,['Hulu'],Natalie Morales,['Comedy'],0,"['Kuhoo Verma', 'Victoria Moroles', 'Michael Provost']",108,3,FALSE,FALSE,2021,5,TRUE,FALSE,2.4487,1.7413,19.8,0,4.605170186,0,0,0,40307,95,8061.4,19,FALSE
881857,Mistletoe in Montana,2021-12-17,1.9972,5.4,14,FALSE,['Hulu'],Kellie Martin,"['Comedy', 'Romance', 'TV Movie']",0,"['Melissa Joan Hart', 'Michael Grant Terry', 'Jamey Sheridan']",88,3,FALSE,FALSE,2021,12,FALSE,TRUE,1.6886,1.1377,2.8,0,2.708050201,0,0,0,10084,46,2016.8,9.2,FALSE
866288,Drunken Master Su Qier,2021-08-25,1.9323,7.5,4,FALSE,['Amazon Prime Video'],Li Dachuan,['N/A'],0,"['Cheng Qimeng', 'Chen Guoliang', 'Shi Xuanru']",73,0,FALSE,FALSE,2021,8,TRUE,FALSE,0.887,0.0071,0.8,0,1.609437912,0,0,0,50219,87,10043.8,17.4,FALSE
597891,Kate,2021-09-10,1.9876,6.63,1638,FALSE,['Netflix'],Cedric Nicolas-Troyan,"['Action', 'Thriller']",25000000,"['Mary Elizabeth Winstead', 'Miku Martineau', 'Woody Harrelson']",106,3,FALSE,FALSE,2021,9,FALSE,FALSE,6.2748,0.2419,327.6,17.03438642,7.401841579,0,0,0,4360040,61325,872008,12265,FALSE
823754,Bo Burnham: Inside,2021-07-22,2.3375,8.007,567,FALSE,['Netflix'],Bo Burnham,"['Comedy', 'Drama']",0,['Bo Burnham'],88,1,FALSE,FALSE,2021,7,TRUE,FALSE,0.6081,0.6081,113.4,0,6.342121419,100,222,0,102606,3095,20521.2,619,FALSE
656584,To Olivia,2021-02-19,2.1438,6.9,28,FALSE,['Amazon Prime Video'],John Hay,['Drama'],200000,"['Hugh Bonneville', 'Keeley Hawes', 'Sam Heughan']",99,4,FALSE,FALSE,2021,2,FALSE,FALSE,2.7107,0.2687,5.6,12.20607765,3.36729583,100,287,0,194619,1025,38923.8,205,FALSE
748835,The Disappearance of Toby Blackwood,2021-10-06,2.4126,2,1,FALSE,['Amazon Prime Video'],Joe Ahern,"['Comedy', 'Mystery']",0,"['Grant Harvey', 'Joe Ahern', 'Doug Mellard']",77,0,FALSE,FALSE,2021,10,FALSE,FALSE,0.9136,0.0311,0.2,0,0.6931471806,0,0,0,6539,50,1307.8,10,FALSE
778552,The Penitent Thief,2020-12-22,2.1663,5.8,27,FALSE,['Amazon Prime Video'],Lucas Miles,"['Drama', 'Fantasy']",0,"['Kevin Sorbo', 'James Russo', 'Major Dodge']",93,2,FALSE,FALSE,2020,12,FALSE,TRUE,1.9469,0.1484,4.5,0,3.33220451,100,168,0,41635,97,6939.166667,16.16666667,FALSE
890244,A Stalker in the House,2021-11-06,1.2517,5.3,10,FALSE,['Amazon Prime Video'],Jared Cohn,['Thriller'],400000,"['Veronika Issa', 'Jack Pearson', 'Scout Taylor-Compton']",84,2,FALSE,FALSE,2021,11,FALSE,TRUE,2.0255,0,2,12.89922233,2.397895273,0,0,0,0,717,0,143.4,FALSE
693827,Lansky,2021-06-25,2.1355,5.963,160,FALSE,['Amazon Prime Video'],Eytan Rockaway,"['Crime', 'Drama', 'Thriller']",5000000,"['Harvey Keitel', 'Sam Worthington', 'John Magaro']",119,7,FALSE,FALSE,2021,6,TRUE,FALSE,8.654,0.5819,32,15.42494867,5.081404365,100,857,0,716679,1832,143335.8,366.4,FALSE
537116,"tick, tick... BOOM!",2021-11-12,2.0148,7.61,2223,FALSE,['Netflix'],Lin-Manuel Miranda,"['Drama', 'Music']",0,"['Andrew Garfield', 'Alexandra Shipp', 'Robin de Jesús']",120,2,FALSE,FALSE,2021,11,FALSE,TRUE,6.8867,1.3945,444.6,0,7.707062655,0,0,0,7267994,153351,1453598.8,30670.2,TRUE
1494901,Children of Shanghai,2021-06-01,1.5511,10,1,FALSE,['Amazon Prime Video'],Richard Nash,['Documentary'],0,['Bear Grylls'],60,0,FALSE,FALSE,2021,6,TRUE,FALSE,1.1469,0.2372,0.2,0,0.6931471806,0,0,0,152034,337,30406.8,67.4,FALSE
793442,The Clue to Love,2023-01-22,2.0926,5.9,23,FALSE,['Amazon Prime Video'],Graeme Campbell,"['TV Movie', 'Comedy', 'Romance', 'Family']",0,"['Rachel Bles', 'Travis Milne', 'Kyra Harper']",85,3,FALSE,FALSE,2023,1,FALSE,FALSE,0.8473,0.3294,7.666666667,0,3.17805383,100,100,0,446271,2677,148757,892.3333333,FALSE
761534,Baby Money,2021-08-10,2.0161,5.8,19,FALSE,['Amazon Prime Video'],Luc Walpoth,"['Thriller', 'Crime']",0,"['Danay García', 'Taja V. Simpson', 'Michael Drayer']",93,0,FALSE,FALSE,2021,8,TRUE,FALSE,1.4344,0.3093,3.8,0,2.995732274,0,0,0,165063,786,33012.6,157.2,FALSE
898869,Ace & the Christmas Miracle,2021-11-16,1.3644,5.7,3,TRUE,['Amazon Prime Video'],Asif Akbar,"['Comedy', 'Family']",0,"['Jon Lovitz', 'Brande Roderick', 'James Chalke']",91,0,FALSE,FALSE,2021,11,FALSE,TRUE,1.5558,1.1832,0.6,0,1.386294361,0,0,0,19874,178,3974.8,35.6,FALSE
857729,Untold: Deal with the Devil,2021-08-17,1.4058,6.857,63,FALSE,['Netflix'],Laura Brownson,['Documentary'],0,"['Christy Martin', 'Mike Tyson', 'Deirdre Gogarty']",77,2,FALSE,FALSE,2021,8,TRUE,FALSE,0.2077,0.0983,12.6,0,4.158883083,0,0,0,156422,1746,31284.4,349.2,FALSE
786300,Tentacles,2021-02-12,2.1123,5.8,117,FALSE,['Hulu'],Clara Aranovich,"['Horror', 'Romance', 'Science Fiction', 'Thriller']",0,"['Dana Drori', 'Casey Deidrick', 'Kasey Elise']",84,2,FALSE,FALSE,2021,2,FALSE,FALSE,0.6132,0.1186,23.4,0,4.770684624,0,0,0,52947,390,10589.4,78,FALSE
856325,The Real Sharknado,2021-07-14,1.8692,3.2,3,FALSE,['HBO Max'],,"['Documentary', 'Comedy']",0,"['Ian Ziering', 'Tara Reid', 'Tristan Guttridge']",42,3,FALSE,FALSE,2021,7,TRUE,FALSE,2.3685,0,0.6,0,1.386294361,0,0,0,3068664,8577,613732.8,1715.4,FALSE
775996,Outside the Wire,2021-01-15,1.913,6.352,1869,FALSE,['Netflix'],Mikael Håfström,"['Thriller', 'Action', 'Science Fiction']",0,"['Anthony Mackie', 'Damson Idris', 'Enzo Cilenti']",116,4,FALSE,FALSE,2021,1,FALSE,FALSE,4.8842,0.4491,373.8,0,7.53369371,100,704,0.08,4371300,48428,874260,9685.6,TRUE
754325,The Retreat,2020-11-10,2.2004,4.2,14,FALSE,['Amazon Prime Video'],Bruce Wemple,['Horror'],0,"['Grant Schumacher', 'Dylan Grunn', 'Chris Cimperman']",88,2,FALSE,FALSE,2020,11,FALSE,TRUE,0.2674,0.2468,2.333333333,0,2.708050201,100,190,0.07,449250,3011,74875,501.8333333,FALSE
891740,Saint Cecilia of Spiralence,2021-08-23,1.916,4.5,2,FALSE,['Amazon Prime Video'],Al Carretta,['Drama'],0,"['Al Carretta', 'Charlotte Reidie', 'Alex Stevens']",90,1,FALSE,FALSE,2021,8,TRUE,FALSE,0.1734,0.1734,0.4,0,1.098612289,0,0,0,5118,0,1023.6,0,FALSE
512025,There's Someone Inside Your House,2021-09-24,1.3712,5.357,739,FALSE,['Netflix'],Patrick Brice,"['Horror', 'Mystery']",0,"['Sydney Park', 'Théodore Pellerin', 'Asjha Cooper']",96,2,FALSE,FALSE,2021,9,FALSE,FALSE,1.1266,0.4124,147.8,0,6.606650186,0,0,0,2865820,33141,573164,6628.2,FALSE
881464,Fear PHarm 2,2021-10-19,1.6472,5.5,16,FALSE,['Amazon Prime Video'],Dante Yore,['Horror'],0,"['John Littlefield', 'Aimee Stolte', 'Tiana Tuttle']",75,2,FALSE,TRUE,2021,10,FALSE,FALSE,0.8169,0.2074,3.2,0,2.833213344,100,100,0,730,12,146,2.4,FALSE
776559,How It Ends,2021-07-20,1.8558,4.8,90,FALSE,['Amazon Prime Video'],Daryl Wein,"['Comedy', 'Drama']",0,"['Zoe Lister-Jones', 'Cailee Spaeny', 'Whitney Cummings']",83,1,FALSE,FALSE,2021,7,TRUE,FALSE,6.6084,0.3084,18,0,4.510859507,100,938,0,13890246,93886,2778049.2,18777.2,TRUE
559581,Stowaway,2021-04-22,1.929,5.971,604,FALSE,['Netflix'],Joe Penna,"['Science Fiction', 'Drama', 'Thriller', 'Adventure']",10000000,"['Anna Kendrick', 'Toni Collette', 'Daniel Dae Kim']",116,11,FALSE,FALSE,2021,4,FALSE,FALSE,5.2204,0.2983,120.8,16.11809575,6.405228458,0,0,0,4018299,42926,803659.8,8585.2,FALSE
810873,Single All the Way,2021-12-02,1.7093,6.4,415,FALSE,['Netflix'],Michael Mayer,"['Romance', 'Comedy']",0,"['Michael Urie', 'Philemon Chambers', 'Luke Macfarlane']",99,1,FALSE,FALSE,2021,12,FALSE,TRUE,1.6885,0.6398,83,0,6.03068526,0,0,0,1916960,40028,383392,8005.6,FALSE
770725,Circle of Bones,2021-07-10,1.7277,4,2,FALSE,['Amazon Prime Video'],Vincent Soberano,"['Horror', 'Action', 'Crime']",0,"['Sarah Chang', 'Marela Torre', 'Jana Victoria']",80,2,FALSE,FALSE,2021,7,TRUE,FALSE,0.495,0.0718,0.4,0,1.098612289,0,0,0,5507,71,1101.4,14.2,FALSE
737611,Are You Happy Now,2021-12-07,2.3955,4,1,TRUE,['Amazon Prime Video'],David Beinstein,"['Romance', 'Comedy']",0,"['Ismenia Mendes', 'Josh Ruben', 'Catherine Curtin']",92,0,FALSE,FALSE,2021,12,FALSE,TRUE,1.4656,0,0.2,0,0.6931471806,0,0,0,14346,28,2869.2,5.6,FALSE
779004,Love in Full Swing,2021-04-13,2.1056,5.2,12,FALSE,['Amazon Prime Video'],Heather Hawthorn-Doyle,"['TV Movie', 'Romance', 'Comedy', 'Family']",0,"['Sarah Smyth', 'Andrew Dunbar', 'Matthew Kevin Anderson']",85,0,FALSE,FALSE,2021,4,FALSE,FALSE,1.7824,0.3088,2.4,0,2.564949357,0,0,0,0,349,0,69.8,FALSE
672647,The Map of Tiny Perfect Things,2021-02-12,1.7663,7.128,850,FALSE,['Amazon Prime Video'],Ian Samuels,"['Fantasy', 'Romance']",0,"['Kyle Allen', 'Kathryn Newton', 'Jermaine Harris']",99,3,FALSE,FALSE,2021,2,FALSE,FALSE,4.3844,0.3076,170,0,6.746412129,0,0,0,6425508,30918,1285101.6,6183.6,TRUE
874396,My Dead Dad,2021-10-07,2.2594,4,6,FALSE,['HBO Max'],Fabio Frey,"['Drama', 'Comedy']",0,"['Raymond Cruz', 'Pedro Correa', 'Courtney Dietz']",93,3,FALSE,FALSE,2021,10,FALSE,FALSE,6.7481,0.1186,1.2,0,1.945910149,0,0,0,237893,3372,47578.6,674.4,FALSE
531820,Made in Chinatown,2021-05-10,1.9325,5.625,8,FALSE,['Amazon Prime Video'],James Lew,"['Action', 'Comedy']",0,"['Jay Kwon', 'Shuya Chang', 'Raymond J. Barry']",89,1,FALSE,FALSE,2021,5,TRUE,FALSE,1.0709,0.4183,1.6,0,2.197224577,0,0,0,45493,245,9098.6,49,FALSE
869016,The Carducci Talent Show,2021-08-01,1.3315,2.7,3,FALSE,['Amazon Prime Video'],Anthony Fanelli,"['Comedy', 'Horror']",0,"['Saydee Dickinson', 'Johnno Wilson', 'Sara Fletcher']",36,0,FALSE,FALSE,2021,8,TRUE,FALSE,0.5933,0.0261,0.6,0,1.386294361,0,0,0,13879,28,2775.8,5.6,FALSE
787310,Survive the Game,2021-10-08,1.6954,5.3,183,FALSE,['Amazon Prime Video'],James Cullen Bressack,"['Action', 'Thriller', 'Crime']",0,"['Chad Michael Murray', 'Swen Temmel', 'Bruce Willis']",97,1,FALSE,FALSE,2021,10,FALSE,FALSE,6.0579,0.2088,36.6,0,5.214935758,0,0,0,457910,2281,91582,456.2,FALSE
912676,The Devil's Ring,2021-12-06,2.2662,0,0,FALSE,['Amazon Prime Video'],Juan Salas,"['Action', 'Drama']",0,"['Damian Chapa', 'Victor Rivers', 'Cameron Vitosh']",95,0,FALSE,FALSE,2021,12,FALSE,TRUE,1.3778,0.0636,0,0,0,0,0,0,18614,150,3722.8,30,FALSE
795422,Red River Road,2020-09-01,1.6594,0,0,FALSE,['Amazon Prime Video'],Paul Schuyler,"['Horror', 'Thriller']",125000,"['Art Devine', 'Jade Schuyler', 'Paul Schuyler']",90,1,FALSE,FALSE,2020,9,FALSE,FALSE,0.0453,0.0071,0,11.73607702,0,0,0,0,0,2,0,0.3333333333,FALSE
644092,Finding ʻOhana,2021-01-29,1.2759,6.2,435,FALSE,['Netflix'],Jude Weng,"['Adventure', 'Action', 'Comedy', 'Family']",0,"['X Mayo', 'Kyndra Sanchez', 'Alex Aiono']",123,1,FALSE,FALSE,2021,1,FALSE,FALSE,0.8717,0.4058,87,0,6.077642243,0,0,0,2400106,26097,480021.2,5219.4,FALSE
793807,Dark State,2021-03-19,2.3897,0,0,TRUE,['Amazon Prime Video'],Tracy Lucca,"['Crime', 'Drama', 'Mystery', 'Thriller']",0,"['Constantine Maroulis', 'Nicholas Baroudi', 'Antoni Corone']",93,2,FALSE,FALSE,2021,3,FALSE,FALSE,1.0835,0.0534,0,0,0,0,0,0,64685,157,12937,31.4,FALSE
808865,The Believer,2021-04-02,1.8879,3.7,12,FALSE,['Amazon Prime Video'],Shan Serafin,['Horror'],0,"['Sophie Kargman', 'Billy Zane', 'Aidan Bristow']",91,0,FALSE,FALSE,2021,4,FALSE,FALSE,3.4736,0.0071,2.4,0,2.564949357,0,0,0,148536,1551,29707.2,310.2,FALSE
768449,American Badger,2021-06-15,1.9024,5.4,45,FALSE,['Amazon Prime Video'],Kirk Caouette,['Action'],0,"['Kirk Caouette', 'Andrea Stefancikova', 'Michael Kopsa']",88,2,FALSE,FALSE,2021,6,TRUE,FALSE,0.6386,0.2817,9,0,3.828641396,100,100,0,351280,555,70256,111,FALSE
671295,Blue Miracle,2021-05-27,1.7341,7.4,293,FALSE,['Netflix'],Julio Quintana,"['Adventure', 'Drama', 'Family']",0,"['Jimmy Gonzáles', 'Dennis Quaid', 'Anthony Gonzalez']",95,5,FALSE,FALSE,2021,5,TRUE,FALSE,3.6634,0.1674,58.6,0,5.683579767,100,983,0.06,1481468,12815,296293.6,2563,FALSE
678944,Mosley: It's Complicated,2021-07-09,1.967,8,1,FALSE,['Amazon Prime Video'],Michael Shevloff,['Documentary'],0,"['Max Mosley', 'Bernie Ecclestone', 'Flavio Briatore']",96,1,FALSE,FALSE,2021,7,TRUE,FALSE,0.4851,0.0363,0.2,0,0.6931471806,0,0,0,11709,74,2341.8,14.8,FALSE
844143,Jagged,2021-09-14,1.9123,7,25,FALSE,['HBO Max'],Alison Klayman,"['Music', 'Documentary']",0,"['Alanis Morissette', 'Glen Ballard', 'Taylor Hawkins']",97,3,FALSE,FALSE,2021,9,FALSE,FALSE,0.5217,0.6201,5,0,3.258096538,100,100,0,215266,2544,43053.2,508.8,FALSE
829035,Axeman at Cutter's Creek,2021-05-06,1.8316,3.5,12,FALSE,['Amazon Prime Video'],Joston Theney,['Horror'],0,"['Elissa Dowling', 'Joston Theney', 'Tiffany Shepis']",78,1,FALSE,TRUE,2021,5,TRUE,FALSE,0.7215,0.3043,2.4,0,2.564949357,0,0,0,87237,269,17447.4,53.8,FALSE
672521,Mayday,2021-10-01,1.6374,4.946,57,FALSE,['Amazon Prime Video'],Karen Cinorre,"['Mystery', 'Fantasy', 'Drama']",0,"['Grace Van Patten', 'Mia Goth', 'Havana Rose Liu']",100,3,FALSE,FALSE,2021,10,FALSE,FALSE,4.2243,0.112,11.4,0,4.060443011,100,546,0,505331,2352,101066.2,470.4,FALSE
796126,Bad Cupid,2021-02-11,2.0673,4.3,7,FALSE,['Amazon Prime Video'],Diane Cossa,"['Comedy', 'Romance']",0,"['John Rhys-Davies', 'Shane Nepveu', 'Briana Marin']",81,2,FALSE,FALSE,2021,2,FALSE,FALSE,2.3438,0.2702,1.4,0,2.079441542,100,100,0,13319,60,2663.8,12,FALSE
1024552,A Holiday Homecoming,2021-11-15,2.1823,10,2,FALSE,['Amazon Prime Video'],Candice T. Cain,"['Romance', 'TV Movie', 'Family']",0,"['Kenney Myers', 'Taryn Hacker', 'Jon Hacker']",84,3,FALSE,FALSE,2021,11,FALSE,TRUE,0.1141,0.6699,0.4,0,1.098612289,0,0,0,569,3,113.8,0.6,FALSE
873081,The Curse of Lizzie Borden,2021-09-10,1.5434,5.167,3,FALSE,['HBO Max'],Dan Bush,"['Documentary', 'Mystery']",0,['N/A'],,0,FALSE,FALSE,2021,9,FALSE,FALSE,0.2205,2.5744,0.6,0,1.386294361,100,100,0,10605,57,2121,11.4,FALSE
665824,The Wanting Mare,2021-02-05,1.6358,6.1,15,FALSE,['Amazon Prime Video'],Nicholas Ashe Bateman,"['Drama', 'Fantasy', 'Romance']",0,"['Jordan Monaghan', 'Yasamin Keshtkar', 'Christine Kellogg-Darrin']",89,2,FALSE,FALSE,2021,2,FALSE,FALSE,0.5442,1.1245,3,0,2.772588722,100,100,1,142350,1268,28470,253.6,FALSE
946977,Anchor Point,2021-03-21,1.7703,0,0,FALSE,['Amazon Prime Video'],Holly Tuckett,['Documentary'],0,"['Kelly Martin', 'Lacey England']",89,0,FALSE,FALSE,2021,3,FALSE,FALSE,0.0071,0.0454,0,0,0,0,0,0,41810,560,8362,112,FALSE
1005376,ReSet,2021-10-03,1.994,6,3,FALSE,['Amazon Prime Video'],David Sumner,"['Horror', 'Thriller']",0,"['Ben Barlow', 'Alyssa Corella', 'Bryna Vogel']",89,0,FALSE,FALSE,2021,10,FALSE,FALSE,0.0776,0.3603,0.6,0,1.386294361,100,1054,0.65,2382,0,476.4,0,FALSE
809215,Hustle Down,2021-09-30,2.0216,4.5,7,FALSE,['Amazon Prime Video'],R. Ellis Frazier,"['Action', 'Comedy', 'Crime']",0,"['Tom Sizemore', 'Paul Sidhu', 'Vanessa Angel']",98,0,FALSE,FALSE,2021,9,FALSE,FALSE,1.5345,0.3058,1.4,0,2.079441542,100,100,0,34717,82,6943.4,16.4,FALSE
795625,Lily Topples The World,2021-03-16,1.872,7.5,12,FALSE,['HBO Max'],Jeremy Workman,['Documentary'],0,"['Lily Hevesh', 'Jimmy Fallon', 'Casey Neistat']",90,1,FALSE,FALSE,2021,3,FALSE,FALSE,3.4341,0.2257,2.4,0,2.564949357,0,0,0,896669,6363,179333.8,1272.6,FALSE
672582,The Deep House,2021-11-05,1.4126,5.996,1063,FALSE,['Amazon Prime Video'],Alexandre Bustillo,"['Horror', 'Mystery']",0,"['James Jagger', 'Camille Rowe', 'Eric Savin']",85,10,FALSE,FALSE,2021,11,FALSE,TRUE,0.8787,0.2904,212.6,0,6.96979067,100,1336,0.27,1377826,7815,275565.2,1563,TRUE
793438,Fishing for Love,2022-01-16,1.9891,5.8,19,FALSE,['Amazon Prime Video'],David Bercovici-Artieda,"['TV Movie', 'Comedy', 'Romance']",0,"['Andrea Brooks', 'Spencer Lord', 'Garry Chalk']",84,3,FALSE,FALSE,2022,1,FALSE,FALSE,1.2132,0.0706,4.75,0,2.995732274,0,0,0,3745,66,936.25,16.5,FALSE
778998,Love Upstream,2021-08-22,2.1717,6.6,23,FALSE,['Amazon Prime Video'],William Corcoran,"['TV Movie', 'Comedy', 'Romance']",0,"['Kimberly-Sue Murray', 'Steve Lund', 'Jeff Teravainen']",85,2,FALSE,FALSE,2021,8,TRUE,FALSE,1.2993,0.07,4.6,0,3.17805383,0,0,0,365666,2387,73133.2,477.4,FALSE
825825,Crappy Mother's Day,2021-05-03,1.906,5,1,FALSE,['Amazon Prime Video'],Dan Karlok,['Comedy'],0,"['Jackie Debatin', 'Kristen Krak', 'Addison Anderson']",81,0,FALSE,FALSE,2021,5,TRUE,FALSE,0.9356,0.1605,0.2,0,0.6931471806,0,0,0,1902,6,380.4,1.2,FALSE
797484,Honesty Weekend,2021-02-15,2.0208,3,1,FALSE,['Amazon Prime Video'],Leslie Anne Thomas,['Comedy'],0,"['Adam Bartley', 'Natalie Ceballos', 'Dioni Michelle Collins']",89,1,FALSE,FALSE,2021,2,FALSE,FALSE,0.1332,0.0214,0.2,0,0.6931471806,100,100,0,18945,56,3789,11.2,FALSE
863668,For Your Own Sake,2021-07-17,1.8775,2,1,FALSE,['Amazon Prime Video'],Terra Glen Campbell,"['Drama', 'Crime', 'Comedy']",25000,"['Rob Moore', 'Darrell Philip', 'Margo Quinn']",82,0,FALSE,FALSE,2021,7,TRUE,FALSE,0.4506,0.0516,0.2,10.1266711,0.6931471806,0,0,0,144,1,28.8,0.2,FALSE
799555,Operation Varsity Blues: The College Admissions Scandal,2021-03-17,1.0344,6.813,142,FALSE,['Netflix'],Chris Smith,"['Documentary', 'Crime', 'Drama']",0,"['Matthew Modine', 'Roger Rignack', 'Jillian Peterson']",100,1,FALSE,FALSE,2021,3,FALSE,FALSE,3.9301,0.4704,28.4,0,4.96284463,0,0,0,1242878,20272,248575.6,4054.4,FALSE
642732,Roadrunner: A Film About Anthony Bourdain,2021-07-16,1.1226,6.858,81,TRUE,['HBO Max'],Morgan Neville,['Documentary'],0,"['Anthony Bourdain', 'Nancy Bourdain', 'Joel Rose']",119,3,FALSE,FALSE,2021,7,TRUE,FALSE,0.3456,0.134,16.2,0,4.406719247,0,0,0,4439893,31581,887978.6,6316.2,FALSE
893175,Kalahari: The Flooded Desert,2021-11-09,1.5409,10,1,FALSE,['Amazon Prime Video'],Tim Liversedge,['Documentary'],0,['Christopher Plummer'],52,4,FALSE,FALSE,2021,11,FALSE,TRUE,2.8951,0.0168,0.2,0,0.6931471806,0,0,0,186523,1735,37304.6,347,FALSE
1106091,They Survived Together,2021-12-06,1.7056,10,1,FALSE,['Amazon Prime Video'],John Rokosny,['Documentary'],0,['Tosia Neiger McCormick'],80,1,FALSE,FALSE,2021,12,FALSE,TRUE,0.0071,0.0214,0.2,0,0.6931471806,0,0,0,378,59,75.6,11.8,FALSE
919345,Ring of Desire,2021-11-09,1.7323,2.333,3,FALSE,['Amazon Prime Video'],Ronnie Nanos,"['Thriller', 'Horror']",0,"['Felissa Rose', 'Julie Anne Prescott', 'Mindy Gilkerson']",85,2,FALSE,FALSE,2021,11,FALSE,TRUE,0.6392,0.1228,0.6,0,1.386294361,0,0,0,5924,22,1184.8,4.4,FALSE
597890,Voyagers,2021-04-09,1.8716,5.97,933,TRUE,['Amazon Prime Video'],Neil Burger,"['Science Fiction', 'Thriller']",20000000,"['Tye Sheridan', 'Lily-Rose Depp', 'Fionn Whitehead']",108,2,FALSE,FALSE,2021,4,FALSE,FALSE,2.9575,0.7326,186.6,16.81124288,6.839476438,100,863,0.17,348090,4861,69618,972.2,TRUE
689762,Bastard's Crossing,2021-01-15,1.8478,4.7,3,FALSE,['Amazon Prime Video'],Travis Mills,"['Thriller', 'Western']",0,"['Ward Emling', 'Ashleigh Lewis', 'Creek Wilson']",95,0,FALSE,FALSE,2021,1,FALSE,FALSE,0.3347,0.1496,0.6,0,1.386294361,0,0,0,20573,30,4114.6,6,FALSE
798298,Love in Whitbrooke,2021-07-18,1.7084,6.75,19,FALSE,['Amazon Prime Video'],John Bradshaw,"['TV Movie', 'Comedy', 'Romance', 'Family']",0,"['Brittany Bristow', 'Corey Sevier', 'Julia Tomasone']",85,3,FALSE,FALSE,2021,7,TRUE,FALSE,1.6494,0,3.8,0,2.995732274,100,100,0,98,4,19.6,0.8,FALSE
863831,The Girl in Cabin 13,2021-08-24,1.4725,5.7,11,FALSE,['Amazon Prime Video'],Brendan Rudnicki,['Horror'],0,"['Chloë Marie Rhoades', 'Stuart Maxheimer', 'Reggie Johnson']",82,1,FALSE,FALSE,2021,8,TRUE,FALSE,0.5583,0.1214,2.2,0,2.48490665,100,441,0,63473,0,12694.6,0,FALSE
586101,Music,2021-02-10,2.0937,5.3,155,TRUE,['Amazon Prime Video'],Sia,"['Music', 'Drama']",16000000,"['Kate Hudson', 'Leslie Odom Jr.', 'Maddie Ziegler']",107,3,FALSE,FALSE,2021,2,FALSE,FALSE,5.9757,2.0021,31,16.58809934,5.049856007,100,1642,0.36,2445,13,489,2.6,FALSE
514995,Gully,2021-06-04,1.4102,5.154,65,FALSE,['Amazon Prime Video'],Nabil Elderkin,"['Drama', 'Crime']",0,"['Kelvin Harrison', 'Jr.', 'Jacob Latimore', 'Charlie Plummer']",84,2,FALSE,FALSE,2021,6,TRUE,FALSE,1.6333,0.3677,13,0,4.189654742,0,0,0,640169,2985,128033.8,597,FALSE
783231,Rock Camp: The Movie,2021-01-15,2.433,6.3,3,FALSE,['Amazon Prime Video'],Douglas Blush,"['Documentary', 'Music']",0,"['Alice Cooper', 'Roger Daltrey', 'Sammy Hagar']",87,0,FALSE,FALSE,2021,1,FALSE,FALSE,1.1612,0.5397,0.6,0,1.386294361,0,0,0,228800,861,45760,172.2,FALSE
797755,The New Air Force One: Flying Fortress,2021-02-16,1.0253,4.9,7,FALSE,['Disney Plus'],Scott Bateman,['Documentary'],0,"['Corey Johnson', 'Donald Trump', 'Barack Obama']",44,2,FALSE,FALSE,2021,2,FALSE,FALSE,2.7796,0.0545,1.4,0,2.079441542,0,0,0,3936026,34110,787205.2,6822,FALSE
498402,Aline,2022-01-21,2.1209,6.626,386,TRUE,['Amazon Prime Video'],Valérie Lemercier,"['Music', 'Comedy', 'Drama', 'Family']",25900000,"['Valérie Lemercier', 'Sylvain Marcel', 'Arnaud Préchac']",125,16,FALSE,FALSE,2022,1,FALSE,FALSE,0.4384,0.4384,96.5,17.06975357,5.958424693,0,0,0,312165,747,78041.25,186.75,FALSE
739542,America: The Motion Picture,2021-06-30,1.7275,5.7,254,FALSE,['Netflix'],Matt Thompson,"['Animation', 'Action', 'Comedy']",0,"['Channing Tatum', 'Jason Mantzoukas', 'Olivia Munn']",97,3,FALSE,FALSE,2021,6,TRUE,FALSE,5.1002,0.1088,50.8,0,5.541263545,100,519,0,1921031,39012,384206.2,7802.4,FALSE
776553,Playing with Sharks,2021-01-29,1.7322,7.6,11,FALSE,['Disney Plus'],Sally Aitken,['Documentary'],0,"['Valerie Taylor', 'Ron Taylor', 'Jeremiah S. Sullivan']",95,3,FALSE,FALSE,2021,1,FALSE,FALSE,1.2201,0.0892,2.2,0,2.48490665,0,0,0,114329,833,22865.8,166.6,FALSE
613911,Bliss,2021-02-05,1.5737,5.499,652,FALSE,['Amazon Prime Video'],Mike Cahill,"['Science Fiction', 'Romance', 'Drama']",0,"['Owen Wilson', 'Salma Hayek Pinault', 'Nesta Cooper']",103,3,FALSE,FALSE,2021,2,FALSE,FALSE,6.8279,0.4527,130.4,0,6.481577129,100,731,0.06,4674491,12662,934898.2,2532.4,FALSE
803861,The Stay,2021-03-16,1.8147,3.8,20,FALSE,['Amazon Prime Video'],Scott Hamm Duenas,['Thriller'],0,"['Rob Mayes', 'Scott Hamm Duenas', 'Nija Okoro']",87,0,FALSE,FALSE,2021,3,FALSE,FALSE,2.3353,0.231,4,0,3.044522438,100,1749,0.46,12303,0,2460.6,0,FALSE
823216,Red Stone,2021-12-03,2.0695,5.8,29,FALSE,['Amazon Prime Video'],Derek Presley,"['Action', 'Crime', 'Mystery', 'Thriller', 'Drama']",0,"['Neal McDonough', 'Dash Melrose', 'Michael Cudlitz']",100,1,FALSE,TRUE,2021,12,FALSE,TRUE,4.8432,0.1258,5.8,0,3.401197382,100,572,0,230825,816,46165,163.2,FALSE
459795,Broken Darkness,2021-10-29,2.1021,6.6,8,FALSE,['Amazon Prime Video'],Christopher-Lee dos Santos,"['Action', 'Drama', 'Science Fiction', 'Thriller']",0,"['Sean Cameron Michael', 'Suraya-Rose Santos', 'Brandon Auret']",118,2,FALSE,FALSE,2021,10,FALSE,FALSE,0.7486,0.0311,1.6,0,2.197224577,0,0,0,27796,91,5559.2,18.2,FALSE
906462,House of Glass,2021-11-29,1.9703,3.4,5,FALSE,['Amazon Prime Video'],Reyn Del Rio,"['Drama', 'Thriller']",0,"['Matt Abshire', 'Alexandra Bard', 'Stephen Ellis']",88,0,FALSE,FALSE,2021,11,FALSE,TRUE,0.1843,0.056,1,0,1.791759469,100,356,0,100185,287,20037,57.4,FALSE
606127,A Little Water,2021-02-09,2.4086,0,0,FALSE,['Amazon Prime Video'],Alexandra Zelman-Doring,['Drama'],0,"['Gregory James Cohan', 'Frances Eve', 'Pascal Yen-Pfister']",80,0,FALSE,FALSE,2021,2,FALSE,FALSE,1.0171,0.0429,0,0,0,0,0,0,0,1,0,0.2,FALSE
889418,Love Hurts,2022-02-14,2.201,3.25,12,FALSE,['Amazon Prime Video'],Hiroshi Katagiri,"['Thriller', 'Horror']",0,"['Sean Sprawling', 'Simon Phillips', 'Sarah J. Butler']",93,0,FALSE,FALSE,2022,2,FALSE,FALSE,0.1998,0.0495,3,0,2.564949357,100,100,0,15251686,65602,3812921.5,16400.5,FALSE
804244,The Day Sports Stood Still,2021-03-24,1.1527,6.4,14,FALSE,['HBO Max'],Antoine Fuqua,['Documentary'],0,"['Chris Paul', 'Natasha Cloud', 'Mookie Betts']",95,8,FALSE,FALSE,2021,3,FALSE,FALSE,0.1716,1.2857,2.8,0,2.708050201,0,0,0,9256,40,1851.2,8,FALSE
76600,Avatar: The Way of Water,2022-12-16,100.8395,7.607,13205,TRUE,['Disney Plus'],James Cameron,"['Action', 'Adventure', 'Science Fiction']",350000000,"['Sam Worthington', 'Zoe Saldaña', 'Sigourney Weaver']",192,3,TRUE,TRUE,2022,12,FALSE,TRUE,9.7002,7.5268,3301.25,19.67344372,9.488426551,100,1512,0.27,62521462,1046637,15630365.5,261659.25,TRUE
661374,Glass Onion: A Knives Out Mystery,2022-11-23,31.0175,7.037,6288,TRUE,['Netflix'],Rian Johnson,"['Comedy', 'Crime', 'Mystery']",40000000,"['Daniel Craig', 'Edward Norton', 'Janelle Monáe']",140,1,FALSE,TRUE,2022,11,FALSE,TRUE,7.8205,3.26,1572,17.50439004,8.746557355,100,454,0.23,16282672,100761,4070668,25190.25,TRUE
414906,The Batman,2022-03-04,17.488,7.66,11432,TRUE,['HBO Max'],Matt Reeves,"['Crime', 'Mystery', 'Thriller']",185000000,"['Robert Pattinson', 'Zoë Kravitz', 'Jeffrey Wright']",177,4,FALSE,TRUE,2022,3,FALSE,FALSE,5.7033,1.1824,2858,19.03586639,9.34425919,100,975,0.15,66668744,1374519,16667186,343629.75,TRUE
616037,Thor: Love and Thunder,2022-07-07,15.5275,6.389,8249,TRUE,['Disney Plus'],Taika Waititi,"['Fantasy', 'Action', 'Comedy']",250000000,"['Chris Hemsworth', 'Natalie Portman', 'Christian Bale']",119,2,FALSE,TRUE,2022,7,TRUE,FALSE,7.8189,4.6784,2062.25,19.33697148,9.017968479,0,0,0,60620864,1598264,15155216,399566,TRUE
505642,Black Panther: Wakanda Forever,2022-11-11,15.0443,7.022,7146,TRUE,['Disney Plus'],Ryan Coogler,"['Action', 'Adventure', 'Science Fiction']",250000000,"['Letitia Wright', 'Tenoch Huerta Mejía', ""Lupita Nyong'o""]",162,1,FALSE,TRUE,2022,11,FALSE,TRUE,3.4492,2.2265,1786.5,19.33697148,8.874447967,0,0,0,45798855,973721,11449713.75,243430.25,TRUE
766507,Prey,2022-08-02,15.8337,7.674,7397,FALSE,['Hulu'],Dan Trachtenberg,"['Thriller', 'Action', 'Science Fiction']",65000000,"['Amber Midthunder', 'Dakota Beavers', 'Michelle Thrush']",100,3,TRUE,TRUE,2022,8,TRUE,FALSE,2.612,0.7296,1849.25,17.98989784,8.908964972,0,0,0,16141599,122546,4035399.75,30636.5,TRUE
453395,Doctor Strange in the Multiverse of Madness,2022-05-06,14.0344,7.236,9929,TRUE,['Disney Plus'],Sam Raimi,"['Fantasy', 'Action', 'Adventure']",290000000,"['Benedict Cumberbatch', 'Xochitl Gomez', 'Elizabeth Olsen']",126,2,FALSE,TRUE,2022,5,TRUE,FALSE,11.272,2.1095,2482.25,19.48539148,9.203315757,100,862,0.16,66346454,2101471,16586613.5,525367.75,TRUE
760104,X,2022-03-18,11.5801,6.733,3754,TRUE,['HBO Max'],Ti West,"['Horror', 'Thriller']",1000000,"['Mia Goth', 'Jenna Ortega', 'Brittany Snow']",106,2,FALSE,TRUE,2022,3,FALSE,FALSE,14.3835,0.8928,938.5,13.81551156,8.230843564,100,1467,0.67,22103695,131280,5525923.75,32820,TRUE
508947,Turning Red,2024-02-09,9.9802,7.327,5610,TRUE,['Disney Plus'],Domee Shi,"['Animation', 'Family', 'Comedy', 'Fantasy']",175000000,"['Rosalie Chiang', 'Sandra Oh', 'Ava Morse']",100,1,FALSE,FALSE,2024,2,FALSE,FALSE,2.0455,0.5342,2805,18.98029654,8.632484236,0,0,0,57500315,505714,28750157.5,252857,TRUE
937278,A Man Called Otto,2022-12-30,9.6782,7.76,3354,TRUE,"['Hulu', 'HBO Max']",Marc Forster,"['Comedy', 'Drama']",50000000,"['Tom Hanks', 'Mariana Treviño', 'Cameron Britton']",126,6,FALSE,FALSE,2022,12,FALSE,TRUE,15.4337,0.7606,838.5,17.72753358,8.118207049,100,1325,0.46,16758438,56048,4189609.5,14012,TRUE
718930,Bullet Train,2022-08-05,11.0904,7.419,7100,TRUE,"['Amazon Prime Video', 'Hulu']",David Leitch,"['Action', 'Comedy', 'Thriller']",90000000,"['Brad Pitt', 'Joey King', 'Aaron Taylor-Johnson']",126,2,FALSE,FALSE,2022,8,TRUE,FALSE,9.2112,1.2033,1775,18.31532024,8.867990898,100,1098,0.27,37720058,189102,9430014.5,47275.5,TRUE
615777,Babylon,2022-12-23,9.4281,7.367,3563,TRUE,['Netflix'],Damien Chazelle,"['Drama', 'Comedy']",78000000,"['Diego Calva', 'Margot Robbie', 'Brad Pitt']",189,5,TRUE,FALSE,2022,12,FALSE,TRUE,10.7258,1.3318,890.75,18.1722194,8.178638789,0,0,0,9220052,60772,2305013,15193,TRUE
619979,Deep Water,2022-03-18,8.828,5.82,1552,FALSE,['Hulu'],Adrian Lyne,"['Drama', 'Mystery', 'Thriller']",49000000,"['Ben Affleck', 'Ana de Armas', 'Tracy Letts']",116,4,FALSE,FALSE,2022,3,FALSE,FALSE,15.2126,1.2153,388,17.70733088,7.347943823,100,754,0.1,144352,1242,36088,310.5,TRUE
338953,Fantastic Beasts: The Secrets of Dumbledore,2022-04-15,8.7979,6.633,4911,TRUE,['HBO Max'],David Yates,"['Fantasy', 'Adventure']",200000000,"['Eddie Redmayne', 'Jude Law', 'Mads Mikkelsen']",142,2,FALSE,TRUE,2022,4,FALSE,FALSE,7.9705,0.8443,1227.75,19.11382793,8.49943647,0,0,0,23347648,371634,5836912,92908.5,TRUE
436270,Black Adam,2022-10-21,10.0112,6.83,6799,TRUE,['HBO Max'],Jaume Collet-Serra,"['Action', 'Adventure', 'Science Fiction']",200000000,"['Dwayne Johnson', 'Aldis Hodge', 'Noah Centineo']",125,5,FALSE,FALSE,2022,10,FALSE,FALSE,6.2114,0.5771,1699.75,19.11382793,8.824677891,100,1010,0.22,34073579,485434,8518394.75,121358.5,TRUE
661231,Operation Mincemeat,2022-05-06,8.2129,6.509,759,FALSE,['Netflix'],John Madden,"['War', 'History', 'Drama']",0,"['Colin Firth', 'Matthew Macfadyen', 'Kelly Macdonald']",128,8,FALSE,FALSE,2022,5,TRUE,FALSE,4.5303,0,189.75,0,6.633318433,0,0,0,3193032,45222,798258,11305.5,TRUE
585083,Hotel Transylvania: Transformania,2022-02-25,8.7406,7.047,2947,FALSE,['Amazon Prime Video'],Derek Drymon,"['Animation', 'Comedy', 'Family', 'Adventure', 'Fantasy']",75000000,"['Andy Samberg', 'Selena Gomez', 'Kathryn Hahn']",92,4,TRUE,TRUE,2022,2,FALSE,FALSE,5.6396,0.9966,736.75,18.13299868,7.988882253,0,0,0,13654426,108623,3413606.5,27155.75,TRUE
675353,Sonic the Hedgehog 2,2022-04-08,7.8722,7.445,5714,TRUE,['Hulu'],Jeff Fowler,"['Action', 'Adventure', 'Family', 'Comedy']",110000000,"['Ben Schwartz', 'James Marsden', 'Tika Sumpter']",123,6,TRUE,TRUE,2022,4,FALSE,FALSE,3.8959,0.4385,1428.5,18.51599093,8.650849576,100,1239,0.36,40508286,508099,10127071.5,127024.75,TRUE
955991,The Offering,2022-09-23,5.7851,6,362,FALSE,['Hulu'],Oliver Park,"['Drama', 'Horror']",0,"['Nick Blood', 'Emm Wiseman', 'Paul Kaye']",93,1,FALSE,FALSE,2022,9,FALSE,FALSE,0.732,0.1497,90.5,0,5.894402834,100,734,0,4584826,18548,1146206.5,4637,TRUE
949423,Pearl,2022-09-16,7.0883,7.246,2408,TRUE,['HBO Max'],Ti West,"['Horror', 'Thriller']",1000000,"['Mia Goth', 'David Corenswet', 'Tandi Wright']",102,2,FALSE,TRUE,2022,9,FALSE,FALSE,5.0032,0.8928,602,13.81551156,7.786967003,0,0,0,12684699,158043,3171174.75,39510.75,TRUE
294793,All the Old Knives,2022-04-08,6.3956,6,596,FALSE,['Amazon Prime Video'],Janus Metz,"['Thriller', 'Mystery']",0,"['Chris Pine', 'Thandiwe Newton', 'Jonathan Pryce']",101,4,FALSE,FALSE,2022,4,FALSE,FALSE,3.7168,0.3643,149,0,6.391917113,0,0,0,6650379,9516,1662594.75,2379,TRUE
639933,The Northman,2022-04-22,7.9327,7.036,4807,TRUE,['Netflix'],Robert Eggers,"['Action', 'Adventure', 'Fantasy']",70000000,"['Alexander Skarsgård', 'Nicole Kidman', 'Claes Bang']",137,4,FALSE,FALSE,2022,4,FALSE,FALSE,7.6125,1.2636,1201.75,18.06400581,8.478036476,100,1352,0.34,31741170,249680,7935292.5,62420,TRUE
698508,Redeeming Love,2022-01-21,7.6803,7.842,673,TRUE,['Netflix'],D.J. Caruso,"['Romance', 'Drama', 'Western']",30000000,"['Abigail Cowen', 'Tom Lewis', 'Eric Dane']",134,5,TRUE,FALSE,2022,1,FALSE,FALSE,3.2422,0.5977,168.25,17.21670797,6.513230111,0,0,0,5046450,42083,1261612.5,10520.75,TRUE
725201,The Gray Man,2022-07-15,8.0006,6.92,4021,FALSE,['Netflix'],Joe Russo,"['Action', 'Thriller']",200000000,"['Ryan Gosling', 'Chris Evans', 'Ana de Armas']",129,2,FALSE,FALSE,2022,7,TRUE,FALSE,12.3049,1.0889,1005.25,19.11382793,8.29953457,0,0,0,23705917,303644,5926479.25,75911,TRUE
522016,The 355,2022-01-07,7.317,6.042,1083,TRUE,['Netflix'],Simon Kinberg,"['Action', 'Adventure', 'Thriller']",75000000,"['Jessica Chastain', ""Lupita Nyong'o"", 'Penélope Cruz']",122,9,TRUE,FALSE,2022,1,FALSE,FALSE,5.9362,1.0828,270.75,18.13299868,6.988413182,0,0,0,17670616,34039,4417654,8509.75,TRUE
526896,Morbius,2022-04-01,7.6265,5.934,4659,TRUE,['Disney Plus'],Daniel Espinosa,"['Action', 'Science Fiction', 'Fantasy']",75000000,"['Jared Leto', 'Matt Smith', 'Adria Arjona']",105,3,FALSE,FALSE,2022,4,FALSE,FALSE,4.8911,0,1164.75,18.13299868,8.446770727,0,0,0,26632445,458423,6658111.25,114605.75,TRUE
910858,The Estate,2022-11-04,7.6231,5.373,122,TRUE,['Hulu'],Dean Craig,"['Comedy', 'Drama']",0,"['Toni Collette', 'Anna Faris', 'David Duchovny']",96,3,FALSE,FALSE,2022,11,FALSE,TRUE,3.7433,0.5245,30.5,0,4.812184355,0,0,0,7439,40,1859.75,10,FALSE
505026,Death on the Nile,2022-02-11,7.9257,6.423,3996,TRUE,['Amazon Prime Video'],Kenneth Branagh,"['Mystery', 'Crime', 'Thriller']",90000000,"['Kenneth Branagh', 'Tom Bateman', 'Annette Bening']",127,4,TRUE,TRUE,2022,2,FALSE,FALSE,3.8442,3.8442,999,18.31532024,8.293299359,0,0,0,21419331,182636,5354832.75,45659,TRUE
539681,DC League of Super-Pets,2022-07-29,7.4338,7.181,1673,TRUE,['HBO Max'],Jared Stern,"['Family', 'Comedy', 'Adventure', 'Animation', 'Science Fiction']",90000000,"['Dwayne Johnson', 'Kevin Hart', 'John Krasinski']",105,6,FALSE,FALSE,2022,7,TRUE,FALSE,6.2114,0.0071,418.25,18.31532024,7.422971251,100,1568,0.6,31099469,121780,7774867.25,30445,TRUE
752623,The Lost City,2022-03-25,7.9808,6.472,3853,TRUE,['Hulu'],Aaron Nee,"['Action', 'Adventure', 'Comedy']",74000000,"['Sandra Bullock', 'Channing Tatum', 'Daniel Radcliffe']",112,3,FALSE,FALSE,2022,3,FALSE,FALSE,9.0723,0.0143,963.25,18.11957566,8.256866849,100,1341,0.32,29323379,83432,7330844.75,20858,TRUE
366672,Paws of Fury: The Legend of Hank,2022-07-15,5.7035,6.661,320,TRUE,['Netflix'],Rob Minkoff,"['Animation', 'Adventure', 'Comedy', 'Family']",45000000,"['Michael Cera', 'Samuel L. Jackson', 'Ricky Gervais']",94,11,TRUE,FALSE,2022,7,TRUE,FALSE,9.6726,0.5314,80,17.62217307,5.771441123,0,0,0,10727384,21588,2681846,5397,TRUE
758330,"Good Luck to You, Leo Grande",2022-05-02,6.0661,6.969,620,FALSE,['Hulu'],Sophie Hyde,"['Romance', 'Drama']",0,"['Emma Thompson', 'Daryl McCormack', 'Isabella Laughland']",97,3,FALSE,FALSE,2022,5,TRUE,FALSE,9.2395,0.6069,155,0,6.431331082,0,0,0,6508025,14280,1627006.25,3570,TRUE
724495,The Woman King,2022-09-16,6.9394,7.633,2277,TRUE,"['Hulu', 'HBO Max']",Gina Prince-Bythewood,"['Action', 'Drama', 'History']",50000000,"['Viola Davis', 'Thuso Mbedu', 'Lashana Lynch']",135,5,FALSE,FALSE,2022,9,FALSE,FALSE,3.5432,0.3145,569.25,17.72753358,7.731053144,0,0,0,18857423,88934,4714355.75,22233.5,TRUE
872177,Corrective Measures,2022-04-29,8.3099,4.995,101,TRUE,['Amazon Prime Video'],Sean Patrick O'Reilly,"['Science Fiction', 'Action', 'Thriller', 'Adventure']",0,"['Brennan Mejia', 'Dan Payne', 'Michael Rooker']",106,3,FALSE,FALSE,2022,4,FALSE,FALSE,2.8478,0.206,25.25,0,4.624972813,0,0,0,108827,480,27206.75,120,FALSE
663712,Terrifier 2,2022-10-06,7.0628,6.699,2387,TRUE,['Amazon Prime Video'],Damien Leone,"['Horror', 'Thriller']",250000,"['David Howard Thornton', 'Lauren LaVera', 'Elliott Fullam']",138,5,FALSE,TRUE,2022,10,FALSE,FALSE,1.6266,1.5492,596.75,12.4292202,7.778211475,0,0,0,23208,108,5802,27,TRUE
762975,Purple Hearts,2022-07-29,7.085,8.1,2782,FALSE,['Netflix'],Elizabeth Allen Rosenbaum,"['Romance', 'Drama']",0,"['Sofia Carson', 'Nicholas Galitzine', 'John Harlan Kim']",122,3,FALSE,FALSE,2022,7,TRUE,FALSE,6.136,0.5881,695.5,0,7.931284762,0,0,0,13911889,211411,3477972.25,52852.75,TRUE
823766,The Wonder,2022-11-02,6.3368,6.608,906,FALSE,['Netflix'],Sebastián Lelio,"['Drama', 'Mystery']",0,"['Florence Pugh', 'Kíla Lord Cassidy', 'Tom Burke']",108,3,FALSE,FALSE,2022,11,FALSE,TRUE,6.3183,0.3712,226.5,0,6.81014245,100,928,0.22,5311564,65200,1327891,16300,TRUE
335787,Uncharted,2022-02-18,6.6387,6.883,6522,TRUE,['Hulu'],Ruben Fleischer,"['Action', 'Adventure']",120000000,"['Tom Holland', 'Mark Wahlberg', 'Sophia Ali']",116,4,FALSE,TRUE,2022,2,FALSE,FALSE,8.2701,1.1394,1630.5,18.60300231,8.783089672,0,0,0,27108866,360076,6777216.5,90019,TRUE
964909,Next Exit,2022-11-04,4.7226,6,47,TRUE,['Hulu'],Mali Elfman,"['Science Fiction', 'Comedy', 'Drama', 'Romance']",0,"['Katie Parker', 'Rahul Kohli', 'Rose McIver']",106,3,FALSE,FALSE,2022,11,FALSE,TRUE,2.6692,0.4662,11.75,0,3.871201011,100,414,0,233353,725,58338.25,181.25,TRUE
301502,Blonde,2022-09-16,6.3488,5.9,1464,FALSE,['Netflix'],Andrew Dominik,['Drama'],22000000,"['Ana de Armas', 'Adrien Brody', 'Bobby Cannavale']",167,1,FALSE,FALSE,2022,9,FALSE,FALSE,12.3049,0.6594,366,16.90655306,7.289610521,100,964,0.18,7143482,161552,1785870.5,40388,TRUE
1042676,"Murder, Anyone?",2022-10-31,7.0799,5.4,8,FALSE,['Amazon Prime Video'],James Cullen Bressack,['Comedy'],0,"['Kristos Andrews', 'Galadriel Stineman', 'Maurice LaMarche']",81,1,FALSE,FALSE,2022,10,FALSE,FALSE,1.6506,0.2088,2,0,2.197224577,0,0,0,0,2,0,0.5,FALSE
556694,Three Thousand Years of Longing,2022-08-31,5.9498,6.883,1579,TRUE,['Amazon Prime Video'],George Miller,"['Drama', 'Fantasy', 'Romance']",60000000,"['Tilda Swinton', 'Idris Elba', 'Erdil Yaşaroğlu']",108,4,FALSE,FALSE,2022,8,TRUE,FALSE,6.1716,1.3075,394.75,17.90985514,7.365180126,100,690,0.06,15790784,123410,3947696,30852.5,TRUE
560057,The Sea Beast,2022-06-24,6.5994,7.327,1623,FALSE,['Netflix'],Chris Williams,"['Animation', 'Adventure', 'Action', 'Family', 'Fantasy']",0,"['Karl Urban', 'Zaris-Angel Hator', 'Jared Harris']",115,1,FALSE,TRUE,2022,6,TRUE,FALSE,4.9449,0.0293,405.75,0,7.392647521,100,882,0.34,10371962,106893,2592990.5,26723.25,TRUE
646473,Dear Zoe,2022-11-04,6.5922,6.2,65,FALSE,['Amazon Prime Video'],Gren Wells,['Drama'],0,"['Sadie Sink', 'Theo Rossi', 'Kweku Collins']",94,1,FALSE,FALSE,2022,11,FALSE,TRUE,14.925,0.8473,16.25,0,4.189654742,100,454,0,1948584,34735,487146,8683.75,TRUE
785084,The Whale,2022-12-09,6.911,7.788,4390,TRUE,['HBO Max'],Darren Aronofsky,['Drama'],3000000,"['Brendan Fraser', 'Sadie Sink', 'Ty Simpkins']",117,2,FALSE,FALSE,2022,12,FALSE,TRUE,14.925,1.9861,1097.5,14.91412318,8.387312271,0,0,0,18982338,152312,4745584.5,38078,TRUE
1037644,Battle for Saipan,2022-11-25,6.2417,5.7,72,TRUE,['Amazon Prime Video'],Brandon Slagle,"['War', 'History', 'Action']",0,"['Casper Van Dien', 'Jeff Fahey', 'Louis Mandylor']",94,0,FALSE,FALSE,2022,11,FALSE,TRUE,3.0567,0.4457,18,0,4.290459441,0,0,0,97597,291,24399.25,72.75,FALSE
1041513,Encanto at the Hollywood Bowl,2022-12-28,5.2696,7.1,160,FALSE,['Disney Plus'],Chris Howe,"['Music', 'Documentary']",0,"['Lin-Manuel Miranda', 'Stephanie Beatriz', 'Adassa']",45,5,FALSE,FALSE,2022,12,FALSE,TRUE,2.1132,0.0143,40,0,5.081404365,0,0,0,29616932,180044,7404233,45011,TRUE
425906,The Prototype,2022-02-25,5.9753,4.3,22,FALSE,['Amazon Prime Video'],Marcelo Grion,"['Action', 'Science Fiction', 'Thriller']",980000,"['Victoria De Mare', 'Theresa Tilly', 'Mark Vasconcellos']",95,1,FALSE,FALSE,2022,2,FALSE,FALSE,0.8516,0.072,5.5,13.79530887,3.135494216,0,0,0,40279854,113104,10069963.5,28276,TRUE
895744,Studio 666,2022-02-25,5.0114,5.891,327,TRUE,['Amazon Prime Video'],BJ McDonnell,"['Horror', 'Comedy', 'Music']",0,"['Dave Grohl', 'Taylor Hawkins', 'Nate Mendel']",106,2,FALSE,FALSE,2022,2,FALSE,FALSE,0.5883,0.4087,81.75,0,5.793013608,0,0,0,9418751,75513,2354687.75,18878.25,TRUE
718789,Lightyear,2022-06-17,5.4796,6.891,3678,TRUE,['Disney Plus'],Angus MacLane,"['Animation', 'Science Fiction', 'Family', 'Adventure']",200000000,"['Chris Evans', 'Keke Palmer', 'Peter Sohn']",105,1,FALSE,FALSE,2022,6,TRUE,FALSE,7.2785,0.7828,919.5,19.11382793,8.210396255,100,884,0.12,22088077,443960,5522019.25,110990,TRUE
1018494,Operation Seawolf,2022-10-07,6.6751,5.665,112,FALSE,['Amazon Prime Video'],Steven Luke,"['War', 'Thriller', 'Action', 'Adventure']",15000,"['Dolph Lundgren', 'Aaron Courteau', 'Frank Grillo']",86,1,FALSE,FALSE,2022,10,FALSE,FALSE,5.1077,0.7107,28,9.615872145,4.727387819,0,0,0,1025615,7575,256403.75,1893.75,FALSE
916740,Brazen,2022-01-13,5.8596,4.774,390,FALSE,['Netflix'],Monika Mitchell,"['Thriller', 'Mystery', 'Drama']",0,"['Alyssa Milano', 'Sam Page', 'Malachi Weir']",94,1,FALSE,FALSE,2022,1,FALSE,FALSE,3.9329,0.363,97.5,0,5.96870756,100,466,0.02,2775212,19816,693803,4954,TRUE
717728,Jeepers Creepers: Reborn,2022-09-19,5.1158,5.346,1046,FALSE,['Hulu'],Timo Vuorensola,['Horror'],5000000,"['Sydney Craven', 'Imran Adams', 'Jarreau Benjamin']",88,5,FALSE,FALSE,2022,9,FALSE,FALSE,0.8698,0.6208,261.5,15.42494867,6.953684211,0,0,0,2283299,10254,570824.75,2563.5,TRUE
899082,Harry Potter 20th Anniversary: Return to Hogwarts,2022-01-01,5.1409,7.303,3460,FALSE,['HBO Max'],Joe Pearlman,['Documentary'],0,"['Daniel Radcliffe', 'Rupert Grint', 'Emma Watson']",103,3,FALSE,FALSE,2022,1,FALSE,FALSE,8.194,0.3646,865,0,8.149312844,100,244,0,32446791,753973,8111697.75,188493.25,TRUE
1026496,Sawed Off,2022-10-11,6.3589,5.7,3,FALSE,['Amazon Prime Video'],Hunter Johnson,['Horror'],0,"['Eva Hamilton', 'Trae Ireland', 'Jody Barton']",83,3,FALSE,FALSE,2022,10,FALSE,FALSE,3.465,0.0521,0.75,0,1.386294361,0,0,0,194831,674,48707.75,168.5,FALSE
777245,Women Talking,2022-12-23,6.127,6.859,667,TRUE,['Amazon Prime Video'],Sarah Polley,['Drama'],20000000,"['Rooney Mara', 'Claire Foy', 'Jessie Buckley']",104,3,FALSE,FALSE,2022,12,FALSE,TRUE,9.4389,1.6634,166.75,16.81124288,6.504288174,0,0,0,10245913,7528,2561478.25,1882,TRUE
962571,Joyland,2023-04-07,5.3585,7.348,148,FALSE,['Amazon Prime Video'],Saim Sadiq,"['Romance', 'Drama']",0,"['Ali Junejo', 'Rasti Farooq', 'Alina Khan']",127,2,FALSE,FALSE,2023,4,FALSE,FALSE,0.6606,0.4165,49.33333333,0,5.003946306,100,1215,0,467191,5126,155730.3333,1708.666667,TRUE
629176,Samaritan,2022-08-25,5.1717,6.676,2128,FALSE,['Amazon Prime Video'],Julius Avery,"['Science Fiction', 'Crime', 'Action']",100000000,"['Javon Walton', 'Sylvester Stallone', 'Dascha Polanco']",102,2,FALSE,TRUE,2022,8,TRUE,FALSE,9.098,0.3807,532,18.42068075,7.663407665,100,708,0.06,14847332,92470,3711833,23117.5,TRUE
626735,Dog,2022-02-18,5.5298,7.304,1698,TRUE,"['Netflix', 'Amazon Prime Video']",Channing Tatum,"['Drama', 'Comedy']",20000000,"['Channing Tatum', 'Aavi Haas', 'Ryder McLaughlin']",101,3,FALSE,FALSE,2022,2,FALSE,FALSE,5.1002,4.9242,424.5,16.81124288,7.437795122,0,0,0,15829417,93119,3957354.25,23279.75,TRUE
774825,The Ice Age Adventures of Buck Wild,2022-01-28,5.5574,6.6,1787,FALSE,['Disney Plus'],John C. Donkin,"['Animation', 'Comedy', 'Family', 'Adventure']",0,"['Simon Pegg', 'Vincent Tong', 'Aaron Harris']",82,2,TRUE,TRUE,2022,1,FALSE,FALSE,4.0117,0.3602,446.75,0,7.488852956,100,595,0.1,195192,1769,48798,442.25,TRUE
961484,Last Seen Alive,2022-06-03,5.6051,6.425,1038,FALSE,['Hulu'],Brian Goodman,"['Action', 'Thriller']",0,"['Gerard Butler', 'Jaimie Alexander', 'Russell Hornsby']",95,4,FALSE,FALSE,2022,6,TRUE,FALSE,7.1427,1.0693,259.5,0,6.946013991,0,0,0,1199048,2488,299762,622,TRUE
684006,Fisherman's Friends: One and All,2022-08-19,5.0977,6.5,28,FALSE,['Amazon Prime Video'],Meg Leonard,"['Comedy', 'Drama', 'Music']",0,"['James Purefoy', 'Dave Johns', 'Sam Swainsbury']",112,3,FALSE,TRUE,2022,8,TRUE,FALSE,2.1799,0.3841,7,0,3.36729583,100,100,0,1942007,675,485501.75,168.75,FALSE
1026121,Ten Tricks,2022-09-27,5.2913,3.833,6,TRUE,['Amazon Prime Video'],Richard Pagano,"['Drama', 'Comedy']",0,"['Lea Thompson', 'Sam Hennings', 'Raymond Cruz']",88,0,FALSE,FALSE,2022,9,FALSE,FALSE,6.7481,0.7316,1.5,0,1.945910149,0,0,0,9456,31,2364,7.75,FALSE
791177,Bones and All,2022-11-18,5.0988,7.028,1536,TRUE,"['Netflix', 'Amazon Prime Video']",Luca Guadagnino,"['Horror', 'Romance', 'Drama']",16000000,"['Taylor Russell', 'Timothée Chalamet', 'Mark Rylance']",131,7,FALSE,FALSE,2022,11,FALSE,TRUE,9.4193,1.2641,384,16.58809934,7.337587744,0,0,0,4686373,38249,1171593.25,9562.25,TRUE
555604,Guillermo del Toro's Pinocchio,2022-11-09,4.7385,8.04,3195,FALSE,['Netflix'],Mark Gustafson,"['Animation', 'Fantasy', 'Adventure', 'Drama']",35000000,"['Ewan McGregor', 'David Bradley', 'Gregory Mann']",117,3,FALSE,FALSE,2022,11,FALSE,TRUE,3.7925,0.3273,798.75,17.37085865,8.069655307,0,0,0,3839443,72077,959860.75,18019.25,TRUE
924341,"Goodbye, Petrushka",2022-06-12,5.2636,5.2,7,FALSE,['Amazon Prime Video'],Nicola Rose,"['Comedy', 'Romance', 'Drama']",0,"['Lizzie Kehoe', 'Thomas Vieljeux', 'Casey Landman']",97,4,FALSE,FALSE,2022,6,TRUE,FALSE,0.095,0.0559,1.75,0,2.079441542,0,0,0,4012,41,1003,10.25,FALSE
696806,The Adam Project,2022-03-11,5.6579,7.006,4721,FALSE,['Netflix'],Shawn Levy,"['Adventure', 'Science Fiction', 'Comedy']",116000000,"['Ryan Reynolds', 'Walker Scobell', 'Mark Ruffalo']",104,3,FALSE,FALSE,2022,3,FALSE,FALSE,7.7104,3.0436,1180.25,18.56910076,8.459987718,100,729,0.07,11238055,98019,2809513.75,24504.75,TRUE
943822,Prizefighter: The Life of Jem Belcher,2022-07-22,4.4525,6.219,201,FALSE,['Amazon Prime Video'],Daniel Graham,"['History', 'Drama']",8000000,"['Matt Hookings', 'Ray Winstone', 'Jodhi May']",106,0,FALSE,FALSE,2022,7,TRUE,FALSE,2.635,0.1781,50.25,15.89495222,5.308267697,0,0,0,68358,239,17089.5,59.75,FALSE
962697,Our Father,2022-05-11,5.635,6.518,197,FALSE,['Netflix'],Lucie Jourdan,"['Documentary', 'Crime']",0,"['Donald Cline', 'Jacoba Ballard', 'Angela Ganote']",97,1,FALSE,FALSE,2022,5,TRUE,FALSE,0.0739,0.1549,49.25,0,5.288267031,0,0,0,3954492,50530,988623,12632.5,FALSE
682507,Where the Crawdads Sing,2022-07-15,5.0477,7.534,2121,TRUE,['Hulu'],Olivia Newman,"['Drama', 'Mystery', 'Romance']",24000000,"['Daisy Edgar-Jones', 'Taylor John Smith', 'Harris Dickinson']",126,3,FALSE,FALSE,2022,7,TRUE,FALSE,3.4236,0.6607,530.25,16.99356443,7.660114319,0,0,0,14109985,69167,3527496.25,17291.75,TRUE
962279,The Walk,2022-06-10,5.6367,5.8,20,FALSE,['Amazon Prime Video'],Daniel Adams,['Drama'],0,"['Justin Chatwin', 'Terrence Howard', 'Lovie Simone']",105,0,FALSE,FALSE,2022,6,TRUE,FALSE,2.6239,0.0362,5,0,3.044522438,0,0,0,5968247,13251,1492061.75,3312.75,TRUE
1102243,Cream of the Crop,2022-10-01,4.5958,7,4,FALSE,['Amazon Prime Video'],Douglas B. Maddox,['Drama'],0,"['Ben Davies', 'Brittany Goodwin', 'Randall Oliver']",116,1,FALSE,FALSE,2022,10,FALSE,FALSE,1.2757,0.0357,1,0,1.609437912,0,0,0,11391,103,2847.75,25.75,FALSE
705861,Hustle,2022-06-03,4.823,7.717,2723,FALSE,['Netflix'],Jeremiah Zagar,"['Drama', 'Comedy']",21000000,"['Adam Sandler', 'Juancho Hernangómez', 'Queen Latifah']",117,3,FALSE,FALSE,2022,6,TRUE,FALSE,4.6176,0.569,680.75,16.86003304,7.909856667,100,941,0.12,15777681,52899,3944420.25,13224.75,TRUE
917990,Tales from the Other Side,2022-06-07,5.2223,4.4,10,FALSE,['Amazon Prime Video'],Pablo Macho Maysonet IV,['Horror'],500000,"['James Duval', 'Vernon Wells', 'Michael Broderick']",88,1,FALSE,FALSE,2022,6,TRUE,FALSE,1.3594,1.2478,2.5,13.12236538,2.397895273,0,0,0,33512,0,8378,0,FALSE
913290,Barbarian,2022-09-09,4.8499,6.844,2998,TRUE,['Hulu'],Zach Cregger,"['Horror', 'Thriller']",4500000,"['Georgina Campbell', 'Justin Long', 'Bill Skarsgård']",103,5,FALSE,FALSE,2022,9,FALSE,FALSE,18.1172,1.4454,749.5,15.31958818,8.006034179,0,0,0,16425382,129290,4106345.5,32322.5,TRUE
890233,The Winter Palace,2022-01-08,5.8502,6.625,24,FALSE,['Amazon Prime Video'],T.W. Peacocke,"['TV Movie', 'Comedy', 'Romance', 'Drama']",0,"['Danica McKellar', 'Neal Bledsoe', 'Jennifer Wigmore']",85,6,FALSE,FALSE,2022,1,FALSE,FALSE,2.1318,0.4054,6,0,3.218875825,0,0,0,6676,15,1669,3.75,FALSE
744276,After Ever Happy,2022-09-07,3.9496,6.773,1337,TRUE,['Netflix'],Castille Landon,"['Romance', 'Drama']",14000000,"['Josephine Langford', 'Hero Fiennes Tiffin', 'Carter Jenkins']",95,5,FALSE,TRUE,2022,9,FALSE,FALSE,3.5678,0.2712,334.25,16.45456796,7.198931241,0,0,0,6748975,68883,1687243.75,17220.75,TRUE
864866,The Road Dance,2022-05-20,4.4051,6.583,42,FALSE,['Amazon Prime Video'],Richie Adams,['Drama'],0,"['Hermione Corfield', 'Morven Christie', 'Mark Gatiss']",116,0,FALSE,FALSE,2022,5,TRUE,FALSE,2.8904,0.1515,10.5,0,3.761200116,0,0,0,705044,5064,176261,1266,FALSE
1024038,A Christmas... Present,2022-11-27,4.3771,5.706,17,FALSE,['Amazon Prime Video'],Lesley Demetriades,"['TV Movie', 'Comedy', 'Family', 'Drama']",0,"['Candace Cameron Bure', 'Marc Blucas', 'Paul Fitzgerald']",85,4,FALSE,FALSE,2022,11,FALSE,TRUE,1.6646,0.1439,4.25,0,2.890371758,0,0,0,25945,211,6486.25,52.75,FALSE
1006540,Bullet Train Down,2022-08-01,5.0621,5.5,65,FALSE,['Amazon Prime Video'],Brian Nowak,['Action'],0,"['Tom Sizemore', 'Rashod Freelove', 'Ryan Youngwoong Kim']",86,2,FALSE,FALSE,2022,8,TRUE,FALSE,1.5345,0.2758,16.25,0,4.189654742,0,0,0,456183,860,114045.75,215,FALSE
846250,Fire Island,2022-06-02,4.8691,7,266,FALSE,['Hulu'],Andrew Ahn,"['Comedy', 'Romance']",10000000,"['Joel Kim Booster', 'Bowen Yang', 'Margaret Cho']",105,2,FALSE,FALSE,2022,6,TRUE,FALSE,1.3307,0.6376,66.5,16.11809575,5.587248658,0,0,0,4700325,5029,1175081.25,1257.25,FALSE
964822,The Drop,2022-06-11,5.0546,4.325,20,FALSE,['Hulu'],Sarah Adina Smith,['Comedy'],0,"['Anna Konkle', 'Jermaine Fowler', 'Aparna Nancherla']",92,4,FALSE,FALSE,2022,6,TRUE,FALSE,1.0561,0.2033,5,0,3.044522438,0,0,0,981882,2773,245470.5,693.25,FALSE
338947,Hellraiser,2022-09-28,4.2761,6.164,949,FALSE,['Hulu'],David Bruckner,"['Horror', 'Thriller']",14000000,"[""Odessa A'zion"", 'Jamie Clayton', 'Adam Faison']",121,2,FALSE,FALSE,2022,9,FALSE,FALSE,4.0973,0.0071,237.25,16.45456796,6.856461985,0,0,0,7250877,93399,1812719.25,23349.75,TRUE
928410,My Best Friend's Wedding Planner,2022-02-03,3.1733,5.5,4,FALSE,['Amazon Prime Video'],Daniel Lusko,['Romance'],0,"['Amanda Righetti', 'Adam Huss', 'Emma Lahana']",94,2,FALSE,FALSE,2022,2,FALSE,FALSE,2.4545,0.2619,1,0,1.609437912,0,0,0,0,227,0,56.75,FALSE
921655,Rescued by Ruby,2022-03-17,4.7553,7.488,347,FALSE,['Netflix'],Katt Shea,"['Family', 'Drama']",0,"['Grant Gustin', 'Scott Wolf', 'Kaylah Zander']",93,1,FALSE,FALSE,2022,3,FALSE,FALSE,2.1787,1.0011,86.75,0,5.85220248,100,853,0.1,1864437,32444,466109.25,8111,TRUE
779782,The School for Good and Evil,2022-10-19,5.0216,7,1336,FALSE,['Netflix'],Paul Feig,"['Fantasy', 'Comedy', 'Adventure']",0,"['Sofia Wylie', 'Sophia Anne Caruso', 'Kerry Washington']",149,3,FALSE,FALSE,2022,10,FALSE,FALSE,3.3345,1.6402,334,0,7.198183577,100,947,0.07,6300376,126603,1575094,31650.75,TRUE
624798,Big Gold Brick,2022-02-25,3.7116,4.9,42,FALSE,['Amazon Prime Video'],Brian Petsos,"['Comedy', 'Drama', 'Fantasy']",0,"['Andy Garcia', 'Emory Cohen', 'Megan Fox']",132,0,FALSE,FALSE,2022,2,FALSE,FALSE,8.3184,0.318,10.5,0,3.761200116,100,404,0,206784,349,51696,87.25,FALSE
763285,Ambulance,2022-04-08,5.187,6.63,2328,TRUE,['Netflix'],Michael Bay,"['Thriller', 'Action', 'Crime']",40000000,"['Jake Gyllenhaal', 'Yahya Abdul-Mateen II', 'Eiza González']",136,5,TRUE,FALSE,2022,4,FALSE,FALSE,8.8143,7.8115,582,17.50439004,7.75319427,100,1204,0.24,27250718,61821,6812679.5,15455.25,TRUE
1069350,Tales from Middleton High,2022-06-07,3.8801,4,1,FALSE,['Amazon Prime Video'],Zach Lorkiewicz,['Horror'],0,"['Sarah J. Bartholomew', 'Lauren Elyse Buckley', 'Avril Dominguez']",70,1,FALSE,FALSE,2022,6,TRUE,FALSE,0.9407,0.0352,0.25,0,0.6931471806,0,0,0,675,17,168.75,4.25,FALSE
961207,Out and About,2022-04-01,4.9287,0,0,FALSE,['Amazon Prime Video'],Peter Callahan,"['Drama', 'Comedy']",0,"['Peter Callahan', 'Maggie Lacey', 'Tom Nelis']",83,2,FALSE,FALSE,2022,4,FALSE,FALSE,0.7178,0.3009,0,0,0,100,2175,0.78,31303359,87410,7825839.75,21852.5,TRUE
762161,Story Game,2022-11-05,5.5347,5.9,8,TRUE,['Amazon Prime Video'],Jason K. Lau,['Thriller'],0,"['Greer Grammer', 'Alberto Rosende', 'Lyrica Okano']",97,1,FALSE,FALSE,2022,11,FALSE,TRUE,1.041,0.1224,2,0,2.197224577,100,1553,0.49,3224,30,806,7.5,TRUE
1007401,Mortal Kombat Legends: Snow Blind,2022-10-09,3.7724,7.814,218,FALSE,['HBO Max'],Rick Morales,"['Animation', 'Action', 'Fantasy']",0,"['Manny Jacinto', 'David Wenham', 'Artt Butler']",82,1,FALSE,TRUE,2022,10,FALSE,FALSE,3.852,0.0168,54.5,0,5.38907173,0,0,0,1892108,49886,473027,12471.5,FALSE
790142,The Royal Treatment,2022-01-20,4.2144,6.7,789,FALSE,['Netflix'],Rick Jacobson,"['Romance', 'Comedy']",0,"['Laura Marano', 'Mena Massoud', 'Chelsie Preston Crayford']",96,2,FALSE,FALSE,2022,1,FALSE,FALSE,1.5942,0.3789,197.25,0,6.672032945,100,751,0.05,7553291,153753,1888322.75,38438.25,TRUE
631947,The Legend of La Llorona,2022-01-07,3.9971,5.8,113,FALSE,['Amazon Prime Video'],Patricia Harris Seeley,"['Horror', 'Thriller']",0,"['Autumn Reeser', 'Antonio Cupo', 'Danny Trejo']",98,1,FALSE,FALSE,2022,1,FALSE,FALSE,3.181,0.062,28.25,0,4.736198448,100,419,0,17635408,114500,4408852,28625,TRUE
1011604,Shark Waters,2022-08-12,4.86,4.4,26,FALSE,['Amazon Prime Video'],Jadon Cal,"['Thriller', 'Horror', 'Action']",0,"['Jim Fitzpatrick', 'Meghan Carrasquillo', 'Mike Rae Anderson']",85,1,FALSE,FALSE,2022,8,TRUE,FALSE,1.1085,0.2652,6.5,0,3.295836866,0,0,0,290499,958,72624.75,239.5,FALSE
934656,Split at the Root,2022-03-13,3.9248,2,1,FALSE,['Netflix'],Linda Goldstein Knowlton,['Documentary'],0,['N/A'],96,0,FALSE,FALSE,2022,3,FALSE,FALSE,0.2205,0.0985,0.25,0,0.6931471806,0,0,0,6358,52,1589.5,13,FALSE
1011679,Shark Side of the Moon,2022-08-12,4.3029,5.065,162,FALSE,['Amazon Prime Video'],Glenn Campbell,"['Action', 'Science Fiction', 'Thriller', 'Horror']",10000,"['Maxi Witrak', 'Ego Mikitas', 'Michael Marcel']",89,1,FALSE,FALSE,2022,8,TRUE,FALSE,0.7378,0.279,40.5,9.210440367,5.093750201,0,0,0,277407,1894,69351.75,473.5,FALSE
939336,The Wonderful Winter of Mickey Mouse,2022-02-18,3.9352,6.6,21,FALSE,['Disney Plus'],Eddie Trigueros,['Animation'],0,"['Chris Diamantopoulos', 'Kaitlyn Robrock', 'Bill Farmer']",25,1,FALSE,TRUE,2022,2,FALSE,FALSE,1.3781,0.258,5.25,0,3.091042453,0,0,0,145015,2264,36253.75,566,FALSE
843621,Something in the Dirt,2022-11-04,4.0537,5.8,120,FALSE,['Hulu'],Justin Benson,"['Comedy', 'Horror', 'Mystery', 'Science Fiction']",0,"['Aaron Moorhead', 'Justin Benson', 'Sarah Adina Smith']",116,2,FALSE,FALSE,2022,11,FALSE,TRUE,0.6201,0.0071,30,0,4.795790546,0,0,0,249274,1395,62318.5,348.75,FALSE
833425,No Exit,2022-02-25,3.8883,6.854,1246,FALSE,['Hulu'],Damien Power,"['Thriller', 'Mystery', 'Drama']",0,"['Havana Rose Liu', 'Danny Ramirez', 'Dennis Haysbert']",96,2,TRUE,FALSE,2022,2,FALSE,FALSE,2.3563,0.4088,311.5,0,7.128495946,100,690,0.07,8954178,57671,2238544.5,14417.75,TRUE
990593,Thor: God of Thunder,2022-07-08,4.0761,6.2,63,FALSE,['Amazon Prime Video'],Noah Luke,"['Action', 'Fantasy']",0,"['Myrom Kingery', 'Vernon Wells', ""Daniel O'Reilly""]",90,2,FALSE,FALSE,2022,7,TRUE,FALSE,1.1483,0.3565,15.75,0,4.158883083,0,0,0,1174765,3978,293691.25,994.5,FALSE
614934,Elvis,2022-06-24,4.8308,7.478,3731,TRUE,['Netflix'],Baz Luhrmann,"['Drama', 'Music', 'History']",85000000,"['Austin Butler', 'Tom Hanks', 'Olivia DeJonge']",159,3,FALSE,FALSE,2022,6,TRUE,FALSE,15.4337,1.1752,932.75,18.25816183,8.224699562,0,0,0,25236365,153461,6309091.25,38365.25,TRUE
1032591,A Brush with Christmas,2022-12-18,3.3249,5.581,68,FALSE,['Amazon Prime Video'],Robin Dunne,"['Romance', 'Comedy', 'Drama', 'TV Movie']",0,"['Jillian Murray', 'Joseph Cannata', 'Jan Skene']",84,2,FALSE,FALSE,2022,12,FALSE,TRUE,1.6396,0.9207,17,0,4.234106505,0,0,0,5201,32,1300.25,8,FALSE
983527,Werewolf Cabal,2022-12-04,5.2412,4,5,FALSE,['Amazon Prime Video'],Chris Shane Sanders,['Horror'],32163,"['Vernon Wells', 'Chris Cordell', 'Derek Nelson']",109,0,FALSE,FALSE,2022,12,FALSE,TRUE,1.1483,0.1777,1.25,10.37860309,1.791759469,0,0,0,17878,90,4469.5,22.5,FALSE
957805,A Merry Single Christmas,2022-12-01,4.3084,6.214,7,FALSE,['Amazon Prime Video'],Lexi Giovagnoli,"['TV Movie', 'Comedy', 'Romance']",0,"['Chelsea Gilson', 'Andrew Rogers', 'Lexi Giovagnoli']",90,2,FALSE,FALSE,2022,12,FALSE,TRUE,1.312,0.6602,1.75,0,2.079441542,0,0,0,55798,269,13949.5,67.25,FALSE
1027950,Hotel Dunsmuir,2022-10-04,4.8815,3.429,7,FALSE,['Amazon Prime Video'],Michael Zaiko Hall,['Horror'],0,"['Jet Jandreau', 'Jose Rosete', 'Amber Gaston']",104,0,FALSE,FALSE,2022,10,FALSE,FALSE,0.957,0.0656,1.75,0,2.079441542,0,0,0,49219,297,12304.75,74.25,FALSE
987919,A Christmas Mystery,2022-11-24,4.3813,6.5,47,FALSE,['HBO Max'],Alex Ranarivelo,"['Family', 'Comedy', 'Drama', 'Mystery']",0,"['Violet McGraw', 'Eddie Cibrian', 'Christoph Sanders']",87,2,FALSE,FALSE,2022,11,FALSE,TRUE,2.6332,0.2555,11.75,0,3.871201011,0,0,0,64600,497,16150,124.25,FALSE
1004663,All the Beauty and the Bloodshed,2022-11-23,3.6429,7.199,153,TRUE,['HBO Max'],Laura Poitras,['Documentary'],0,"['Nan Goldin', 'Marina Berio', 'Noemi Bonazzi']",122,1,FALSE,FALSE,2022,11,FALSE,TRUE,0.5651,0.7586,38.25,0,5.036952602,0,0,0,367899,2852,91974.75,713,FALSE
860854,Bromates,2022-10-07,4.6374,4.79,31,TRUE,"['Amazon Prime Video', 'Hulu']",Court Crandall,['Comedy'],0,"['Josh Brener', 'Lil Rel Howery', 'Brendan Scannell']",97,3,FALSE,FALSE,2022,10,FALSE,FALSE,1.1384,0.2552,7.75,0,3.465735903,0,0,0,165387,362,41346.75,90.5,FALSE
917300,The Surprise Visit,2022-01-14,3.5766,4.5,24,FALSE,['Amazon Prime Video'],Nick Lyon,"['Thriller', 'Crime']",0,"['Rob Riordan', 'Jacqi Vene', 'Didem Erol']",86,1,FALSE,FALSE,2022,1,FALSE,FALSE,1.0762,0.4294,6,0,3.218875825,100,260,0,95172,152,23793,38,FALSE
829280,Enola Holmes 2,2022-11-04,4.6047,7.313,1653,FALSE,['Netflix'],Harry Bradbeer,"['Adventure', 'Mystery', 'Crime']",0,"['Millie Bobby Brown', 'Henry Cavill', 'David Thewlis']",129,2,FALSE,TRUE,2022,11,FALSE,TRUE,15.6006,0.3848,413.25,0,7.410951876,0,0,0,7313903,214828,1828475.75,53707,TRUE
825672,Asking For It,2022-03-04,3.8503,4.9,29,FALSE,['Amazon Prime Video'],Eamon O'Rourke,"['Action', 'Thriller', 'Drama']",0,"['Kiersey Clemons', 'Alexandra Shipp', 'Vanessa Hudgens']",97,7,FALSE,FALSE,2022,3,FALSE,FALSE,6.8867,0.5152,7.25,0,3.401197382,0,0,0,764160,927,191040,231.75,FALSE
744594,White Noise,2022-11-25,4.4214,5.567,766,FALSE,['Netflix'],Noah Baumbach,"['Comedy', 'Drama']",100000000,"['Adam Driver', 'Greta Gerwig', 'Don Cheadle']",136,3,FALSE,FALSE,2022,11,FALSE,TRUE,3.0463,1.3431,191.5,18.42068075,6.642486801,0,0,0,3234777,21771,808694.25,5442.75,TRUE
739993,Metal Lords,2022-04-08,4.7821,6.883,722,FALSE,['Netflix'],Peter Sollett,"['Comedy', 'Drama', 'Music']",0,"['Jaeden Martell', 'Adrian Greensmith', 'Isis Hainsworth']",97,1,FALSE,FALSE,2022,4,FALSE,FALSE,3.3586,0.6914,180.5,0,6.583409222,0,0,0,1471757,24565,367939.25,6141.25,TRUE
992090,Jurassic Domination,2022-07-01,4.2985,5.6,42,TRUE,['Amazon Prime Video'],Brian Nowak,"['Action', 'Science Fiction', 'Adventure', 'Horror']",0,"['Jamie Bernadette', 'DeAngelo Davis', 'Kahlo De Jesus Buffington']",90,1,FALSE,FALSE,2022,7,TRUE,FALSE,0.6499,0.2758,10.5,0,3.761200116,0,0,0,255103,1241,63775.75,310.25,FALSE
995810,Bridge of the Doomed,2022-04-30,3.7197,4.8,18,FALSE,['Amazon Prime Video'],Michael Su,"['Horror', 'Action']",0,"['Michael Paré', 'Robert LaSardo', 'Sarah French']",82,1,FALSE,FALSE,2022,4,FALSE,FALSE,2.4424,0.9873,4.5,0,2.944438979,0,0,0,5325,42,1331.25,10.5,FALSE
1046783,Killing Me Softly with His Songs,2022-11-10,3.8063,5,1,FALSE,['Amazon Prime Video'],Danny Gold,['Documentary'],0,"['Jason Alexander', 'Alain Boublil', 'Common']",103,1,FALSE,FALSE,2022,11,FALSE,TRUE,2.0349,0.1041,0.25,0,0.6931471806,0,0,0,2660539,4500,665134.75,1125,FALSE
1005835,That's Amor,2022-08-25,4.9437,5.076,118,FALSE,['Netflix'],Shaun Paul Piccinino,"['Romance', 'Comedy']",0,"['Riley Dandy', 'Isaac Gonzalez Rossi', 'Daniel Edward Mora']",96,1,FALSE,FALSE,2022,8,TRUE,FALSE,0.7235,0.0071,29.5,0,4.779123493,100,735,0,11630,382,2907.5,95.5,TRUE
928015,Dracula: The Original Living Vampire,2022-01-28,3.8985,5.1,111,FALSE,['Amazon Prime Video'],Maximilian Elfeldt,"['Horror', 'Fantasy', 'Thriller']",0,"['Michael Ironside', 'Jake Herbert', 'Christine Prouty']",86,2,FALSE,FALSE,2022,1,FALSE,FALSE,1.9663,0.2153,27.75,0,4.718498871,100,145,0,431010,1066,107752.5,266.5,FALSE
963660,The Wonderful Spring of Mickey Mouse,2022-03-25,4.2833,7.5,16,FALSE,['Disney Plus'],William Reiss,"['Animation', 'Comedy', 'Adventure']",0,"['Chris Diamantopoulos', 'Kaitlyn Robrock', 'Bill Farmer']",23,1,FALSE,TRUE,2022,3,FALSE,FALSE,1.3781,0.3204,4,0,2.833213344,100,100,0,8230,0,2057.5,0,FALSE
1044343,Zen - Grogu and Dust Bunnies,2022-11-12,4.05,6.096,99,FALSE,['Disney Plus'],Katsuya Kondo,"['Animation', 'Fantasy']",0,['N/A'],3,2,FALSE,FALSE,2022,11,FALSE,TRUE,0.2205,0.9545,24.75,0,4.605170186,0,0,0,145390,1865,36347.5,466.25,FALSE
830784,"Lyle, Lyle, Crocodile",2022-10-07,4.3191,7,630,TRUE,"['Hulu', 'HBO Max']",Will Speck,"['Comedy', 'Family', 'Music']",50000000,"['Shawn Mendes', 'Winslow Fegley', 'Javier Bardem']",106,2,FALSE,FALSE,2022,10,FALSE,FALSE,4.5837,0.3597,157.5,17.72753358,6.447305863,100,1102,0.51,4877788,28554,1219447,7138.5,TRUE
1031460,A Prince and Pauper Christmas,2022-12-11,4.5663,6.3,15,FALSE,['Amazon Prime Video'],Peter Sullivan,"['TV Movie', 'Comedy', 'Romance', 'Crime']",0,"['Brittany Underwood', 'Jonathan Stoddard', 'Tom Arnold']",90,1,FALSE,FALSE,2022,12,FALSE,TRUE,1.8448,0.0648,3.75,0,2.772588722,0,0,0,44996,158,11249,39.5,FALSE
980856,Amy Schumer Presents: Parental Advisory,2022-06-11,3.7968,4.4,17,FALSE,['Netflix'],Ryan Polito,['Comedy'],0,"['Amy Schumer', 'Ron Funches', 'Jaye McBride']",57,0,FALSE,FALSE,2022,6,TRUE,FALSE,2.6477,0.2429,4.25,0,2.890371758,0,0,0,12,0,3,0,FALSE
1017339,Hotel for the Holidays,2022-12-01,3.3276,6,28,FALSE,['Amazon Prime Video'],Ron Oliver,"['Romance', 'Comedy', 'TV Movie']",0,"['Madelaine Petsch', 'Mena Massoud', 'Max Lloyd-Jones']",84,5,FALSE,FALSE,2022,12,FALSE,TRUE,2.764,0.0214,7,0,3.36729583,0,0,0,4929920,1781,1232480,445.25,FALSE
957482,Escape Through Africa,2022-03-28,3.6039,5,8,TRUE,['Amazon Prime Video'],Ted Betz,['Adventure'],0,"['Eric Roberts', 'Linn Bjornland', 'Justin Gordon']",90,0,FALSE,FALSE,2022,3,FALSE,FALSE,4.2801,0.0311,2,0,2.197224577,100,345,0,26939,54,6734.75,13.5,FALSE
1019836,Christmas Bloody Christmas,2022-12-09,3.0319,5.4,230,FALSE,['Netflix'],Joe Begos,['Horror'],0,"['Riley Dandy', 'Sam Delich', 'Jonah Ray Rodrigues']",87,1,FALSE,FALSE,2022,12,FALSE,TRUE,0.7235,0.2425,57.5,0,5.442417711,100,717,0,168104,1303,42026,325.75,FALSE
980083,Top Gunner: Danger Zone,2022-05-20,4.4925,5.9,38,FALSE,['Amazon Prime Video'],Glenn Miller,['Action'],0,"['Michael Paré', 'Jack Pearson', 'Alex Herrald']",86,1,FALSE,TRUE,2022,5,TRUE,FALSE,2.4424,0,9.5,0,3.663561646,0,0,0,86474,392,21618.5,98,FALSE
532639,Pinocchio,2022-09-07,3.8713,6.3,1690,FALSE,['Disney Plus'],Robert Zemeckis,"['Fantasy', 'Adventure', 'Family']",0,"['Joseph Gordon-Levitt', 'Tom Hanks', 'Benjamin Evan Ainsworth']",105,3,TRUE,FALSE,2022,9,FALSE,FALSE,15.4337,2.4413,422.5,0,7.433075349,100,735,0.06,5406308,63245,1351577,15811.25,TRUE
854576,Land of Dreams,2022-09-16,4.1027,4.1,16,FALSE,['Amazon Prime Video'],Shirin Neshat,"['Drama', 'Comedy']",0,"['Sheila Vand', 'Matt Dillon', 'William Moseley']",113,1,FALSE,FALSE,2022,9,FALSE,FALSE,2.9086,0.1991,4,0,2.833213344,100,189,0,23225,64,5806.25,16,FALSE
706637,Horse Camp: A Love Tail,2020-01-11,3.5329,9,2,FALSE,['Amazon Prime Video'],Joel Paul Reisig,"['Family', 'Drama', 'Romance']",0,"['Richard Karn', 'Jason London', 'Kristin Mellian']",81,0,FALSE,TRUE,2020,1,FALSE,FALSE,1.9127,0.2355,0.3333333333,0,1.098612289,0,0,0,26505,94,4417.5,15.66666667,FALSE
1014099,Homicide Hunter: Never Give Up,2022-08-17,3.2388,7,2,FALSE,['HBO Max'],Erich Sturm,"['Crime', 'Documentary']",0,['Joe Kenda'],84,1,FALSE,FALSE,2022,8,TRUE,FALSE,0.4684,0.0552,0.5,0,1.098612289,0,0,0,41962,504,10490.5,126,FALSE
958772,The Adventures of Peanut and Pig,2022-04-04,3.2477,7.2,11,FALSE,['Amazon Prime Video'],Karl Toerge,['Animation'],0,['N/A'],75,0,FALSE,FALSE,2022,4,FALSE,FALSE,0.2205,0.2582,2.75,0,2.48490665,0,0,0,6677,29,1669.25,7.25,FALSE
1010730,Beauty and the Billionaire,2022-07-25,3.8118,7.026,37,FALSE,['Amazon Prime Video'],Brian Brough,"['TV Movie', 'Romance', 'Comedy']",0,"['Sashleigha Hightower', 'Chris Reid', 'Tanner Gillman']",93,3,FALSE,TRUE,2022,7,TRUE,FALSE,1.5256,0.3514,9.25,0,3.63758616,0,0,0,473099,2602,118274.75,650.5,FALSE
929340,A Christmas Story Christmas,2022-11-17,3.5626,6.352,145,FALSE,['HBO Max'],Clay Kaytis,"['Comedy', 'Family', 'Drama', 'Fantasy']",0,"['Peter Billingsley', 'Erinn Hayes', 'Julie Hagerty']",102,3,FALSE,TRUE,2022,11,FALSE,TRUE,1.8672,0.4933,36.25,0,4.983606622,0,0,0,1519416,14936,379854,3734,FALSE
755566,Day Shift,2022-08-10,3.3769,6.755,2112,FALSE,['Netflix'],J.J. Perry,"['Action', 'Fantasy', 'Horror', 'Comedy', 'Thriller']",100000000,"['Jamie Foxx', 'Dave Franco', 'Natasha Liu Bordizzo']",113,2,FALSE,FALSE,2022,8,TRUE,FALSE,4.5984,0.733,528,18.42068075,7.655864018,100,704,0.05,9464937,148338,2366234.25,37084.5,TRUE
968456,Seven Lost,2022-07-08,3.7644,0,0,TRUE,['Amazon Prime Video'],Eduardo Castrillo,"['War', 'Action', 'Adventure', 'Drama']",0,"['Eduardo Castrillo', 'Noel Castrillo', 'Michael Placencia']",80,1,FALSE,FALSE,2022,7,TRUE,FALSE,0.75,0.75,0,0,0,100,100,0,22420,1282,5605,320.5,FALSE
1036561,Shadow Master,2022-11-04,4.8657,6.668,107,FALSE,['Amazon Prime Video'],Pearry Reginald Teo,"['Action', 'Fantasy', 'Thriller']",0,"['D.Y. Sao', 'Layton Matthews', 'Brian Le']",90,3,FALSE,FALSE,2022,11,FALSE,TRUE,0.3569,0.3241,26.75,0,4.682131227,0,0,0,321563,1584,80390.75,396,FALSE
689700,Clean,2022-01-28,4.1665,6.227,418,FALSE,['Hulu'],Paul Solet,"['Crime', 'Action', 'Drama']",0,"['Adrien Brody', 'Glenn Fleshler', 'Richie Merritt']",93,1,FALSE,FALSE,2022,1,FALSE,FALSE,4.0406,0.1966,104.5,0,6.03787092,0,0,0,5099115,7007,1274778.75,1751.75,TRUE
1102357,Tales from the Apocalypse,2022-11-25,3.8682,5.1,9,FALSE,['Amazon Prime Video'],Damon Duncan,"['Science Fiction', 'Drama', 'Action']",0,"['Rachel House', 'Stephanie Barkley', 'Jacqueline Joe']",85,1,FALSE,FALSE,2022,11,FALSE,TRUE,1.9156,0.0873,2.25,0,2.302585093,0,0,0,28742,757,7185.5,189.25,FALSE
774752,The Guardians of the Galaxy Holiday Special,2022-11-25,3.5911,7.1,2240,FALSE,['Disney Plus'],James Gunn,"['Comedy', 'Science Fiction', 'Adventure']",0,"['Chris Pratt', 'Dave Bautista', 'Karen Gillan']",45,3,FALSE,FALSE,2022,11,FALSE,TRUE,6.8162,3.0854,560,0,7.714677474,0,0,0,11461505,365951,2865376.25,91487.75,TRUE
1032459,Santa Games,2022-11-04,4.5062,3.5,2,FALSE,['Hulu'],Keoni Waxman,['Comedy'],0,"['Faizon Love', 'B.J. Minor', 'Trisha Mann']",90,2,FALSE,FALSE,2022,11,FALSE,TRUE,1.4596,0.8164,0.5,0,1.098612289,0,0,0,7587,161,1896.75,40.25,FALSE
772272,Tall Girl 2,2022-02-11,3.7993,5.7,389,FALSE,['Netflix'],Emily Ting,"['Comedy', 'Romance', 'Drama']",24393503,"['Ava Michelle', 'Griffin Gluck', 'Sabrina Carpenter']",97,1,FALSE,TRUE,2022,2,FALSE,FALSE,6.0369,0.2644,97.25,17.00982743,5.966146739,0,0,0,2576668,64569,644167,16142.25,FALSE
664469,Amsterdam,2022-09-27,3.5521,6.062,1728,TRUE,['Hulu'],David O. Russell,"['Mystery', 'Comedy', 'Drama']",80000000,"['Christian Bale', 'Margot Robbie', 'John David Washington']",134,5,FALSE,FALSE,2022,9,FALSE,FALSE,10.7258,0.9415,432,18.19753721,7.455298486,0,0,0,9824792,111112,2456198,27778,TRUE
805327,Look Both Ways,2022-08-16,3.3902,6.871,703,FALSE,['Netflix'],Wanuri Kahiu,"['Romance', 'Drama', 'Comedy']",0,"['Lili Reinhart', 'Danny Ramirez', 'David Corenswet']",110,2,FALSE,FALSE,2022,8,TRUE,FALSE,5.0032,0.5872,175.75,0,6.556778356,0,0,0,5675722,104576,1418930.5,26144,TRUE
848123,Black Site,2022-05-05,4.1061,6.116,263,FALSE,['Hulu'],Sophia Banks,"['Action', 'Thriller', 'Crime', 'Drama']",0,"['Michelle Monaghan', 'Jason Clarke', 'Jai Courtney']",99,2,FALSE,FALSE,2022,5,TRUE,FALSE,3.9356,0.7449,65.75,0,5.575949103,0,0,0,693924,1802,173481,450.5,FALSE
890656,Fistful of Vengeance,2022-02-17,4.5048,5.597,319,FALSE,['Netflix'],Roel Reiné,"['Action', 'Fantasy']",0,"['Iko Uwais', 'Lewis Tan', 'Lawrence Kao']",97,3,FALSE,FALSE,2022,2,FALSE,FALSE,2.9541,0.563,79.75,0,5.768320996,0,0,0,3563794,43891,890948.5,10972.75,FALSE
642885,Hocus Pocus 2,2022-09-27,3.92,7.171,1783,FALSE,['Disney Plus'],Anne Fletcher,"['Fantasy', 'Comedy', 'Family']",30000000,"['Bette Midler', 'Sarah Jessica Parker', 'Kathy Najimy']",104,3,TRUE,TRUE,2022,9,FALSE,FALSE,2.4152,1.1093,445.75,17.21670797,7.486613313,0,0,0,10198099,81938,2549524.75,20484.5,TRUE
765119,The Bubble,2022-03-25,4.1125,4.607,490,FALSE,['Netflix'],Judd Apatow,['Comedy'],0,"['Karen Gillan', 'Iris Apatow', 'Fred Armisen']",127,1,FALSE,FALSE,2022,3,FALSE,FALSE,4.834,1.6647,122.5,0,6.196444128,0,0,0,1579435,15373,394858.75,3843.25,FALSE
913827,The Exiles,2022-01-21,4.1558,8,2,FALSE,['Amazon Prime Video'],Ben Klein,"['Documentary', 'History']",0,"['Christine Choy', ""Wu'er Kaixi"", 'Yan Jiaqi']",96,1,FALSE,FALSE,2022,1,FALSE,FALSE,0.0944,0.0959,0.5,0,1.098612289,0,0,0,18954,148,4738.5,37,FALSE
983768,Black Warrant,2022-12-09,3.0022,5.5,56,FALSE,['Amazon Prime Video'],Tibor Takács,"['Action', 'Mystery', 'Thriller']",0,"['Tom Berenger', 'Cam Gigandet', 'Jeff Fahey']",94,1,FALSE,FALSE,2022,12,FALSE,TRUE,2.9731,0.6328,14,0,4.043051268,0,0,0,18733579,20240,4683394.75,5060,FALSE
632727,Texas Chainsaw Massacre,2022-02-18,3.4685,5.2,1576,FALSE,['Netflix'],David Blue Garcia,['Horror'],20000000,"['Sarah Yarkin', 'Elsie Fisher', 'Mark Burnham']",83,4,FALSE,TRUE,2022,2,FALSE,FALSE,2.8774,0.2155,394,16.81124288,7.363279587,0,0,0,780581,7251,195145.25,1812.75,FALSE
985075,Snoop Dogg's F*cn Around Comedy Special,2022-06-16,4.281,5.6,22,FALSE,['Netflix'],Ryan Polito,"['Documentary', 'Comedy', 'Music']",0,"['Snoop Dogg', 'Katt Williams', 'Mike Epps']",67,0,FALSE,FALSE,2022,6,TRUE,FALSE,2.0306,0.2429,5.5,0,3.135494216,0,0,0,792572,7799,198143,1949.75,FALSE
856369,Three Minutes: A Lengthening,2022-01-24,2.9455,7.2,6,FALSE,['Hulu'],Bianca Stigter,"['Documentary', 'History']",0,"['Helena Bonham Carter', 'Glenn Kurtz', 'Moszek Tuchendler']",69,2,FALSE,FALSE,2022,1,FALSE,FALSE,5.3627,0.1495,1.5,0,1.945910149,0,0,0,7579,48,1894.75,12,FALSE
1055854,Call Me Miss Cleo,2022-12-15,3.5886,5.9,10,FALSE,['HBO Max'],Celia Aniskovich,['Documentary'],0,"['Youree Dell Harris', 'Raven-Symoné', 'Debra Wilson']",90,3,FALSE,FALSE,2022,12,FALSE,TRUE,3.206,0.0771,2.5,0,2.397895273,0,0,0,533489,8058,133372.25,2014.5,FALSE
778810,Fireheart,2022-02-15,3.4922,7.2,283,FALSE,['Hulu'],Theodore Anthony Lee Ty,"['Animation', 'Adventure', 'Family', 'Comedy']",0,"['Olivia Cooke', 'Kenneth Branagh', 'William Shatner']",92,6,FALSE,FALSE,2022,2,FALSE,FALSE,4.283,0.3,70.75,0,5.648974238,0,0,0,654549,5889,163637.25,1472.25,FALSE
1024627,The System,2022-10-28,4.1401,7,103,FALSE,['Hulu'],Dallas Jackson,"['Action', 'Crime', 'Thriller']",0,"['Tyrese Gibson', 'Terrence Howard', 'Jeremy Piven']",97,2,FALSE,FALSE,2022,10,FALSE,FALSE,3.412,0.2372,25.75,0,4.644390899,0,0,0,2157594,15772,539398.5,3943,FALSE
871547,The Honeymoon,2022-12-16,4.0252,4.641,32,FALSE,['Hulu'],Dean Craig,['Comedy'],0,"['Pico Alexander', 'Maria Bakalova', 'Asim Chaudhry']",97,2,FALSE,FALSE,2022,12,FALSE,TRUE,0.9963,0.5245,8,0,3.496507561,100,1445,0.26,265529,769,66382.25,192.25,TRUE
1018341,Three Ways,2022-06-17,3.7357,2.667,6,FALSE,['Hulu'],Jamal Dedeaux,['Comedy'],0,"['Andrea Lewis', 'Brittany S. Hall', ""Jerrel O'Neal""]",92,5,FALSE,FALSE,2022,6,TRUE,FALSE,0.5401,0.0854,1.5,0,1.945910149,100,100,0,438863,1034,109715.75,258.5,FALSE
862551,Me Time,2022-08-26,2.8918,5.86,978,FALSE,['Netflix'],John Hamburg,['Comedy'],0,"['Kevin Hart', 'Mark Wahlberg', 'Regina Hall']",105,2,FALSE,FALSE,2022,8,TRUE,FALSE,8.2701,0.9195,244.5,0,6.886531643,0,0,0,7974084,118209,1993521,29552.25,TRUE
945657,Titanic 666,2022-04-15,3.4013,5.536,194,FALSE,['Amazon Prime Video'],Nick Lyon,"['Mystery', 'Thriller', 'Horror']",0,"['Keesha Sharp', 'Jamie Bamber', 'Lydia Hearst']",91,3,FALSE,FALSE,2022,4,FALSE,FALSE,1.3892,0.4294,48.5,0,5.272999559,0,0,0,1386282,8238,346570.5,2059.5,FALSE
787752,Fresh,2022-03-03,3.2844,6.972,1791,FALSE,['Hulu'],Mimi Cave,"['Horror', 'Thriller']",0,"['Daisy Edgar-Jones', 'Sebastian Stan', 'Jojo T. Gibbs']",114,2,FALSE,FALSE,2022,3,FALSE,FALSE,4.2998,0.4023,447.75,0,7.491087594,0,0,0,3688958,50807,922239.5,12701.75,FALSE
747546,A Shot Through the Wall,2022-01-21,3.3281,4.7,6,FALSE,['Amazon Prime Video'],Aimee Long,"['Drama', 'Thriller', 'Crime']",0,"['Kenny Leu', 'Ciara Renée', 'Tzi Ma']",90,3,FALSE,FALSE,2022,1,FALSE,FALSE,1.6178,0.0631,1.5,0,1.945910149,0,0,0,81448,107,20362,26.75,FALSE
1024433,This Place Rules,2022-12-30,3.5571,6.993,70,FALSE,['HBO Max'],Andrew Callaghan,['Documentary'],0,"['Andrew Callaghan', 'Alex E. Jones', 'Mike Busey']",82,3,FALSE,FALSE,2022,12,FALSE,TRUE,1.1728,0.0478,17.5,0,4.262679877,0,0,0,987562,50008,246890.5,12502,FALSE
861069,Take Back the Night,2022-03-04,3.3603,4,25,FALSE,['Amazon Prime Video'],Gia Elliot,['Horror'],0,"['Emma Fitzpatrick', 'Jennifer Lafleur', 'Angela Gulner']",90,0,FALSE,FALSE,2022,3,FALSE,FALSE,0.5945,0.0641,6.25,0,3.258096538,0,0,0,84235,369,21058.75,92.25,FALSE
816952,My Best Friend's Exorcism,2022-09-29,3.7436,5.791,242,FALSE,['Amazon Prime Video'],Damon Thomas,"['Horror', 'Comedy']",0,"['Elsie Fisher', 'Amiah Miller', 'Rachel Ogechi Kanu']",96,3,FALSE,FALSE,2022,9,FALSE,FALSE,2.8774,0.6864,60.5,0,5.493061443,0,0,0,611738,10890,152934.5,2722.5,FALSE
667739,The Man from Toronto,2022-06-24,2.767,6.4,474,FALSE,['Netflix'],Patrick Hughes,"['Action', 'Adventure', 'Comedy']",75000000,"['Kevin Hart', 'Woody Harrelson', 'Kaley Cuoco']",113,4,TRUE,FALSE,2022,6,TRUE,FALSE,7.8124,0.0143,118.5,18.13299868,6.163314804,0,0,0,11100056,117470,2775014,29367.5,FALSE
1046684,Who Is Stan Smith?,2022-11-09,2.9431,0,0,FALSE,['Hulu'],Danny Lee,['Documentary'],0,['N/A'],95,3,FALSE,FALSE,2022,11,FALSE,TRUE,0.2205,0.0901,0,0,0,0,0,0,1442,14,360.5,3.5,FALSE
655322,On the Come Up,2022-09-23,3.9439,5.931,29,FALSE,['Amazon Prime Video'],Sanaa Lathan,"['Drama', 'Music']",0,"['Jamila Gray', 'Noa Dior Rucker', 'Sanaa Lathan']",115,3,FALSE,FALSE,2022,9,FALSE,FALSE,3.4987,3.4987,7.25,0,3.401197382,0,0,0,65082,462,16270.5,115.5,FALSE
993981,Never Stop Dreaming: The Life and Legacy of Shimon Peres,2018-06-13,2.7159,6.2,5,FALSE,['Netflix'],Richard Trank,['Documentary'],0,"['George Clooney', 'Shimon Peres', 'Bill Clinton']",129,1,FALSE,FALSE,2018,6,TRUE,FALSE,5.1746,0.2312,0.625,0,1.791759469,0,0,0,281,0,35.125,0,FALSE
982637,The Overnight,2022-06-03,3.936,3.615,13,FALSE,['Amazon Prime Video'],Bobby Francavillo,['Horror'],0,"['Zebedee Row', 'Rajeev Varma', 'Brittany Clark']",90,0,FALSE,FALSE,2022,6,TRUE,FALSE,0.3803,0,3.25,0,2.63905733,0,0,0,3517994,4499,879498.5,1124.75,FALSE
829577,The Siege of Robin Hood,2022-06-03,3.3274,4.4,22,FALSE,['Amazon Prime Video'],Paul Allica,"['Adventure', 'Action']",0,"['Paul Allica', 'John Fallon', 'Peter Roordink']",120,2,FALSE,FALSE,2022,6,TRUE,FALSE,0.4417,0.4417,5.5,0,3.135494216,0,0,0,6042,21,1510.5,5.25,FALSE
1060469,Homicide Hunter: Devil in the Mountains,2022-11-27,2.8029,6.3,3,FALSE,['HBO Max'],Lauren J. Przbyszewski,"['Crime', 'Documentary']",0,"['Joe Kenda', 'Neftali Hernandez', 'Tommi Aleman']",84,1,FALSE,FALSE,2022,11,FALSE,TRUE,0.4684,2.2949,0.75,0,1.386294361,0,0,0,1311,0,327.75,0,FALSE
809140,Father Stu,2022-04-13,2.6249,7.162,691,TRUE,['Hulu'],Rosalind Ross,['Drama'],4000000,"['Mark Wahlberg', 'Mel Gibson', 'Jacki Weaver']",124,2,FALSE,FALSE,2022,4,FALSE,FALSE,8.2701,0.5976,172.75,15.20180517,6.539585956,0,0,0,11077009,73092,2769252.25,18273,TRUE
899294,Frank and Penelope,2022-06-03,3.4861,7.254,112,TRUE,['Amazon Prime Video'],Sean Patrick Flanery,"['Thriller', 'Horror', 'Crime']",0,"['Billy Budinich', 'Caylee Cowan', 'Johnathon Schaech']",112,0,FALSE,FALSE,2022,6,TRUE,FALSE,1.8088,1.8538,28,0,4.727387819,0,0,0,179191,1054,44797.75,263.5,FALSE
973535,Last Resort,2022-10-24,3.6629,5.7,3,FALSE,['Amazon Prime Video'],Kevin Taylor,['Drama'],0,"['Nick Smyth', 'L.A. Sweeney', 'Kristen Da Silva']",92,0,FALSE,FALSE,2022,10,FALSE,FALSE,0.4228,0.0398,0.75,0,1.386294361,0,0,0,152738,627,38184.5,156.75,FALSE
1025180,The Art of Christmas,2022-12-09,2.8549,6.222,9,FALSE,['Amazon Prime Video'],Andrew Cymek,"['TV Movie', 'Comedy', 'Romance', 'Drama']",0,"['Brigitte Kingsley', 'Joe Towne', 'Kelly Kruger']",85,3,FALSE,FALSE,2022,12,FALSE,TRUE,1.2337,0.5245,2.25,0,2.302585093,100,213,0,14680,91,3670,22.75,FALSE
750358,Science Friction,2022-04-10,3.8725,6,1,FALSE,['Amazon Prime Video'],Emery Emery,['Documentary'],0,"['Banachek', 'Zubin Damania', 'Richard Dawkins']",102,1,FALSE,FALSE,2022,4,FALSE,FALSE,0.4891,0.0932,0.25,0,0.6931471806,0,0,0,955,8,238.75,2,FALSE
957803,Saving Christmas Spirit,2022-12-23,3.2466,6.125,20,FALSE,['Amazon Prime Video'],Wendy Faraone,"['TV Movie', 'Comedy', 'Drama', 'Romance']",0,"['Ashley Newbrough', 'James Robinson', 'Jake Satow']",90,2,FALSE,FALSE,2022,12,FALSE,TRUE,2.2684,0.1427,5,0,3.044522438,0,0,0,35247,241,8811.75,60.25,FALSE
653942,A Thousand Little Cuts,2022-05-02,2.8747,5.3,15,FALSE,['Amazon Prime Video'],Josh Brandon,"['Drama', 'Mystery', 'Thriller']",0,"['Rebecca Liddiard', 'Marina Sirtis', 'Andrew Creer']",87,5,FALSE,FALSE,2022,5,TRUE,FALSE,2.556,0,3.75,0,2.772588722,100,433,0,176554,352,44138.5,88,FALSE
1045950,Dave Stevens: Drawn to Perfection,2022-12-01,2.3414,0,0,TRUE,['Amazon Prime Video'],Kelvin Mao,['Documentary'],0,"['Jennifer Bawcum', 'Danny Bilson', 'Bob Chapman']",98,0,FALSE,FALSE,2022,12,FALSE,TRUE,0.6237,0.2006,0,0,0,0,0,0,8468,263,2117,65.75,FALSE
628900,The Contractor,2022-04-01,3.1265,6.357,1000,FALSE,['Amazon Prime Video'],Tarik Saleh,"['Action', 'Thriller']",0,"['Chris Pine', 'Kiefer Sutherland', 'Ben Foster']",103,5,FALSE,FALSE,2022,4,FALSE,FALSE,3.8868,0.9545,250,0,6.908754779,0,0,0,8482608,36534,2120652,9133.5,TRUE
673271,13: The Musical,2022-08-12,3.5848,5.965,43,FALSE,['Netflix'],Tamra Davis,"['Family', 'Drama', 'Comedy']",0,"['Eli Golden', 'Gabriella Uhl', 'JD McCrary']",91,1,FALSE,FALSE,2022,8,TRUE,FALSE,0.6074,0.4097,10.75,0,3.784189634,0,0,0,652533,11530,163133.25,2882.5,FALSE
957394,Reed's Point,2022-04-12,3.6276,5,26,FALSE,['Amazon Prime Video'],Dale Fabrigar,['Horror'],0,"['Joe Estevez', 'Julia Kelly', 'Sasha Anne']",77,0,FALSE,FALSE,2022,4,FALSE,FALSE,0.879,0.2525,6.5,0,3.295836866,0,0,0,161777,377,40444.25,94.25,FALSE
1037085,Menorah in the Middle,2022-11-04,3.5342,4.1,4,FALSE,['Hulu'],Jordan Kessler,"['TV Movie', 'Drama', 'Fantasy', 'Romance']",0,"['Lucy DeVito', 'Jonah Platt', 'Cristián de la Fuente']",90,2,FALSE,FALSE,2022,11,FALSE,TRUE,0.9503,0.2822,1,0,1.609437912,0,0,0,13918,18,3479.5,4.5,FALSE
773975,End of the Road,2022-09-09,3.8794,6,334,FALSE,['Netflix'],Millicent Shelton,"['Drama', 'Thriller']",0,"['Queen Latifah', 'Ludacris', 'Mychala Lee']",89,2,FALSE,FALSE,2022,9,FALSE,FALSE,2.1257,0.2148,83.5,0,5.814130532,0,0,0,2154507,24233,538626.75,6058.25,FALSE
818397,Memory,2022-04-29,4.9216,6.747,1601,TRUE,['Amazon Prime Video'],Martin Campbell,"['Action', 'Thriller', 'Crime']",30000000,"['Liam Neeson', 'Guy Pearce', 'Taj Atwal']",114,5,FALSE,FALSE,2022,4,FALSE,FALSE,6.9994,0.7569,400.25,17.21670797,7.379008128,100,1387,0.35,1948029,8623,487007.25,2155.75,TRUE
774301,American Murderer,2022-10-21,3.2016,5.885,61,FALSE,['Hulu'],Matthew Gentile,"['Crime', 'Drama']",0,"['Tom Pelphrey', 'Ryan Phillippe', 'Idina Menzel']",101,2,FALSE,FALSE,2022,10,FALSE,FALSE,3.2311,0.0495,15.25,0,4.127134385,100,510,0,156079,468,39019.75,117,FALSE
698948,Thirteen Lives,2022-07-29,3.1964,7.862,1412,FALSE,['Amazon Prime Video'],Ron Howard,"['Drama', 'Thriller']",55000000,"['Viggo Mortensen', 'Colin Farrell', 'Joel Edgerton']",147,6,FALSE,FALSE,2022,7,TRUE,FALSE,6.1528,3.5095,353,17.82284376,7.253470383,100,788,0.12,13014872,25888,3253718,6472,TRUE
987927,I Can't Breathe (God Forgive Them),2022-07-05,4.2929,3,2,TRUE,['Amazon Prime Video'],Bobby Lacer,['Drama'],40000,"['Kevin Sorbo', 'Shane Yuhas', 'Joseph Moreland']",,1,FALSE,FALSE,2022,7,TRUE,FALSE,1.9469,0.2019,0.5,10.59665973,1.098612289,0,0,0,6040,21,1510,5.25,FALSE
878248,Sorority,2022-02-10,2.967,4,1,FALSE,['Amazon Prime Video'],James Webber,['Drama'],0,"['Sophie Kennedy Clark', 'Emily Haigh', 'Kate Dickie']",83,2,FALSE,FALSE,2022,2,FALSE,FALSE,1.8655,0.047,0.25,0,0.6931471806,0,0,0,682448,2756,170612,689,FALSE
929477,Heart Shot,2022-02-17,3.6083,5.401,86,FALSE,['Netflix'],Marielle Woods,"['Romance', 'Crime']",0,"['Elena Heuzé', 'Nia Sondaya', 'Bethany Curry']",19,0,FALSE,FALSE,2022,2,FALSE,FALSE,0.389,0.1824,21.5,0,4.465908119,0,0,0,83019,253,20754.75,63.25,FALSE
619730,Don't Worry Darling,2022-09-23,3.9353,6.772,2803,TRUE,['Netflix'],Olivia Wilde,"['Science Fiction', 'Mystery', 'Thriller']",35000000,"['Florence Pugh', 'Harry Styles', 'Chris Pine']",123,2,FALSE,FALSE,2022,9,FALSE,FALSE,6.3183,3.9903,700.75,17.37085865,7.938802248,0,0,0,13557703,123878,3389425.75,30969.5,TRUE
1072197,County Line: No Fear,2022-12-06,3.4571,4.5,4,FALSE,['Amazon Prime Video'],Brent Christy,"['Drama', 'Action']",0,"['Tom Wopat', 'Kelsey Crane', 'Casper Van Dien']",95,3,FALSE,TRUE,2022,12,FALSE,TRUE,3.0567,0.2982,1,0,1.609437912,0,0,0,16860,103,4215,25.75,FALSE
862431,Love and Love Not,2022-12-02,2.6761,4.4,6,TRUE,['Amazon Prime Video'],Anthony Cally,"['Comedy', 'Romance']",0,"[""Francesco D'onofrio"", 'Afton Jillian', 'Fabiana Udenio']",104,1,FALSE,FALSE,2022,12,FALSE,TRUE,1.714,0.0675,1.5,0,1.945910149,100,992,0,107225,568,26806.25,142,FALSE
970472,Killer Design,2022-04-15,3.4378,7.5,4,FALSE,['Amazon Prime Video'],David DeCoteau,"['TV Movie', 'Thriller']",0,"['Jackée Harry', 'Sarah Armstrong', 'Chelsea Gilson']",,1,FALSE,FALSE,2022,4,FALSE,FALSE,1.312,0,1,0,1.609437912,100,100,0,2444,32,611,8,FALSE
881876,Life After You,2022-03-01,3.0541,5,4,TRUE,['Amazon Prime Video'],Sarah T. Schwab,['Drama'],0,"['Florencia Lozano', 'Gary Perez', 'Domenica Feraud']",90,1,FALSE,FALSE,2022,3,FALSE,FALSE,0.7717,0.3346,1,0,1.609437912,0,0,0,57083,164,14270.75,41,FALSE
972162,Randy Rhoads: Reflections of a Guitar Icon,2022-05-06,2.822,7,7,TRUE,['Amazon Prime Video'],Andre Relis,"['Documentary', 'Music']",0,"['Randy Rhoads', 'Tracii Guns', 'Ozzy Osbourne']",85,0,FALSE,FALSE,2022,5,TRUE,FALSE,1.7697,0.3315,1.75,0,2.079441542,0,0,0,139524,2297,34881,574.25,FALSE
1015724,Trick or Treat Scooby-Doo!,2022-10-04,2.8815,7.018,199,FALSE,['HBO Max'],Audie Harrison,"['Adventure', 'Mystery', 'Comedy', 'Animation', 'Family']",0,"['Frank Welker', 'Grey DeLisle', 'Matthew Lillard']",77,1,FALSE,FALSE,2022,10,FALSE,FALSE,4.439,0.3021,49.75,0,5.298317367,0,0,0,306432,5116,76608,1279,FALSE
892597,The Road to Galena,2022-07-08,3.1625,4.3,6,FALSE,['Amazon Prime Video'],Joe Hall,['Drama'],0,"['Ben Winchell', 'Will Brittain', 'Aimee Teegarden']",110,1,FALSE,FALSE,2022,7,TRUE,FALSE,3.372,0.0256,1.5,0,1.945910149,0,0,0,390777,923,97694.25,230.75,FALSE
794206,A Grand Romantic Gesture,2022-02-07,2.8155,5.7,5,FALSE,['Amazon Prime Video'],Joan Carr-Wiggin,"['Comedy', 'Romance', 'Drama']",0,"['Gina McKee', 'Douglas Hodge', 'Rob Stewart']",108,2,FALSE,FALSE,2022,2,FALSE,FALSE,1.7067,0.1816,1.25,0,1.791759469,0,0,0,5091,17,1272.75,4.25,FALSE
1028935,Holiday Harmony,2022-11-24,3.8024,6.5,52,FALSE,['HBO Max'],Shaun Paul Piccinino,"['Romance', 'Comedy', 'Music', 'TV Movie']",0,"['Annelise Cepero', 'Jeremy Sumpter', 'Brooke Shields']",111,2,FALSE,FALSE,2022,11,FALSE,TRUE,3.4544,0.0071,13,0,3.970291914,0,0,0,69744,531,17436,132.75,FALSE
933721,Frederick Douglass: In Five Speeches,2022-02-23,3.114,6,3,FALSE,['HBO Max'],Julia Marchesi,"['Documentary', 'History']",0,"['André Holland', 'Nicole Beharie', 'David Blight']",58,2,FALSE,FALSE,2022,2,FALSE,FALSE,0.9394,0.1634,0.75,0,1.386294361,0,0,0,38095,484,9523.75,121,FALSE
772973,The Inhabitant,2022-10-07,3.3726,6,116,FALSE,['Hulu'],Jerren Lauder,"['Thriller', 'Horror', 'Mystery']",1600000,"[""Odessa A'zion"", 'Leslie Bibb', 'Dermot Mulroney']",97,4,FALSE,FALSE,2022,10,FALSE,FALSE,4.5568,0.0988,29,14.28551481,4.762173935,0,0,0,420632,1357,105158,339.25,FALSE
888816,Love in Bloom,2022-08-27,2.5795,6.9,20,FALSE,['Amazon Prime Video'],Rogue Rubin,"['TV Movie', 'Romance', 'Comedy']",0,"['Susie Abromeit', 'Julian Haig', 'Monette Lee']",90,3,FALSE,FALSE,2022,8,TRUE,FALSE,1.3031,0.1208,5,0,3.044522438,0,0,0,58807,275,14701.75,68.75,FALSE
858824,Alone with You,2022-02-04,2.9169,4.1,19,FALSE,['Amazon Prime Video'],Justin Brooks,"['Horror', 'Thriller']",0,"['Emily Bennett', 'Emma Myles', 'Dora Madison']",83,1,FALSE,FALSE,2022,2,FALSE,FALSE,1.3023,0.0143,4.75,0,2.995732274,100,394,0,94912,249,23728,62.25,FALSE
854239,Till,2022-10-14,3.8446,7.293,316,TRUE,['Amazon Prime Video'],Chinonye Chukwu,"['Drama', 'History']",33000000,"['Danielle Deadwyler', 'Jalyn Hall', 'Frankie Faison']",131,4,FALSE,FALSE,2022,10,FALSE,FALSE,1.7425,0.6308,79,17.31201815,5.758901774,100,1552,0.36,5304041,33769,1326010.25,8442.25,TRUE
916053,Something from Tiffany's,2022-11-29,3.3691,6.689,304,FALSE,['Amazon Prime Video'],Daryl Wein,"['Romance', 'Comedy', 'Drama']",0,"['Zoey Deutch', 'Kendrick Sampson', 'Ray Nicholson']",87,3,FALSE,FALSE,2022,11,FALSE,TRUE,5.0162,0.3084,76,0,5.720311777,100,656,0.19,5223325,9763,1305831.25,2440.75,TRUE
833097,Falling for Christmas,2022-11-10,3.4428,6.232,848,FALSE,['Netflix'],Janeen Damian,"['Romance', 'Comedy', 'Family']",0,"['Lindsay Lohan', 'Chord Overstreet', 'George Young']",95,4,FALSE,FALSE,2022,11,FALSE,TRUE,2.8178,0.9745,212,0,6.744059186,100,884,0.08,2834400,53545,708600,13386.25,TRUE
974961,Murder at Yellowstone City,2022-06-24,2.3104,5.444,89,FALSE,['Netflix'],Richard Gray,"['Western', 'Mystery']",0,"['Gabriel Byrne', 'Thomas Jane', 'Isaiah Mustafa']",126,5,FALSE,FALSE,2022,6,TRUE,FALSE,2.839,0.0214,22.25,0,4.49980967,100,532,0,1139860,496,284965,124,FALSE
800815,The Pale Blue Eye,2022-12-23,3.6207,6.812,2048,FALSE,['Netflix'],Scott Cooper,"['Thriller', 'Crime', 'Horror', 'Mystery']",72000000,"['Christian Bale', 'Harry Melling', 'Lucy Boynton']",128,2,FALSE,FALSE,2022,12,FALSE,TRUE,5.9518,1.0164,512,18.09217669,7.625107148,0,0,0,7083312,88382,1770828,22095.5,TRUE
809107,Z-O-M-B-I-E-S 3,2022-07-09,2.9114,7.321,433,FALSE,['Disney Plus'],Paul Hoen,"['Fantasy', 'Comedy', 'Family', 'TV Movie']",36000000,"['Meg Donnelly', 'Milo Manheim', 'Chandler Kinney']",88,3,FALSE,TRUE,2022,7,TRUE,FALSE,3.7082,0.4448,108.25,17.39902952,6.073044534,0,0,0,5638139,34566,1409534.75,8641.5,FALSE
583691,A Genie's Tail,2022-02-19,3.0855,2.6,5,TRUE,['Amazon Prime Video'],Brent Huff,['Family'],0,"['Hero', 'Riley Jackson', 'Nick Fisher']",89,0,FALSE,FALSE,2022,2,FALSE,FALSE,0.2915,1.0519,1.25,0,1.791759469,0,0,0,297,6,74.25,1.5,FALSE
1032581,Crown Prince of Christmas,2022-12-10,2.3469,5.7,7,FALSE,['Amazon Prime Video'],Anthony C. Ferrante,"['TV Movie', 'Comedy', 'Drama', 'Romance']",0,"['Cindy Busby', 'Jilon VanOver', 'Richard Cutting']",85,1,FALSE,FALSE,2022,12,FALSE,TRUE,2.0048,0.2766,1.75,0,2.079441542,0,0,0,4025,21,1006.25,5.25,FALSE
916735,Mid-Century,2022-06-17,1.8981,4.4,33,FALSE,['Amazon Prime Video'],Sonja O'Hara,"['Horror', 'Thriller', 'Drama', 'Mystery']",0,"['Shane West', 'Sarah Hay', 'Bruce Dern']",105,3,FALSE,FALSE,2022,6,TRUE,FALSE,3.1036,0.208,8.25,0,3.526360525,100,324,0,337083,1027,84270.75,256.75,FALSE
762895,Manifest West,2022-11-11,3.6168,6.125,16,FALSE,['Amazon Prime Video'],Joe Dietsch,"['Thriller', 'Drama']",0,"['Michael Cudlitz', 'Tim Heidecker', 'Annet Mahendru']",91,1,FALSE,FALSE,2022,11,FALSE,TRUE,2.0316,0.1895,4,0,2.833213344,0,0,0,132720,173,33180,43.25,FALSE
504827,The Bob's Burgers Movie,2022-05-27,3.3286,6.969,343,TRUE,['Hulu'],Bernard Derriman,"['Animation', 'Music', 'Comedy', 'Crime', 'Mystery']",38000000,"['H. Jon Benjamin', 'Kristen Schaal', 'John Roberts']",102,2,TRUE,FALSE,2022,5,TRUE,FALSE,1.8394,0.1028,85.75,17.45309674,5.840641657,100,1012,0.1,6193931,47939,1548482.75,11984.75,TRUE
800510,Kimi,2022-02-10,3.076,6.2,949,FALSE,['HBO Max'],Steven Soderbergh,"['Thriller', 'Mystery', 'Crime']",3500000,"['Zoë Kravitz', 'Byron Bowers', 'Jaime Camil']",89,2,FALSE,FALSE,2022,2,FALSE,FALSE,4.7409,1.3227,237.25,15.06827381,6.856461985,100,886,0.11,9217966,12853,2304491.5,3213.25,TRUE
884625,A Slice of Chicago Romance,2022-02-10,2.8278,6,13,FALSE,['Amazon Prime Video'],Danny J. Boyle,"['TV Movie', 'Comedy', 'Romance', 'Family']",0,"['Megan Elizabeth Barker', 'Tyler Courtad', 'Meggan Kaiser']",85,2,FALSE,FALSE,2022,2,FALSE,FALSE,0.7578,0.459,3.25,0,2.63905733,0,0,0,38924,257,9731,64.25,FALSE
826769,Rosaline,2022-10-11,2.6867,7.113,318,FALSE,['Amazon Prime Video'],Karen Maine,"['Romance', 'Drama', 'Comedy']",0,"['Kaitlyn Dever', 'Isabela Merced', 'Kyle Allen']",97,2,TRUE,FALSE,2022,10,FALSE,FALSE,6.9673,0.3769,79.5,0,5.765191103,0,0,0,1571537,15635,392884.25,3908.75,FALSE
735481,Office Games,2022-11-11,3.2908,6.6,5,FALSE,['Amazon Prime Video'],Christian de la Cortina,['Comedy'],0,"['Evan Marsh', 'Jodelle Ferland', 'Mark Camacho']",87,0,FALSE,FALSE,2022,11,FALSE,TRUE,2.0451,1.4383,1.25,0,1.791759469,0,0,0,35380,25,8845,6.25,FALSE
987337,The Wonderful Summer of Mickey Mouse,2022-07-08,3.8159,6.9,27,FALSE,['Disney Plus'],Karl Hadrika,"['Animation', 'Comedy']",0,"['Chris Diamantopoulos', 'Kaitlyn Robrock', 'Bill Farmer']",24,1,FALSE,TRUE,2022,7,TRUE,FALSE,1.3781,0.1112,6.75,0,3.33220451,0,0,0,135452,1567,33863,391.75,FALSE
1012108,Once Upon a Time in Mongolia,2022-03-10,2.7624,10,1,FALSE,['Amazon Prime Video'],Donald Leow,"['Romance', 'Adventure']",0,"['Rachel Lynn David', 'Munkhnasan Dashdorj', 'Jargalant Myatav']",102,1,FALSE,FALSE,2022,3,FALSE,FALSE,0.2369,0.1128,0.25,0,0.6931471806,0,0,0,19759,296,4939.75,74,FALSE
933249,Icahn: The Restless Billionaire,2022-02-15,2.8136,7,5,FALSE,['HBO Max'],Bruce David Klein,['Documentary'],0,"['Carl Icahn', 'Bill Gates', 'Oliver Stone']",102,2,FALSE,FALSE,2022,2,FALSE,FALSE,1.5084,0.0645,1.25,0,1.791759469,0,0,0,268901,3080,67225.25,770,FALSE
962675,Respect the Jux,2022-05-06,3.4319,3.5,3,FALSE,['Amazon Prime Video'],G.H. Goba,"['Crime', 'Drama', 'Thriller', 'Action']",0,"['Tony Sirico', 'Robert Costanzo', 'Tobias Truvillion']",112,2,FALSE,FALSE,2022,5,TRUE,FALSE,1.297,0.1457,0.75,0,1.386294361,0,0,0,309978,2320,77494.5,580,FALSE
870671,The Hunting,2022-01-21,3.2218,5.7,80,FALSE,['Amazon Prime Video'],Mark Andrew Hamer,['Horror'],0,"['Angela Cole', 'Heidi Azaro', 'Alan Tuskes']",91,2,FALSE,FALSE,2022,1,FALSE,FALSE,1.5704,0.0286,20,0,4.394449155,0,0,0,70730,124,17682.5,31,FALSE
799876,The Outfit,2022-03-18,3.1725,7.082,1266,TRUE,['Netflix'],Graham Moore,"['Crime', 'Drama', 'Thriller', 'Mystery']",5000000,"['Mark Rylance', 'Zoey Deutch', 'Johnny Flynn']",105,4,FALSE,FALSE,2022,3,FALSE,FALSE,5.0162,0.0845,316.5,15.42494867,7.14440718,0,0,0,6900419,29183,1725104.75,7295.75,TRUE
977979,1660 Vine,2022-11-04,3.521,10,2,FALSE,['Amazon Prime Video'],Patricia McGregor,"['Music', 'Comedy']",0,"['Jessica Ruth Bell', 'CJ Cruz', 'Ty Deran']",135,2,FALSE,FALSE,2022,11,FALSE,TRUE,0.3658,0.0214,0.5,0,1.098612289,0,0,0,244629,1303,61157.25,325.75,FALSE
921360,Wire Room,2022-09-02,2.874,6.15,170,FALSE,['Amazon Prime Video'],Matt Eskandari,"['Action', 'Crime']",0,"['Kevin Dillon', 'Bruce Willis', 'Oliver Trevena']",97,1,FALSE,FALSE,2022,9,FALSE,FALSE,6.0579,0.7949,42.5,0,5.141663557,100,796,0,554519,1550,138629.75,387.5,FALSE
973781,Disney's Summer Magic Quest,2022-06-26,2.372,4,2,FALSE,['Disney Plus'],Art Spigel,"['Documentary', 'Adventure']",0,"['Yvette Nicole Brown', 'Meg Donnelly', 'Pearce Joza']",42,1,FALSE,TRUE,2022,6,TRUE,FALSE,2.0866,0.207,0.5,0,1.098612289,0,0,0,1011095,5553,252773.75,1388.25,FALSE
877269,Strange World,2022-11-23,2.6948,6.3,1370,TRUE,['Disney Plus'],Don Hall,"['Animation', 'Family', 'Adventure', 'Science Fiction', 'Fantasy']",180000000,"['Jake Gyllenhaal', 'Dennis Quaid', 'Jaboukie Young-White']",102,1,FALSE,FALSE,2022,11,FALSE,TRUE,8.8143,0.0071,342.5,19.00846741,7.22329568,100,1528,0.3,18305093,60395,4576273.25,15098.75,TRUE
1045944,The Boss Baby: Christmas Bonus,2022-12-06,3.6352,6.681,312,FALSE,['Netflix'],Matt Engstrom,"['Animation', 'Family', 'Adventure']",0,"['JP Karliak', 'Pierce Gagnon', 'Amaryllis Aubel']",45,1,FALSE,FALSE,2022,12,FALSE,TRUE,1.0737,0.6955,78,0,5.746203191,0,0,0,280484,856,70121,214,FALSE
976954,After Jackie,2022-06-18,3.4215,8.5,2,FALSE,['Amazon Prime Video'],Andre Gaines,"['Documentary', 'History']",0,"['Jackie Robinson', 'Tim McCarver', 'Ken Griffey Jr.']",120,3,FALSE,FALSE,2022,6,TRUE,FALSE,0.4916,0.1128,0.5,0,1.098612289,0,0,0,38686,569,9671.5,142.25,FALSE
1077596,Meteor: First Impact,2022-12-30,2.8821,5.423,26,FALSE,['Amazon Prime Video'],Brett Bentman,"['Action', 'Thriller']",0,"['Tiffany McDonald', 'Thom Hallum', 'Kristin Keith']",78,1,FALSE,FALSE,2022,12,FALSE,TRUE,0.6203,0.3841,6.5,0,3.295836866,0,0,0,289768,460,72442,115,FALSE
926676,Navalny,2022-04-11,3.3708,7.257,261,FALSE,['HBO Max'],Daniel Roher,['Documentary'],0,"['Alexei Navalny', 'Yulia Navalnaya', 'Dasha Navalnaya']",98,4,FALSE,FALSE,2022,4,FALSE,FALSE,0.5255,0.2879,65.25,0,5.568344504,0,0,0,752942,12136,188235.5,3034,FALSE
860159,Crush,2022-04-29,2.4854,7.414,472,FALSE,['Hulu'],Sammi Cohen,"['Comedy', 'Romance']",0,"['Rowan Blanchard', 'Auliʻi Cravalho', 'Isabella Ferreira']",92,5,FALSE,FALSE,2022,4,FALSE,FALSE,1.5489,0.5677,118,0,6.159095388,100,763,0.12,5447318,43756,1361829.5,10939,TRUE
814338,Lady Chatterley's Lover,2022-11-22,3.0563,6.702,486,FALSE,['Netflix'],Laure de Clermont-Tonnerre,"['Drama', 'Romance']",0,"['Emma Corrin', ""Jack O'Connell"", 'Matthew Duckett']",126,4,FALSE,FALSE,2022,11,FALSE,TRUE,4.0026,0.885,121.5,0,6.188264123,100,835,0.14,4773183,27968,1193295.75,6992,FALSE
934476,The Thief Collector,2022-03-13,3.2592,6.9,9,FALSE,['Amazon Prime Video'],Allison Otto,"['Documentary', 'Crime']",0,"['Glenn Howerton', 'Sarah Minnich', 'Brandon Ruiz']",96,4,FALSE,FALSE,2022,3,FALSE,FALSE,1.2929,0.0673,2.25,0,2.302585093,0,0,0,57677,231,14419.25,57.75,FALSE
1015602,Welcome to the Club,2022-09-08,3.0209,6.369,195,FALSE,['Disney Plus'],David Silverman,"['Animation', 'Comedy']",0,"['Yeardley Smith', 'Tress MacNeille', 'Nancy Cartwright']",4,2,FALSE,FALSE,2022,9,FALSE,FALSE,1.6403,0.623,48.75,0,5.278114659,0,0,0,4345,159,1086.25,39.75,FALSE
420821,Chip 'n Dale: Rescue Rangers,2022-05-20,3.6404,6.995,1321,FALSE,['Disney Plus'],Akiva Schaffer,"['Animation', 'Family', 'Comedy', 'Adventure', 'Mystery']",70000000,"['Andy Samberg', 'John Mulaney', 'KiKi Layne']",99,2,TRUE,FALSE,2022,5,TRUE,FALSE,5.6396,1.0442,330.25,18.06400581,7.18690102,100,267,0,639400,13563,159850,3390.75,TRUE
851972,Swallowed,2022-06-04,3.6577,5.708,65,FALSE,['Amazon Prime Video'],Carter Smith,"['Thriller', 'Horror']",0,"['Cooper Koch', 'Jose Colon', 'Jena Malone']",96,3,FALSE,FALSE,2022,6,TRUE,FALSE,3.0617,0,16.25,0,4.189654742,0,0,0,229059,1426,57264.75,356.5,FALSE
926682,Night of the Tommyknockers,2022-11-25,3.0828,3.636,11,TRUE,['Amazon Prime Video'],Michael Su,"['Western', 'Drama', 'Horror']",0,"['Richard Grieco', 'Tom Sizemore', 'Robert LaSardo']",86,1,FALSE,FALSE,2022,11,FALSE,TRUE,1.851,0.9873,2.75,0,2.48490665,0,0,0,5519,26,1379.75,6.5,FALSE
828900,Aqua Teen Forever: Plantasm,2022-10-06,3.1436,6.105,43,FALSE,['HBO Max'],Matt Maiellaro,"['Animation', 'Comedy', 'Science Fiction']",0,"['Dana Snyder', 'Carey Means', 'Dave Willis']",76,4,FALSE,TRUE,2022,10,FALSE,FALSE,0.5735,0.3634,10.75,0,3.784189634,0,0,0,831693,30261,207923.25,7565.25,FALSE
821201,Pursuit of Freedom,2022-09-16,2.3463,4.5,4,TRUE,['Amazon Prime Video'],George A. Johnson,['Drama'],0,"['Jessica Koloian', 'Stelio Savante', 'Robia LaMorte']",95,2,FALSE,FALSE,2022,9,FALSE,FALSE,0.6466,0.1249,1,0,1.609437912,0,0,0,6147,76,1536.75,19,FALSE
1024530,Grimcutty,2022-10-10,2.9014,5.118,404,FALSE,['Hulu'],John Ross,['Horror'],0,"['Sara Wolfkind', 'Shannyn Sossamon', 'Usman Ally']",101,1,FALSE,FALSE,2022,10,FALSE,FALSE,2.0996,0.0071,101,0,6.003887067,100,1134,0.14,2291872,16827,572968,4206.75,FALSE
1002258,The Ghost Writer,2024-02-13,2.7778,6.364,22,FALSE,['Amazon Prime Video'],Paul Wilkins,"['Thriller', 'Horror']",0,"['Luke Mably', 'Brendan Patricks', 'Matthew Jure']",88,1,FALSE,FALSE,2024,2,FALSE,FALSE,0.9702,0.0071,11,0,3.135494216,0,0,0,271468,1181,135734,590.5,FALSE
979220,County Line: All In,2022-05-22,3.6864,6,5,FALSE,['Amazon Prime Video'],Brent Christy,['Action'],0,"['Tom Wopat', 'Kelsey Crane', 'Denim Richards']",83,0,FALSE,TRUE,2022,5,TRUE,FALSE,0.9262,0.2982,1.25,0,1.791759469,0,0,0,65067,140,16266.75,35,FALSE
944936,The Christmas Checklist,2022-12-12,2.9088,7.2,5,FALSE,['Amazon Prime Video'],Anne De Léan,"['TV Movie', 'Comedy', 'Romance']",0,"['Sarah Power', 'Jarod Joseph', 'Monica Rodriguez']",90,2,FALSE,FALSE,2022,12,FALSE,TRUE,1.8369,0.117,1.25,0,1.791759469,100,100,0,12449,87,3112.25,21.75,FALSE
955455,8 Days to Hell,2022-02-12,3.2375,2,6,FALSE,['Amazon Prime Video'],Shane Woodson,['Horror'],0,"['Eric Roberts', 'Shane Woodson', 'Drew Hale']",85,1,FALSE,FALSE,2022,2,FALSE,FALSE,4.2801,0.5155,1.5,0,1.945910149,0,0,0,17225,0,4306.25,0,FALSE
969686,4 Horsemen: Apocalypse,2022-04-29,2.8189,6.004,127,FALSE,['Amazon Prime Video'],Geoff Meed,"['Science Fiction', 'Horror']",0,"['Dominique Swain', 'Arie Thompson', 'Eric St. John']",86,2,FALSE,FALSE,2022,4,FALSE,FALSE,2.0394,0.5256,31.75,0,4.852030264,0,0,0,329272,802,82318,200.5,FALSE
799878,The Nameless Days,2022-04-01,2.6505,6.1,31,FALSE,['Amazon Prime Video'],Andrew Mecham,['Horror'],0,"['Alexia Ioannides', 'Charles Halford', 'Andrew Roach']",92,0,FALSE,FALSE,2022,4,FALSE,FALSE,0.7525,0.121,7.75,0,3.465735903,0,0,0,47090,106,11772.5,26.5,FALSE
913604,Renegades,2022-12-02,2.7629,5.455,44,FALSE,['Amazon Prime Video'],Daniel Zirilli,"['Action', 'Crime', 'Thriller']",4000000,"['Nick Moran', 'Lee Majors', 'Ian Ogilvy']",91,1,FALSE,FALSE,2022,12,FALSE,TRUE,1.9984,0.6633,11,15.20180517,3.80666249,0,0,0,7353144,12308,1838286,3077,FALSE
817481,Moon Manor,2022-02-25,2.0291,6.6,5,FALSE,['Amazon Prime Video'],Machete Bang Bang,"['Comedy', 'Drama']",0,"['James ""Jimmy"" Carrozo', 'Lou Taylor Pucci', 'Richard Riehle']",103,1,FALSE,FALSE,2022,2,FALSE,FALSE,1.4933,0.2891,1.25,0,1.791759469,0,0,0,60569,206,15142.25,51.5,FALSE
1030192,ZOMBI-Thon with Big City Greens,2022-08-20,2.3845,6.3,3,FALSE,['Disney Plus'],Sabrina Alberghetti,"['Animation', 'Family', 'Comedy']",0,"['Chris Houghton', 'Artemis Pebdani', 'Marieve Herington']",22,2,FALSE,TRUE,2022,8,TRUE,FALSE,0.7639,0.2773,0.75,0,1.386294361,0,0,0,48597,561,12149.25,140.25,FALSE
1114629,U2: Rockumentary,2022-04-01,3.3155,3,2,FALSE,['Amazon Prime Video'],Danielle Winter,"['Documentary', 'Music']",0,"['Bono', 'The Edge', 'Larry Mullen Jr.']",43,1,FALSE,FALSE,2022,4,FALSE,FALSE,1.0612,0.0622,0.5,0,1.098612289,0,0,0,106633,1359,26658.25,339.75,FALSE
634652,"Nicole, Her Ex & the Killer",2022-05-20,2.2048,1,1,TRUE,['Amazon Prime Video'],Bob Akins,"['Comedy', 'Thriller']",0,"['Nicole Trobaugh', 'Braeden Baade', 'Rollyn Stafford']",90,0,FALSE,FALSE,2022,5,TRUE,FALSE,0.05,0.0214,0.25,0,0.6931471806,0,0,0,3579,18,894.75,4.5,FALSE
950445,Return to Space,2022-04-07,2.5213,6.536,660,FALSE,['Netflix'],Elizabeth Chai Vasarhelyi,['Documentary'],0,"['Elon Musk', 'Douglas Hurley', 'Robert Behnken']",128,1,FALSE,FALSE,2022,4,FALSE,FALSE,1.2508,0.5277,165,0,6.49375384,0,0,0,653049,15781,163262.25,3945.25,FALSE
766431,Hostile Territory,2022-04-22,3.296,6.937,103,FALSE,['Amazon Prime Video'],Brian Presley,"['Western', 'Action', 'Drama', 'History']",0,"['Brian Presley', 'Matt McCoy', 'Brad Leland']",94,1,FALSE,FALSE,2022,4,FALSE,FALSE,1.4123,0.7682,25.75,0,4.644390899,100,714,0,533664,2721,133416,680.25,FALSE
830788,The Invitation,2022-08-26,2.508,6.012,921,TRUE,"['Hulu', 'HBO Max']",Jessica M. Thompson,"['Horror', 'Thriller']",10000000,"['Nathalie Emmanuel', 'Thomas Doherty', 'Sean Pertwee']",105,2,FALSE,FALSE,2022,8,TRUE,FALSE,5.0179,0.1405,230.25,16.11809575,6.826545224,0,0,0,10395822,37012,2598955.5,9253,TRUE
979967,Hi-Fear,2022-04-09,3.1236,2,5,FALSE,['Amazon Prime Video'],Tim Ritter,['Horror'],0,"['Julie Anne Prescott', 'Geoff Allen', 'Raven Black']",112,2,FALSE,FALSE,2022,4,FALSE,FALSE,0.2107,0.2129,1.25,0,1.791759469,0,0,0,8660,64,2165,16,FALSE
653800,12 Months,2022-04-01,3.2137,5,4,TRUE,['Amazon Prime Video'],Clinton Cornwell,"['Drama', 'Romance']",8000,"['Michael James Kelly', 'Elizabeth Hirsch-Tauber', 'Lindsey Rose Naves']",90,1,FALSE,FALSE,2022,4,FALSE,FALSE,0.1215,0.0071,1,8.987321813,1.609437912,0,0,0,122,5,30.5,1.25,FALSE
338958,Disenchanted,2022-11-16,2.5769,6.7,1147,FALSE,['Disney Plus'],Adam Shankman,"['Comedy', 'Family', 'Fantasy']",0,"['Amy Adams', 'Patrick Dempsey', 'James Marsden']",118,3,TRUE,TRUE,2022,11,FALSE,TRUE,8.461,0.6274,286.75,0,7.045776577,0,0,0,9596836,247184,2399209,61796,TRUE
1010711,Destined at Christmas,2022-10-22,3.0861,7.452,21,FALSE,['Amazon Prime Video'],Brittany Wiscombe,"['TV Movie', 'Comedy', 'Romance']",0,"['Shae Robins', 'Casey Elliott', 'Eye Candy Elliott']",85,3,FALSE,TRUE,2022,10,FALSE,FALSE,1.3673,0.3406,5.25,0,3.091042453,0,0,0,112483,803,28120.75,200.75,FALSE
926380,The Electric Man,2022-02-11,2.0934,2.7,3,TRUE,['Amazon Prime Video'],B. Luciano Barsuglia,['Fantasy'],0,"['Jed Rowen', 'Rachel Riley', 'James Di Giacomo']",90,0,FALSE,FALSE,2022,2,FALSE,FALSE,0.8568,0.1926,0.75,0,1.386294361,100,201,0,25057,42,6264.25,10.5,FALSE
846778,Margaux,2022-09-09,3.2081,5.9,200,FALSE,['Amazon Prime Video'],Steven C. Miller,"['Horror', 'Science Fiction']",0,"['Madison Pettis', 'Vanessa Morgan', 'Richard Harmon']",104,3,FALSE,FALSE,2022,9,FALSE,FALSE,2.9542,0.4368,50,0,5.303304908,100,667,0.11,18017,113,4504.25,28.25,FALSE
928270,Heatwave,2022-01-17,3.0089,6.3,155,TRUE,['Amazon Prime Video'],Ernie Barbarash,"['Thriller', 'Drama']",0,"['Kat Graham', 'Merritt Patterson', 'Sebastian Roché']",100,4,FALSE,FALSE,2022,1,FALSE,FALSE,2.4253,0.4661,38.75,0,5.049856007,100,580,0,441588,1335,110397,333.75,FALSE
883369,A Snapshot of Forever,2022-03-05,2.5039,5.7,17,FALSE,['Amazon Prime Video'],David I. Strasser,"['TV Movie', 'Romance', 'Comedy']",0,"['Natalie Dreyfuss', 'Anthony Konechny', 'Matt Hamilton']",87,2,FALSE,FALSE,2022,3,FALSE,FALSE,1.3794,0.1009,4.25,0,2.890371758,0,0,0,56164,1824,14041,456,FALSE
541134,The Good Nurse,2022-10-19,2.6982,6.876,1360,FALSE,['Netflix'],Tobias Lindholm,"['Drama', 'Crime', 'Mystery']",0,"['Jessica Chastain', 'Eddie Redmayne', 'Nnamdi Asomugha']",121,2,FALSE,FALSE,2022,10,FALSE,FALSE,5.9362,0.4387,340,0,7.215975003,100,870,0.09,4772341,54300,1193085.25,13575,TRUE
807356,Watcher,2022-06-03,2.2157,6.473,1085,TRUE,['Netflix'],Chloe Okuno,"['Horror', 'Mystery', 'Thriller']",5000000,"['Maika Monroe', 'Karl Glusman', 'Burn Gorman']",96,4,FALSE,FALSE,2022,6,TRUE,FALSE,2.5637,0.9968,271.25,15.42494867,6.9902565,100,1537,0.42,1452035,7626,363008.75,1906.5,TRUE
967826,Eye for Eye,2022-02-22,2.8517,1.5,4,FALSE,['Amazon Prime Video'],L.J. Martin,['Western'],0,"['John Savage', 'Shane Clouse', 'Blanca Blanco']",120,1,FALSE,FALSE,2022,2,FALSE,FALSE,2.7449,0.1035,1,0,1.609437912,0,0,0,950548,3086,237637,771.5,FALSE
1073387,Lee'd the Way,2022-11-07,2.2654,3.5,2,FALSE,['Amazon Prime Video'],Richard L. Anderson,"['Drama', 'Comedy']",0,"['Simon Twu', 'Carolina Hoyos', 'Johnny Vitelli']",101,0,FALSE,FALSE,2022,11,FALSE,TRUE,0.3446,0.5096,0.5,0,1.098612289,0,0,0,1355,18,338.75,4.5,FALSE
800937,Senior Year,2022-05-11,2.4011,5.916,897,FALSE,['Netflix'],Alex Hardcastle,['Comedy'],0,"['Rebel Wilson', 'Sam Richardson', 'Zoë Chao']",114,3,FALSE,FALSE,2022,5,TRUE,FALSE,2.742,0.5273,224.25,0,6.800170068,100,767,0.05,11857959,221560,2964489.75,55390,TRUE
965404,Rudy! A Documusical,2022-06-09,2.8521,0,0,FALSE,['Amazon Prime Video'],Jed Rothstein,['Documentary'],0,"['Rudolph Giuliani', 'Bo Dietl', 'Al Sharpton']",99,3,FALSE,FALSE,2022,6,TRUE,FALSE,0.7257,0.0903,0,0,0,0,0,0,0,12,0,3,FALSE
999628,Get Away If You Can,2022-08-19,3.1357,3.286,7,FALSE,['Amazon Prime Video'],Terrence Martin,['Thriller'],0,"['Ed Harris', 'Riley Smith', 'Martina Gusmán']",90,1,FALSE,FALSE,2022,8,TRUE,FALSE,3.7373,0.0327,1.75,0,2.079441542,0,0,0,80521,1163,20130.25,290.75,FALSE
861072,Don't Make Me Go,2022-06-13,2.4725,7,124,FALSE,['Amazon Prime Video'],Hannah Marks,['Drama'],0,"['John Cho', 'Mia Isaac', 'Kaya Scodelario']",109,3,FALSE,FALSE,2022,6,TRUE,FALSE,4.9942,1.7531,31,0,4.828313737,100,100,0,2135914,3884,533978.5,971,FALSE
1018061,Immediate Family,2022-09-30,2.9296,7.4,4,FALSE,['Hulu'],Denny Tedesco,"['Music', 'Documentary']",0,"['Lou Adler', 'Peter Asher', 'Jackson Browne']",102,4,FALSE,FALSE,2022,9,FALSE,FALSE,0.2954,0.1111,1,0,1.609437912,0,0,0,233813,2373,58453.25,593.25,FALSE
934641,The Minute You Wake Up Dead,2022-11-04,2.1373,5.3,116,FALSE,['Amazon Prime Video'],Michael Mailer,"['Thriller', 'Crime', 'Drama']",0,"['Cole Hauser', 'Jaimie Alexander', 'Morgan Freeman']",90,3,FALSE,FALSE,2022,11,FALSE,TRUE,10.7129,0.1946,29,0,4.762173935,100,625,0,599446,1319,149861.5,329.75,FALSE
1017335,Project Legion,2022-10-07,2.9961,4.5,32,FALSE,['Hulu'],Lance Kawas,"['Horror', 'Thriller', 'Science Fiction']",0,"['Donald Cerrone', 'Brande Roderick', 'Kelly Lynn Reiter']",89,2,FALSE,FALSE,2022,10,FALSE,FALSE,1.0057,0.6954,8,0,3.496507561,100,411,0,324679,0,81169.75,0,FALSE
668461,Slumberland,2022-11-09,2.6178,7.283,899,FALSE,['Netflix'],Francis Lawrence,"['Family', 'Fantasy', 'Comedy']",35000000,"['Marlow Barkley', 'Jason Momoa', ""Chris O'Dowd""]",117,2,FALSE,FALSE,2022,11,FALSE,TRUE,9.9195,1.6628,224.75,17.37085865,6.802394763,100,943,0.06,10718077,115194,2679519.25,28798.5,TRUE
990982,Last the Night,2022-07-01,3.3728,5.1,29,FALSE,['Amazon Prime Video'],Nick Leisure,"['Thriller', 'Horror']",83,"['Brian Austin Green', 'Makena Taylor', 'Acoryé White']",87,0,FALSE,FALSE,2022,7,TRUE,FALSE,1.472,0.1081,7.25,4.430816799,3.401197382,0,0,0,156715,536,39178.75,134,FALSE
678287,Marmaduke,2022-05-06,2.8457,5.143,91,FALSE,['Netflix'],Mark A.Z. Dippé,"['Animation', 'Family', 'Comedy', 'Adventure']",0,"['Pete Davidson', 'J.K. Simmons', 'David Koechner']",87,4,FALSE,FALSE,2022,5,TRUE,FALSE,4.9981,0.3498,22.75,0,4.521788577,0,0,0,914503,4270,228625.75,1067.5,FALSE
943663,A Place Called Home,2022-03-04,2.2417,0,0,FALSE,['Amazon Prime Video'],Kiel Thorlton,['Drama'],0,"['Suzanne Sadler', 'Andrew Hunter', 'Sean Ramey']",100,0,FALSE,FALSE,2022,3,FALSE,FALSE,0.7612,0,0,0,0,100,100,0,6100,20,1525,5,FALSE
817648,Home Team,2022-01-28,2.6613,6.643,769,FALSE,['Netflix'],Charles Kinnane,"['Family', 'Comedy', 'Drama']",0,"['Kevin James', 'Taylor Lautner', 'Rob Schneider']",95,2,FALSE,FALSE,2022,1,FALSE,FALSE,4.4161,0.1505,192.25,0,6.646390515,100,733,0.06,2056377,16989,514094.25,4247.25,TRUE
1037858,The Soccer Football Movie,2022-11-09,2.4656,5.7,121,FALSE,['Netflix'],Mitch Schauer,"['Animation', 'Comedy', 'Family']",0,"['Zlatan Ibrahimović', 'Megan Rapinoe', ""'Weird Al' Yankovic""]",70,1,FALSE,FALSE,2022,11,FALSE,TRUE,0.519,0.1917,30.25,0,4.804021045,0,0,0,298617,670,74654.25,167.5,FALSE
796102,18½,2022-05-27,2.6364,5.5,11,FALSE,['Amazon Prime Video'],Dan Mirvish,"['Thriller', 'Comedy', 'Drama']",0,"['Willa Fitzgerald', 'John Magaro', 'Vondie Curtis-Hall']",89,0,FALSE,FALSE,2022,5,TRUE,FALSE,3.2808,0.5264,2.75,0,2.48490665,0,0,0,78946,589,19736.5,147.25,FALSE
1053110,I Believe in Santa,2022-12-14,2.8466,5.2,143,FALSE,['Netflix'],Alex Ranarivelo,"['Romance', 'Comedy']",0,"['Christina Moore', 'John Ducey', 'Violet McGraw']",90,1,FALSE,FALSE,2022,12,FALSE,TRUE,2.6332,0.2555,35.75,0,4.9698133,100,620,0,307987,1857,76996.75,464.25,FALSE
1121753,Motion Detected,2022-06-17,2.8013,3.8,8,FALSE,['Amazon Prime Video'],Sam Roseme,"['Thriller', 'Science Fiction', 'Horror']",0,"['Natasha Esca', 'Roland Buck III', 'Carlo Mendez']",80,1,FALSE,FALSE,2022,6,TRUE,FALSE,1.7623,0.088,2,0,2.197224577,0,0,0,66131,104,16532.75,26,FALSE
887708,The Wedding Fix,2022-03-20,3.1037,5.7,22,FALSE,['Amazon Prime Video'],Nicholas Humphries,"['TV Movie', 'Romance', 'Comedy']",0,"['Andrea Brooks', 'Patch May', 'Beverley Elliott']",85,3,FALSE,FALSE,2022,3,FALSE,FALSE,0.811,0.1212,5.5,0,3.135494216,0,0,0,39629,256,9907.25,64,FALSE
744114,My Policeman,2022-10-21,1.977,7.62,745,FALSE,['Amazon Prime Video'],Michael Grandage,"['Drama', 'Romance']",0,"['Gina McKee', 'Linus Roache', 'Rupert Everett']",113,3,FALSE,FALSE,2022,10,FALSE,FALSE,2.6356,0.2172,186.25,0,6.6147256,100,885,0.13,5478126,54030,1369531.5,13507.5,TRUE
1124906,Gospel of Ted,2022-08-25,2.5166,0,0,FALSE,['Amazon Prime Video'],Alex Wroten,"['Comedy', 'Adventure', 'Mystery']",0,"['Breanna Foister', 'Joe Worthen', 'Paul Kaufmann']",96,1,FALSE,TRUE,2022,8,TRUE,FALSE,0.1446,0.0832,0,0,0,0,0,0,25761750,80539,6440437.5,20134.75,FALSE
758009,Shotgun Wedding,2023-01-18,2.4765,6.261,1255,FALSE,['Amazon Prime Video'],Jason Moore,"['Action', 'Comedy', 'Romance']",0,"['Jennifer Lopez', 'Josh Duhamel', 'Lenny Kravitz']",101,2,FALSE,FALSE,2023,1,FALSE,FALSE,3.0406,0.0143,418.3333333,0,7.135687347,100,757,0.12,10282289,12626,3427429.667,4208.666667,TRUE
1008576,Lie Hard,2022-08-16,2.807,5.2,4,FALSE,['Amazon Prime Video'],Ian Niles,"['Comedy', 'Crime']",0,"['Ian Niles', 'Melanie Chandra', 'Catherine Curtin']",,0,FALSE,FALSE,2022,8,TRUE,FALSE,1.4656,0.3165,1,0,1.609437912,100,398,0,23462,89,5865.5,22.25,FALSE
982620,Maneater,2022-08-26,2.9863,4.526,114,FALSE,['Hulu'],Justin Lee,"['Mystery', 'Thriller', 'Horror']",0,"['Nicky Whelan', 'Trace Adkins', 'Jeff Fahey']",86,3,FALSE,FALSE,2022,8,TRUE,FALSE,2.8093,1.0238,28.5,0,4.744932128,0,0,0,1034610,9371,258652.5,2342.75,FALSE
1301472,Devil's Void,2022-02-01,2.5487,0,0,FALSE,['Amazon Prime Video'],Thet Win,['Horror'],125000,"['Elyssa Erhardt', 'Rachel Sellan', 'Katisha Shaw']",80,2,FALSE,FALSE,2022,2,FALSE,FALSE,0.9887,0.0143,0,11.73607702,0,0,0,0,1199,12,299.75,3,FALSE
784217,Damon's Revenge,2022-01-28,2.795,3,11,FALSE,['Amazon Prime Video'],David Gere,"['Horror', 'Action']",0,"['Chelsea Vale', 'Tom Sizemore', 'Robert LaSardo']",89,3,FALSE,FALSE,2022,1,FALSE,FALSE,1.851,0.7242,2.75,0,2.48490665,0,0,0,121481,193,30370.25,48.25,FALSE
962042,What We Do Next,2022-04-14,2.1847,6,2,TRUE,['Amazon Prime Video'],Stephen Belber,"['Drama', 'Thriller', 'Crime']",0,"['Karen Pittman', 'Michelle Veintimilla', 'Corey Stoll']",77,0,FALSE,FALSE,2022,4,FALSE,FALSE,2.0614,0.3207,0.5,0,1.098612289,0,0,0,12082,126,3020.5,31.5,FALSE
874958,Love for Starters,2022-01-27,2.9904,6,16,FALSE,['Amazon Prime Video'],Jason Bourque,"['TV Movie', 'Romance', 'Comedy', 'Family']",0,"['Stephanie Bennett', 'Jonathan Cherry', 'Veenu Sandhu']",85,2,FALSE,FALSE,2022,1,FALSE,FALSE,0.9845,0.574,4,0,2.833213344,0,0,0,22787,1286,5696.75,321.5,FALSE
765172,Rise of the Teenage Mutant Ninja Turtles: The Movie,2022-08-05,2.0648,7.145,100,FALSE,['Netflix'],Andy Suriano,"['Animation', 'Action', 'Science Fiction']",0,"['Ben Schwartz', 'Omar Benson Miller', 'Brandon Mychal Smith']",86,1,FALSE,FALSE,2022,8,TRUE,FALSE,2.3039,0.1918,25,0,4.615120517,100,636,0,1277268,15805,319317,3951.25,FALSE
997010,Dave Chappelle: What's in a Name?,2022-07-07,2.1282,6.488,41,FALSE,['Netflix'],Rikki Hughes,['Comedy'],0,['Dave Chappelle'],40,1,FALSE,FALSE,2022,7,TRUE,FALSE,1.4868,0.047,10.25,0,3.737669618,0,0,0,306,3,76.5,0.75,FALSE
1031909,COIN,2022-10-07,2.6666,3.8,4,FALSE,['Amazon Prime Video'],Greg Kohs,['Documentary'],0,"['Hayden Adams', 'Benny Adler', 'Brian Armstrong']",86,1,FALSE,FALSE,2022,10,FALSE,FALSE,0.0286,0.515,1,0,1.609437912,100,2096,0.8,6320,51,1580,12.75,FALSE
937348,Taylor Tomlinson: Look at You,2022-03-08,2.3609,7.402,61,FALSE,['Netflix'],Kristian Mercado Figueroa,['Comedy'],0,['Taylor Tomlinson'],60,2,FALSE,FALSE,2022,3,FALSE,FALSE,0.0071,0.9661,15.25,0,4.127134385,100,100,0,540244,12124,135061,3031,FALSE
429473,Lou,2022-09-23,2.4861,6.512,731,FALSE,['Netflix'],Anna Foerster,"['Action', 'Thriller']",0,"['Allison Janney', 'Jurnee Smollett', 'Logan Marshall-Green']",107,1,FALSE,FALSE,2022,9,FALSE,FALSE,5.9989,0.8602,182.75,0,6.595780514,0,0,0,2896841,26851,724210.25,6712.75,FALSE
929174,The Tuck Rule,2022-02-06,2.072,6,1,FALSE,['Disney Plus'],Ken Rodgers,['Documentary'],0,"['Tom Brady', 'Charles Woodson', 'Eric Allen']",50,5,FALSE,FALSE,2022,2,FALSE,FALSE,0.071,0.3366,0.25,0,0.6931471806,0,0,0,1722031,8343,430507.75,2085.75,FALSE
1020696,Play Dead,2023-01-05,2.2489,6.1,175,FALSE,['Amazon Prime Video'],Patrick Lussier,"['Horror', 'Thriller']",0,"['Bailee Madison', ""Jerry O'Connell"", 'Anthony Turpel']",106,4,FALSE,FALSE,2023,1,FALSE,FALSE,2.0281,0.5294,58.33333333,0,5.170483995,100,796,0.16,113185,378,37728.33333,126,FALSE
1020191,Jack Osbourne's Night of Terror: UFOs,2022-09-03,1.9636,6.7,3,FALSE,['HBO Max'],,"['Documentary', 'TV Movie']",0,"['Jack Osbourne', 'Jason Mewes', 'Jamie Kennedy']",86,1,FALSE,FALSE,2022,9,FALSE,FALSE,1.5436,0,0.75,0,1.386294361,0,0,0,98112,352,24528,88,FALSE
820912,Persuasion,2022-07-01,2.8003,6.083,631,FALSE,['Netflix'],Carrie Cracknell,"['Romance', 'Drama', 'Comedy']",0,"['Dakota Johnson', 'Cosmo Jarvis', 'Henry Golding']",108,4,FALSE,FALSE,2022,7,TRUE,FALSE,9.1896,1.7246,157.75,0,6.448889394,0,0,0,8335378,128364,2083844.5,32091,FALSE
960639,Bill Maher: #Adulting,2022-04-15,2.2371,4.7,12,FALSE,['HBO Max'],Ryan Polito,['Comedy'],0,['Bill Maher'],67,2,FALSE,FALSE,2022,4,FALSE,FALSE,0.7234,0.2429,3,0,2.564949357,0,0,0,415,4,103.75,1,FALSE
911826,Love at the Christmas Contest,2022-11-06,2.5623,6.7,10,FALSE,['Amazon Prime Video'],John Burd,"['TV Movie', 'Comedy', 'Romance', 'Drama']",0,"['Samantha Cope', 'Ross Jirgl', 'James Healy Jr.']",90,2,FALSE,FALSE,2022,11,FALSE,TRUE,1.2151,0.2037,2.5,0,2.397895273,0,0,0,208765,802,52191.25,200.5,FALSE
924657,Squeaky Clean Mysteries: Hazardous Duty,2022-10-30,1.8262,6.4,15,FALSE,['Amazon Prime Video'],Sean Olson,"['TV Movie', 'Mystery', 'Drama']",0,"['Jessica Blackmore', 'Jamie Roy', 'Kristi Murdock']",88,2,FALSE,FALSE,2022,10,FALSE,FALSE,0.9441,0.171,3.75,0,2.772588722,0,0,0,11730,45,2932.5,11.25,FALSE
881487,The Visitor,2022-10-07,2.4917,5.3,100,FALSE,['Amazon Prime Video'],Justin P. Lange,"['Horror', 'Mystery', 'Thriller']",0,"['Finn Jones', 'Jessica McNamee', 'Donna Biscoe']",86,4,FALSE,FALSE,2022,10,FALSE,FALSE,1.7986,0.2279,25,0,4.615120517,0,0,0,1842529,4659,460632.25,1164.75,FALSE
551271,Medieval,2022-09-09,2.213,6.896,509,TRUE,['Hulu'],Petr Jákl,"['Action', 'Drama', 'History']",23000000,"['Ben Foster', 'Sophie Lowe', 'Michael Caine']",126,4,FALSE,FALSE,2022,9,FALSE,FALSE,7.5397,0.7007,127.25,16.95100482,6.234410726,0,0,0,931023,12312,232755.75,3078,FALSE
1026958,Christmas at the Holly Hotel,2022-11-27,1.9246,5.438,8,FALSE,['Amazon Prime Video'],Joel Paul Reisig,"['Romance', 'Comedy', 'Drama']",0,"['Jesi Jensen', 'Joe Kurak', 'Kristen Ryda']",85,1,FALSE,FALSE,2022,11,FALSE,TRUE,0.7273,0.2355,2,0,2.197224577,0,0,0,21914,82,5478.5,20.5,FALSE
680860,I Want You Back,2022-02-10,2.0627,6.3,358,FALSE,['Amazon Prime Video'],Jason Orley,"['Comedy', 'Romance']",0,"['Charlie Day', 'Jenny Slate', 'Scott Eastwood']",116,4,FALSE,FALSE,2022,2,FALSE,FALSE,4.1567,0.7863,89.5,0,5.883322388,100,752,0.08,2946585,10714,736646.25,2678.5,FALSE
810171,The Valet,2022-05-11,1.9413,7.494,624,FALSE,['Hulu'],Richard Wong,"['Comedy', 'Romance']",0,"['Eugenio Derbez', 'Samara Weaving', 'Max Greenfield']",124,2,FALSE,FALSE,2022,5,TRUE,FALSE,4.771,0.078,156,0,6.43775165,0,0,0,8840686,10959,2210171.5,2739.75,FALSE
969725,The Creeping,2022-05-01,2.5227,4.229,24,FALSE,['Amazon Prime Video'],,['Horror'],0,"['Riann Steele', 'Sophie Thompson', 'Jane Lowe']",93,1,FALSE,FALSE,2022,5,TRUE,FALSE,0.8459,0,6,0,3.218875825,0,0,0,46068,152,11517,38,FALSE
1015169,Designing Christmas,2022-11-11,2.7725,5.844,16,FALSE,['HBO Max'],Pat Mills,"['TV Movie', 'Family', 'Romance']",0,"['Jessica Szohr', 'Marco Grazzini', 'Mykee Selkin']",87,3,FALSE,FALSE,2022,11,FALSE,TRUE,2.9012,0.1074,4,0,2.833213344,100,100,0,29103,126,7275.75,31.5,FALSE
931140,Moon Crash,2022-02-04,1.1044,3.6,27,FALSE,['Amazon Prime Video'],Noah Luke,['Science Fiction'],0,"['Jeremy London', 'Tyler Christopher', 'Pauline Egan']",90,2,FALSE,FALSE,2022,2,FALSE,FALSE,1.2904,0.3565,6.75,0,3.33220451,100,470,0,357337,1174,89334.25,293.5,FALSE
1037604,The Flagmakers,2022-09-18,2.218,6.2,6,FALSE,['Disney Plus'],Cynthia Wade,['Documentary'],0,['N/A'],35,2,FALSE,FALSE,2022,9,FALSE,FALSE,0.2205,0,1.5,0,1.945910149,0,0,0,47650,841,11912.5,210.25,FALSE
897192,Diary of a Wimpy Kid: Rodrick Rules,2022-12-02,2.4282,6.8,179,FALSE,['Disney Plus'],Luke Cormican,"['Animation', 'Comedy', 'Family']",0,"['Brady Noon', 'Ethan William Childress', 'Hunter Dillon']",74,2,TRUE,TRUE,2022,12,FALSE,TRUE,1.9687,0.286,44.75,0,5.192956851,0,0,0,790443,10843,197610.75,2710.75,FALSE
956004,The Wrong Tenant,2022-05-01,1.9149,0,0,FALSE,['Amazon Prime Video'],Oren Benamor,"['Drama', 'Thriller']",0,"['Colleen Irene Sands', 'Evan Schwartz', ""Erin O'Brien""]",84,0,FALSE,FALSE,2022,5,TRUE,FALSE,0.0143,0.1077,0,0,0,0,0,0,11126,0,2781.5,0,FALSE
925850,Sweet as Pie,2022-07-29,1.7887,6.3,26,FALSE,['Amazon Prime Video'],Jonathan MacPherson,"['TV Movie', 'Romance', 'Comedy', 'Family']",0,"['Rhiannon Fish', 'Kurtis Szarka', 'Mercedes De La Cruz']",85,1,FALSE,FALSE,2022,7,TRUE,FALSE,2.1795,0.1011,6.5,0,3.295836866,100,255,0,1442118,11001,360529.5,2750.25,FALSE
984963,Leon's Fantasy Cut,2022-06-11,2.7745,0,0,FALSE,['Amazon Prime Video'],Jon Valde,['Drama'],0,"['Josh Caras', 'Jon Valde', 'Ella Rae Peck']",98,1,FALSE,FALSE,2022,6,TRUE,FALSE,0.9951,0.0071,0,0,0,0,0,0,1220,17,305,4.25,FALSE
1013577,"""Sr.""",2022-09-02,2.6609,6.9,61,FALSE,['Netflix'],Chris Smith,['Documentary'],0,"['Robert Downey Sr.', 'Robert Downey Jr.', 'Chris Smith']",90,2,FALSE,FALSE,2022,9,FALSE,FALSE,8.6872,0.4704,15.25,0,4.127134385,100,100,0,4149036,85032,1037259,21258,FALSE
865370,The Last Mark,2022-02-25,1.6387,7.314,35,FALSE,['Amazon Prime Video'],Reem Morsi,"['Action', 'Thriller']",0,"['Alexia Fast', 'Shawn Doyle', 'Josh Cruddas']",85,2,FALSE,FALSE,2022,2,FALSE,FALSE,1.7502,0.106,8.75,0,3.583518938,0,0,0,292459,419,73114.75,104.75,FALSE
806368,The Son,2022-11-25,2.3524,6.71,530,TRUE,['Hulu'],Florian Zeller,['Drama'],0,"['Hugh Jackman', 'Zen McGrath', 'Vanessa Kirby']",123,6,FALSE,FALSE,2022,11,FALSE,TRUE,6.9653,0.3898,132.5,0,6.274762021,0,0,0,2024522,10980,506130.5,2745,FALSE
996806,A Christmas Karen,2022-11-18,2.8228,5.273,11,FALSE,['Amazon Prime Video'],Lisa Enos Smith,"['Comedy', 'Fantasy']",0,"['Michele Simms', 'Meghan Colleen Moroney', 'Rolin Alexis']",98,1,FALSE,FALSE,2022,11,FALSE,TRUE,0.4912,0.0286,2.75,0,2.48490665,0,0,0,200932,1426,50233,356.5,FALSE
1027014,Entergalactic,2022-09-28,2.1053,7.674,461,FALSE,['Netflix'],Fletcher Moules,"['Animation', 'Romance', 'Music']",0,"['Kid Cudi', 'Jessica Williams', 'Laura Harrier']",93,3,FALSE,FALSE,2022,9,FALSE,FALSE,2.6598,0.2062,115.25,0,6.135564891,0,0,0,1130789,20904,282697.25,5226,FALSE
1002181,American Badass: A Michael Madsen Retrospective,2022-08-15,1.5709,5.5,4,TRUE,['Amazon Prime Video'],Dominique Milano,['Documentary'],0,"['Michael Madsen', 'Quentin Tarantino', 'John Travolta']",85,0,FALSE,FALSE,2022,8,TRUE,FALSE,5.4333,0.0466,1,0,1.609437912,0,0,0,17799,282,4449.75,70.5,FALSE
1019907,Infamously in Love,2022-10-09,2.6997,5.389,9,FALSE,['Amazon Prime Video'],Kristin Fairweather,"['TV Movie', 'Comedy', 'Romance']",0,"['Jennifer Freeman', 'Adam Huss', 'Sydney Agudong']",90,2,FALSE,FALSE,2022,10,FALSE,FALSE,1.6737,0.0618,2.25,0,2.302585093,100,100,0,43328,322,10832,80.5,FALSE
803104,Sex Appeal,2022-01-14,2.6533,6.648,305,FALSE,['Hulu'],Talia Osteen,"['Comedy', 'Romance']",0,"['Mika Abdalla', 'Jake Short', 'Paris Jackson']",90,4,FALSE,FALSE,2022,1,FALSE,FALSE,3.2867,0.3868,76.25,0,5.723585102,0,0,0,3998871,10000,999717.75,2500,FALSE
924482,The Ledge,2022-02-18,2.0172,6.561,384,FALSE,['Amazon Prime Video'],Howard J. Ford,"['Thriller', 'Adventure']",2500000,"['Brittany Ashworth', 'Nathan Welsh', 'Anaïs Parello']",86,6,FALSE,FALSE,2022,2,FALSE,FALSE,0.6159,1.1095,96,14.73180169,5.953243334,0,0,0,2682204,13861,670551,3465.25,FALSE
532710,Firestarter,2022-05-13,2.0978,5.475,778,TRUE,['Netflix'],Keith Thomas,"['Horror', 'Science Fiction', 'Thriller']",12000000,"['Ryan Kiera Armstrong', 'Zac Efron', 'Sydney Lemmon']",94,3,TRUE,FALSE,2022,5,TRUE,FALSE,6.4295,0.2426,194.5,16.30041729,6.658011046,100,819,0.1,22536949,63159,5634237.25,15789.75,TRUE
945982,A Cowgirl's Song,2022-04-22,2.2352,5.5,12,FALSE,['Amazon Prime Video'],Timothy Armstrong,"['Music', 'Drama']",0,"['Cheryl Ladd', 'Savannah May', 'Darci Lynne Farmer']",93,1,FALSE,FALSE,2022,4,FALSE,FALSE,4.2795,0.0686,3,0,2.564949357,0,0,0,31451,292,7862.75,73,FALSE
1062839,2025 Armageddon,2022-12-16,2.7869,4.7,15,FALSE,['Amazon Prime Video'],Michael Su,"['Science Fiction', 'Action', 'Horror']",0,"['Lindsey Marie Wilson', 'Jolene Andersen', 'Phillip Andre Botello']",90,1,FALSE,FALSE,2022,12,FALSE,TRUE,0.3713,0.9873,3.75,0,2.772588722,0,0,0,314681,2730,78670.25,682.5,FALSE
995906,Galaxy Games,2022-07-04,2.5961,5.1,10,FALSE,['Amazon Prime Video'],Ben Carland,['Fantasy'],0,"['Jake Brown', 'Jake White', 'Spenser Pollard']",83,1,FALSE,FALSE,2022,7,TRUE,FALSE,0.4308,0.0071,2.5,0,2.397895273,0,0,0,87633,147,21908.25,36.75,FALSE
736918,The Noel Diary,2022-11-24,1.7591,6.284,388,FALSE,['Netflix'],Charles Shyer,"['Romance', 'Comedy', 'Drama']",0,"['Justin Hartley', 'Barrett Doss', 'Bonnie Bedelia']",99,2,FALSE,FALSE,2022,11,FALSE,TRUE,3.1256,0.552,97,0,5.963579344,100,900,0.18,3159416,30170,789854,7542.5,FALSE
1100046,Oops! You're A Vampire,2022-10-20,2.169,0,0,FALSE,['Amazon Prime Video'],Phil Messerer,"['Comedy', 'Horror']",200,"['Eilis Cahill', 'Devon Dionne', 'Chase Gilbertson']",86,1,FALSE,FALSE,2022,10,FALSE,FALSE,0.1423,0.3315,0,5.303304908,0,0,0,0,61,2,15.25,0.5,FALSE
892835,Book of Love,2022-02-04,2.2798,5.588,131,FALSE,['Amazon Prime Video'],Analeine Cal y Mayor,"['Comedy', 'Romance', 'Drama']",0,"['Sam Claflin', 'Verónica Echegui', 'Antonia Clarke']",106,7,FALSE,FALSE,2022,2,FALSE,FALSE,11.7839,0.1004,32.75,0,4.882801923,0,0,0,5272455,48273,1318113.75,12068.25,FALSE
829799,Paradise City,2022-11-11,2.2916,5.5,167,FALSE,['Hulu'],Chuck Russell,"['Action', 'Crime', 'Thriller']",20000000,"['John Travolta', 'Bruce Willis', 'Blake Jenner']",93,9,FALSE,FALSE,2022,11,FALSE,TRUE,6.0579,0.0482,41.75,16.81124288,5.123963979,0,0,0,203849,1056,50962.25,264,FALSE
934042,Look at Me: XXXTENTACION,2022-03-15,2.1902,6.7,18,FALSE,['Hulu'],Sabaah Folayan,"['Documentary', 'Music']",0,"['XXXTentacion', 'Cleopatra Bernard', 'Geneva Ayala']",108,1,FALSE,FALSE,2022,3,FALSE,FALSE,0.3997,0.1157,4.5,0,2.944438979,0,0,0,3417186,302567,854296.5,75641.75,FALSE
1022685,I'm Glad It's Christmas,2022-11-26,2.3475,5.7,51,FALSE,['Hulu'],Ernie Barbarash,"['TV Movie', 'Comedy', 'Romance', 'Drama']",0,"['Jessica Lowndes', 'Paul Greene', 'Gladys Knight']",85,5,FALSE,FALSE,2022,11,FALSE,TRUE,2.0975,0.4661,12.75,0,3.951243719,0,0,0,3121,32,780.25,8,FALSE
858063,Last Exit: Space,2022-03-10,2.7342,6.833,9,TRUE,['HBO Max'],Rudolph Herzog,['Documentary'],0,"['Werner Herzog', 'Taylor Genovese', 'Benjamin Neustein']",80,3,FALSE,FALSE,2022,3,FALSE,FALSE,1.5997,0.1705,2.25,0,2.302585093,0,0,0,34595,192,8648.75,48,FALSE
1004677,A Compassionate Spy,2022-09-03,2.1721,6.2,6,FALSE,['Hulu'],Steve James,['Documentary'],0,"['Theodore Hall', 'Joan Hall', 'Joseph Albright']",102,3,FALSE,FALSE,2022,9,FALSE,FALSE,0.1102,0.0338,1.5,0,1.945910149,0,0,0,37093,172,9273.25,43,FALSE
926016,Washington's Armor: The Journey,2022-02-21,1.8595,2,2,TRUE,['Amazon Prime Video'],Tammy Lane,"['History', 'Drama']",0,"['Willie Mellina', 'Tim Perez-Ross', 'Jeremy Gauna']",98,2,FALSE,FALSE,2022,2,FALSE,FALSE,0.3323,0.6879,0.5,0,1.098612289,0,0,0,24425,158,6106.25,39.5,FALSE
940979,"Wake Up, Leonard",2022-04-01,2.4543,3.2,5,FALSE,['Amazon Prime Video'],Kat Mills Martin,"['Comedy', 'Drama']",0,"['Nigel DeFriez', 'Kira Pearson', 'Kanoa Goo']",71,2,FALSE,FALSE,2022,4,FALSE,FALSE,0.6715,0.0071,1.25,0,1.791759469,0,0,0,0,0,0,0,FALSE
1006309,My One True Love,2022-07-25,2.2854,7,19,FALSE,['Amazon Prime Video'],John Lyde,"['TV Movie', 'Comedy', 'Romance']",0,"['Andriana Manfredi', 'Ross Jirgl', 'Jess DelVizo']",88,3,FALSE,FALSE,2022,7,TRUE,FALSE,0.4469,0.0143,4.75,0,2.995732274,0,0,0,57637,319,14409.25,79.75,FALSE
822124,Tell It Like a Woman,2022-10-07,1.3783,4.233,30,FALSE,['Amazon Prime Video'],Catherine Hardwicke,"['Drama', 'Comedy', 'Action']",21000000,"['Jennifer Hudson', 'Pauletta Washington', 'Cara Delevingne']",112,4,FALSE,FALSE,2022,10,FALSE,FALSE,2.7382,0.5731,7.5,16.86003304,3.433987204,0,0,0,34877365,181773,8719341.25,45443.25,FALSE
944865,Boon,2022-04-01,2.214,5.083,48,FALSE,['Amazon Prime Video'],Derek Presley,"['Action', 'Crime', 'Thriller', 'Drama', 'Mystery']",0,"['Neal McDonough', 'Tommy Flanagan', 'Christina Ochoa']",95,0,FALSE,TRUE,2022,4,FALSE,FALSE,4.8432,0.1258,12,0,3.891820298,100,596,0.09,116895,107,29223.75,26.75,FALSE
953542,Cryo,2022-06-24,2.5203,4.631,42,FALSE,['Amazon Prime Video'],Barrett Burgin,"['Thriller', 'Science Fiction', 'Mystery']",0,"['Jyllian Petrie', 'Emily Marie Palmer', 'Mason D. Davis']",118,2,FALSE,FALSE,2022,6,TRUE,FALSE,0.8908,0.129,10.5,0,3.761200116,100,758,0,31907,118,7976.75,29.5,FALSE
1362331,Drifting Soul,2022-01-01,2.2713,0,0,FALSE,['Amazon Prime Video'],Naotoshi Kitada,['Drama'],0,"['Ryoji Sugimoto', 'Harumi Yamano', 'Yasuhiro Isobe']",92,0,FALSE,FALSE,2022,1,FALSE,FALSE,0.3381,0.0491,0,0,0,0,0,0,5987576,47790,1496894,11947.5,FALSE
957457,Moonage Daydream,2022-09-16,2.1967,7.512,244,TRUE,['Netflix'],Brett Morgen,"['Documentary', 'Music']",0,"['David Bowie', 'Lou Reed', 'Tina Turner']",135,3,FALSE,FALSE,2022,9,FALSE,FALSE,1.1076,0.6147,61,0,5.501258211,100,1440,0.24,261681,3956,65420.25,989,FALSE
1117991,The Greatest of All Tina,2022-12-07,2.4127,0,0,FALSE,['Amazon Prime Video'],Brody Gusar,['Comedy'],250000,"['Krystyna Walters', 'Victor Salvatore', 'Leif Gantvoort']",94,1,FALSE,FALSE,2022,12,FALSE,TRUE,0.4694,0.1873,0,12.4292202,0,0,0,0,0,0,0,0,FALSE
814800,Goodnight Mommy,2022-09-16,2.124,6.3,522,FALSE,['Amazon Prime Video'],Matt Sobel,"['Horror', 'Thriller', 'Mystery']",0,"['Naomi Watts', 'Cameron Crovetti', 'Nicholas Crovetti']",91,2,FALSE,FALSE,2022,9,FALSE,FALSE,3.0472,0.3061,130.5,0,6.259581464,0,0,0,1855735,11347,463933.75,2836.75,FALSE
846433,The Enforcer,2022-09-23,2.102,7.061,471,FALSE,['Hulu'],Richard Hughes,"['Action', 'Crime', 'Drama']",1261569,"['Antonio Banderas', 'Kate Bosworth', 'Mojean Aria']",91,2,FALSE,FALSE,2022,9,FALSE,FALSE,4.5901,0.1889,117.75,14.04786754,6.156978986,100,665,0,1439843,8685,359960.75,2171.25,FALSE
615469,Spiderhead,2022-06-15,1.8029,5.789,1674,FALSE,['Netflix'],Joseph Kosinski,"['Science Fiction', 'Thriller']",0,"['Chris Hemsworth', 'Miles Teller', 'Jurnee Smollett']",107,2,FALSE,FALSE,2022,6,TRUE,FALSE,5.9989,2.337,418.5,0,7.423568444,100,639,0.03,9834580,129751,2458645,32437.75,TRUE
974926,All Eyes,2022-09-02,1.4768,5.841,22,FALSE,['Amazon Prime Video'],Todd Greenlee,"['Thriller', 'Horror']",0,"['Jasper Hammer', 'Ben Hall', 'Danielle Evon Ploeger']",87,1,FALSE,FALSE,2022,9,FALSE,FALSE,0.1996,0.1139,5.5,0,3.135494216,0,0,0,29342,94,7335.5,23.5,FALSE
989143,Band of Rebels,2022-07-26,1.2974,0,0,FALSE,['Amazon Prime Video'],Christopher Forbes,"['War', 'History', 'Western']",0,"['William Adams', 'Jezibell Anat', 'Jerry Chesser']",83,0,FALSE,FALSE,2022,7,TRUE,FALSE,0.4676,0.2643,0,0,0,0,0,0,1190857,3092,297714.25,773,FALSE
894205,Werewolf by Night,2022-09-25,2.5957,6.979,1442,FALSE,['Disney Plus'],Michael Giacchino,"['Action', 'Fantasy', 'Horror']",0,"['Gael García Bernal', 'Laura Donnelly', 'Harriet Sansom Harris']",55,2,FALSE,FALSE,2022,9,FALSE,FALSE,2.9673,0.8284,360.5,0,7.274479559,0,0,0,7668693,208661,1917173.25,52165.25,TRUE
927569,Scream: The True Story,2022-01-14,1.7204,5.8,11,FALSE,['HBO Max'],Alistair LeGrand,['Documentary'],0,"[""Steven 'Prozak' Shippy"", 'Cindy Kaza', 'Michael Salerno']",84,1,FALSE,FALSE,2022,1,FALSE,FALSE,0.3413,0.1166,2.75,0,2.48490665,0,0,0,72612,423,18153,105.75,FALSE
768447,Motherly,2021-11-16,1.9409,6.132,53,FALSE,['Amazon Prime Video'],Craig David Wallace,"['Thriller', 'Horror']",0,"['Lora Burke', 'Tessa Kozma', 'Kristen MacCulloch']",90,2,FALSE,FALSE,2021,11,FALSE,TRUE,0.5123,0.0606,10.6,0,3.988984047,0,0,0,359576,1574,71915.2,314.8,FALSE
1052015,Catfish Christmas,2022-12-01,2.5145,7.7,3,FALSE,['Amazon Prime Video'],Victoria Rowell,"['Romance', 'Comedy']",0,"['Leigh-Ann Rose', 'Charlotte Evelyn Williams', 'Devin Laster']",85,0,FALSE,FALSE,2022,12,FALSE,TRUE,0.4604,1.0284,0.75,0,1.386294361,0,0,0,6096,58,1524,14.5,FALSE
1218435,The Blue Drum,2022-10-13,2.065,4.318,22,FALSE,['Netflix'],Angelita Mendoza,['Horror'],0,"['Crystal Hernandez', 'Jonathan Medina', 'Judith Scarpone']",16,2,FALSE,FALSE,2022,10,FALSE,FALSE,0.3729,0.0338,5.5,0,3.135494216,0,0,0,52940,781,13235,195.25,FALSE
1020182,The Christmas Tapes,2022-12-12,2.4595,4,3,FALSE,['Amazon Prime Video'],Robert Livings,"['Comedy', 'Horror', 'Romance']",0,"['Dave Sheridan', 'Greg Sestero', 'Vernon Wells']",100,0,FALSE,FALSE,2022,12,FALSE,TRUE,2.0292,0.0953,0.75,0,1.386294361,0,0,0,7436,127,1859,31.75,FALSE
952780,Painted in Blood,2022-04-05,2.0737,4,10,FALSE,['Amazon Prime Video'],Aaron Mirtes,"['Horror', 'Thriller']",0,"['Deiondre Teagle', 'Dylan A. Young', 'Deborah Seidel']",84,1,FALSE,FALSE,2022,4,FALSE,FALSE,0.1177,0.1959,2.5,0,2.397895273,0,0,0,43357,0,10839.25,0,FALSE
751741,Night at the Museum: Kahmunrah Rises Again,2022-12-09,2.0347,6.4,272,FALSE,['Disney Plus'],Matt Danner,"['Animation', 'Comedy', 'Family', 'Fantasy']",0,"['Joshua Bassett', 'Thomas Lennon', 'Joseph Kamal']",77,3,TRUE,FALSE,2022,12,FALSE,TRUE,1.7005,0.5212,68,0,5.609471795,100,359,0,16509,370,4127.25,92.5,FALSE
899632,The Class,2022-09-09,2.7918,3.4,5,FALSE,['Amazon Prime Video'],Nicholas Celozzi,['Comedy'],0,"['Anthony Michael Hall', 'Debbie Gibson', 'Charlie Gillespie']",114,0,FALSE,FALSE,2022,9,FALSE,FALSE,1.7469,0.2677,1.25,0,1.791759469,0,0,0,108031,373,27007.75,93.25,FALSE
990683,Secret Space UFOs - In the Beginning - Part 1,2022-05-01,1.7673,0,0,FALSE,['Amazon Prime Video'],Darcy Weir,['Documentary'],0,"['Stanton Friedman', 'Lee Lustig', 'Cary Martynuik']",85,1,FALSE,FALSE,2022,5,TRUE,FALSE,0.1426,0.0487,0,0,0,0,0,0,4888,89,1222,22.25,FALSE
1018648,The Redeem Team,2022-10-07,2.1886,7.4,150,FALSE,['Netflix'],Jon Weinbach,['Documentary'],0,"['Kobe Bryant', 'LeBron James', 'Carmelo Anthony']",98,7,FALSE,FALSE,2022,10,FALSE,FALSE,1.0908,0.174,37.5,0,5.017279837,0,0,0,1934394,43254,483598.5,10813.5,FALSE
1056569,Battle for Pandora,2022-12-02,1.3155,3.464,14,FALSE,['Amazon Prime Video'],Noah Luke,"['Science Fiction', 'Horror', 'Action']",0,"['Tom Sizemore', 'Kristos Andrews', 'Becca Buckalew']",84,2,FALSE,FALSE,2022,12,FALSE,TRUE,1.5345,0.3565,3.5,0,2.708050201,0,0,0,198170,519,49542.5,129.75,FALSE
808087,Mack & Rita,2022-08-12,1.7198,5.5,70,TRUE,['Hulu'],Katie Aselton,"['Comedy', 'Fantasy', 'Drama']",0,"['Elizabeth Lail', 'Diane Keaton', 'Taylour Paige']",95,3,FALSE,FALSE,2022,8,TRUE,FALSE,6.5865,1.054,17.5,0,4.262679877,100,178,0,968548,881,242137,220.25,FALSE
971475,Christmas in Pine Valley,2022-11-19,2.4446,6,13,FALSE,['Hulu'],Damián Romay,"['TV Movie', 'Comedy', 'Romance', 'Drama']",0,"['Kristina Cole', 'Andrew Biernat', 'René Ashton']",85,1,FALSE,FALSE,2022,11,FALSE,TRUE,0.8266,0.2241,3.25,0,2.63905733,0,0,0,19862,89,4965.5,22.25,FALSE
1012801,Barbie: Mermaid Power,2022-09-01,2.3327,6.6,76,FALSE,['Netflix'],Ron Myrick,"['Animation', 'Family']",0,"['America Young', 'Tatiana Varria', 'Kirsten Day']",64,3,FALSE,FALSE,2022,9,FALSE,FALSE,0.8126,0.3622,19,0,4.343805422,100,452,0,1791205,4962,447801.25,1240.5,FALSE
886083,Deadstream,2022-03-11,2.2202,6.276,335,FALSE,['Netflix'],Vanessa Winter,"['Horror', 'Comedy']",0,"['Joseph Winter', 'Melanie Stone', 'Jason K. Wixom']",88,4,FALSE,FALSE,2022,3,FALSE,FALSE,0.35,0.1806,83.75,0,5.81711116,0,0,0,197246,1578,49311.5,394.5,FALSE
937127,How Did We Get Here?,2022-03-01,1.4739,8.6,5,FALSE,['Amazon Prime Video'],Tucker Prescott,['Documentary'],0,"['Seán McLoughlin', 'Brent Lilley', 'Justin Tracey']",82,2,FALSE,FALSE,2022,3,FALSE,FALSE,0.3323,0.0707,1.25,0,1.791759469,0,0,0,2863,26,715.75,6.5,FALSE
958795,Song for Hope,2022-02-27,2.1163,0,0,TRUE,['Amazon Prime Video'],Chris Haigh,['Documentary'],0,"['Ryan Anthony', 'Lee Loughnane', 'Doc Severinsen']",80,2,FALSE,FALSE,2022,2,FALSE,FALSE,0.2496,0.0281,0,0,0,0,0,0,1611,14,402.75,3.5,FALSE
511817,Wendell & Wild,2022-10-21,1.8684,6.641,366,FALSE,['Netflix'],Henry Selick,"['Animation', 'Comedy', 'Fantasy', 'Horror']",0,"['Lyric Ross', 'Keegan-Michael Key', 'Jordan Peele']",105,2,FALSE,FALSE,2022,10,FALSE,FALSE,3.1063,1.3248,91.5,0,5.905361848,0,0,0,1319924,35220,329981,8805,FALSE
1117968,Going Nowhere,2022-10-01,2.3155,6.5,2,FALSE,['Amazon Prime Video'],Isabel Shill,['Comedy'],0,"['Isabel Shill', 'Diana Irvine', 'Felipe Dieppa']",88,0,FALSE,FALSE,2022,10,FALSE,FALSE,0.5458,0.1644,0.5,0,1.098612289,0,0,0,9279,30,2319.75,7.5,FALSE
926762,Living with Chucky,2022-08-13,2.1774,6.587,46,FALSE,['Amazon Prime Video'],Kyra Elise Gardner,"['Documentary', 'Horror']",0,"['Kyra Elise Gardner', 'Brad Dourif', 'Fiona Dourif']",100,0,FALSE,FALSE,2022,8,TRUE,FALSE,2.4065,0.0694,11.5,0,3.850147602,0,0,0,94845,946,23711.25,236.5,FALSE
1075393,The Obscured,2022-09-28,2.3012,3.4,5,FALSE,['Amazon Prime Video'],Dianna Ippolito,['Thriller'],0,"['Jocelyn Saenz', 'Mark Simich', 'Nicholas Jarnot']",75,0,FALSE,FALSE,2022,9,FALSE,FALSE,0.213,0.0623,1.25,0,1.791759469,100,100,0,452859,3727,113214.75,931.75,FALSE
1149330,The Beanie Bubble,2022-12-06,1.8768,0,0,FALSE,['Amazon Prime Video'],Ben Kitnick,['Documentary'],0,"['Sally Winey', 'Joni Hirsch Blackman', 'Becky Estenssoro']",91,2,FALSE,FALSE,2022,12,FALSE,TRUE,0.0338,0.086,0,0,0,0,0,0,3201630,3485,800407.5,871.25,FALSE
888195,Hot Seat,2022-07-01,1.8826,5.1,146,FALSE,['Amazon Prime Video'],James Cullen Bressack,"['Thriller', 'Action']",0,"['Kevin Dillon', 'Mel Gibson', 'Shannen Doherty']",99,6,FALSE,FALSE,2022,7,TRUE,FALSE,6.5698,0.2088,36.5,0,4.990432587,100,741,0.14,336849,2626,84212.25,656.5,FALSE
1031685,Angels Unaware,2022-10-04,2.2929,6.9,5,FALSE,['Amazon Prime Video'],JoAnne Hock,"['Drama', 'Fantasy']",0,"['Karen Abercrombie', 'Cameron Arnett', 'Pat Dortch']",42,0,FALSE,FALSE,2022,10,FALSE,FALSE,0.7271,0.2417,1.25,0,1.791759469,0,0,0,5134,35,1283.5,8.75,FALSE
1047859,Bully High,2022-07-25,2.5891,5.5,2,TRUE,['Amazon Prime Video'],Bill McAdams Jr.,['Drama'],0,"['Betsy Russell', 'Joseph Baena', 'Julia Verdin']",94,0,FALSE,FALSE,2022,7,TRUE,FALSE,1.3461,0.5298,0.5,0,1.098612289,0,0,0,6947,77,1736.75,19.25,FALSE
1024764,First Responders,2022-10-24,1.9976,0,0,FALSE,['Amazon Prime Video'],Stephan Schultze,['Drama'],0,"['Cameron Arnett', 'Chris Nelson', 'Karen Boles']",105,0,FALSE,FALSE,2022,10,FALSE,FALSE,0.5699,0.0495,0,0,0,100,164,0,6358,103,1589.5,25.75,FALSE
1032517,A Royal Christmas on Ice,2022-11-05,1.6582,5.9,20,FALSE,['Amazon Prime Video'],Fred Olen Ray,"['TV Movie', 'Comedy', 'Drama', 'Romance']",0,"['Anna Marie Dobbins', 'Jonathan Stoddard', 'William Baldwin']",85,1,FALSE,FALSE,2022,11,FALSE,TRUE,2.7754,1.0732,5,0,3.044522438,100,100,0,18903,182,4725.75,45.5,FALSE
783880,Death in Texas,2020-11-12,1.6663,5.2,4,FALSE,['Amazon Prime Video'],Scott Windhauser,"['Crime', 'Drama', 'Action']",0,"['Ronnie Gene Blevins', 'John Ashton', 'Bruce Dern']",102,2,FALSE,FALSE,2020,11,FALSE,TRUE,3.1036,0.1727,0.6666666667,0,1.609437912,100,100,0,82027,132,13671.16667,22,FALSE
955384,Ronny Chieng: Speakeasy,2022-04-05,2.0575,6.556,27,FALSE,['Netflix'],Sebastian DiNatale,['Comedy'],0,['Ronny Chieng'],60,1,FALSE,FALSE,2022,4,FALSE,FALSE,1.1729,0.0511,6.75,0,3.33220451,0,0,0,122668,4328,30667,1082,FALSE
739643,Escape the Field,2022-05-06,1.9214,4.9,128,FALSE,['Amazon Prime Video'],Emerson Moore,"['Thriller', 'Horror']",0,"['Jordan Claire Robbins', 'Theo Rossi', 'Tahirah Sharif']",89,3,FALSE,FALSE,2022,5,TRUE,FALSE,2.1674,0.0863,32,0,4.859812404,100,405,0,519792,1958,129948,489.5,FALSE
1031827,The Wonderful Autumn of Mickey Mouse,2022-11-18,2.1179,6.6,19,FALSE,['Disney Plus'],Karl Hadrika,"['Animation', 'Family', 'Adventure']",0,"['Chris Diamantopoulos', 'Kaitlyn Robrock', 'Bill Farmer']",25,1,FALSE,TRUE,2022,11,FALSE,TRUE,1.3781,0.1112,4.75,0,2.995732274,100,100,0,156250,1395,39062.5,348.75,FALSE
816956,Dig,2022-09-23,2.1092,4.8,34,FALSE,['Hulu'],K. Asher Levin,"['Mystery', 'Thriller']",0,"['Thomas Jane', 'Harlow Jane', 'Emile Hirsch']",90,4,FALSE,FALSE,2022,9,FALSE,FALSE,2.9899,0.1847,8.5,0,3.555348061,0,0,0,127940,689,31985,172.25,FALSE
826451,Loving Christmas,2022-12-18,2.2265,5.1,18,FALSE,['Amazon Prime Video'],Michelle Ouellet,"['TV Movie', 'Comedy', 'Romance', 'Family']",0,"['Brittany Bristow', 'Olivier Renaud', 'Arcade Riley']",85,2,FALSE,FALSE,2022,12,FALSE,TRUE,2.4231,0.2855,4.5,0,2.944438979,0,0,0,2940,14,735,3.5,FALSE
898770,The Wraith Within,2022-10-31,1.8837,4.5,4,TRUE,['Amazon Prime Video'],Aaron Strey,['Horror'],0,"['Michael Madsen', 'Jonathan Joss', 'Chris Hahn']",90,3,FALSE,FALSE,2022,10,FALSE,FALSE,5.1076,0.0143,1,0,1.609437912,0,0,0,62365,71,15591.25,17.75,FALSE
802372,The People We Hate at the Wedding,2022-11-17,1.8998,6.3,197,FALSE,['Amazon Prime Video'],Claire Scanlon,['Comedy'],0,"['Kristen Bell', 'Ben Platt', 'Allison Janney']",99,3,FALSE,FALSE,2022,11,FALSE,TRUE,4.4684,0.4917,49.25,0,5.288267031,0,0,0,4197948,5149,1049487,1287.25,FALSE
1034195,The Fastest Woman on Earth,2022-10-20,1.5383,6.8,12,FALSE,['HBO Max'],Graham Suorsa,['Documentary'],0,"['Jessi Combs', ""Kitty O'Neil""]",104,3,FALSE,FALSE,2022,10,FALSE,FALSE,0.4274,0.0071,3,0,2.564949357,100,100,0,111542,889,27885.5,222.25,FALSE
828853,Jackass 4.5,2022-05-20,1.9417,6.4,375,FALSE,['Netflix'],Jeff Tremaine,"['Comedy', 'Action']",0,"['Johnny Knoxville', 'Steve-O', 'Chris Pontius']",90,4,TRUE,TRUE,2022,5,TRUE,FALSE,3.2179,0.8694,93.75,0,5.929589143,100,692,0,9876206,118750,2469051.5,29687.5,TRUE
542196,Wolf Hound,2022-06-03,1.7118,6.5,94,FALSE,['Amazon Prime Video'],Michael B. Chait,"['War', 'Action']",0,"['James Maslow', 'Trevor Donovan', 'John Turk']",127,1,FALSE,FALSE,2022,6,TRUE,FALSE,1.3668,0.1689,23.5,0,4.553876892,100,684,0,822623,4309,205655.75,1077.25,FALSE
762968,Do Revenge,2022-09-14,1.876,6.389,943,FALSE,['Netflix'],Jennifer Kaytin Robinson,"['Comedy', 'Thriller', 'Romance']",0,"['Camila Mendes', 'Maya Hawke', 'Austin Abrams']",118,1,FALSE,FALSE,2022,9,FALSE,FALSE,14.3767,0.4247,235.75,0,6.850126166,100,939,0.08,6106371,111100,1526592.75,27775,TRUE
866074,Katrina Babies,2022-06-14,2.0411,6.8,9,FALSE,['HBO Max'],Edward Buckles,['Documentary'],0,"['Calvin Baxter', 'Arnould Burks', 'Damaris Calliet']",81,5,FALSE,FALSE,2022,6,TRUE,FALSE,0.0602,0.0457,2.25,0,2.302585093,100,100,0,97240,1671,24310,417.75,FALSE
972009,Katt Williams: World War III,2022-05-17,1.7975,6,16,FALSE,['Netflix'],Katt Williams,['Comedy'],0,['Katt Williams'],59,0,FALSE,FALSE,2022,5,TRUE,FALSE,2.0306,2.0306,4,0,2.833213344,100,100,0,296649,3668,74162.25,917,FALSE
828613,About Fate,2022-09-09,1.9977,7.5,484,FALSE,['Amazon Prime Video'],Marius Weisberg,"['Romance', 'Comedy']",0,"['Emma Roberts', 'Thomas Mann', 'Lewis Tan']",100,3,FALSE,FALSE,2022,9,FALSE,FALSE,5.8527,0.96,121,0,6.184148891,100,852,0.22,1844294,6137,461073.5,1534.25,FALSE
751237,Umma,2022-03-18,1.6868,5.347,316,TRUE,['Hulu'],Iris K. Shim,"['Horror', 'Mystery']",3000000,"['Sandra Oh', 'Fivel Stewart', 'Dermot Mulroney']",83,3,FALSE,FALSE,2022,3,FALSE,FALSE,4.5568,0.9114,79,14.91412318,5.758901774,0,0,0,6351278,33206,1587819.5,8301.5,FALSE
896689,Cat Daddies,2022-10-14,2.2925,6.3,6,FALSE,['Amazon Prime Video'],Mye Hoang,['Documentary'],0,"['Nathan Kehn', 'Peter Mares', 'Ryan Robertson']",89,2,FALSE,FALSE,2022,10,FALSE,FALSE,0.3553,0.0462,1.5,0,1.945910149,100,100,0,22054,267,5513.5,66.75,FALSE
548943,Saving Grace,2022-12-16,2.0976,3.6,5,FALSE,['Amazon Prime Video'],David Sullivan,['Horror'],0,"['Kirsty McKenzie', 'Gary Boulter', 'Carole Sharkey-Waters']",95,0,FALSE,FALSE,2022,12,FALSE,TRUE,0.0867,0.0143,1.25,0,1.791759469,0,0,0,955863,7343,238965.75,1835.75,FALSE
848367,Daddy Daughter Trip,2022-09-30,1.6374,7.031,32,TRUE,['Amazon Prime Video'],Rob Schneider,"['Family', 'Comedy']",0,"['Rob Schneider', 'Jackie Sandler', 'Miranda Schneider']",100,3,FALSE,FALSE,2022,9,FALSE,FALSE,3.4861,3.4861,8,0,3.496507561,100,478,0,259887,2390,64971.75,597.5,FALSE
1017504,The Snowball Effect,2022-12-24,1.3903,4.7,6,FALSE,['Amazon Prime Video'],Christopher James Lang,"['TV Movie', 'Comedy', 'Romance']",0,"['Anjali Khurana', 'Landon Moss', 'Samantha Rose Valletta']",90,1,FALSE,FALSE,2022,12,FALSE,TRUE,0.1243,0.0547,1.5,0,1.945910149,0,0,0,17424,92,4356,23,FALSE
756307,Delia's Gone,2022-08-19,2.2409,3.875,16,TRUE,['Hulu'],Robert Budreau,"['Mystery', 'Thriller', 'Crime', 'Drama']",0,"['Stephan James', 'Marisa Tomei', 'Paul Walter Hauser']",90,5,FALSE,FALSE,2022,8,TRUE,FALSE,5.4814,0.2963,4,0,2.833213344,0,0,0,195495,1757,48873.75,439.25,FALSE
728366,Borrego,2022-01-14,1.8527,6,104,FALSE,['Amazon Prime Video'],Jesse Harris,"['Crime', 'Thriller']",0,"['Lucy Hale', 'Nicholas Gonzalez', 'Leynar Gomez']",102,5,FALSE,FALSE,2022,1,FALSE,FALSE,3.9222,0.1234,26,0,4.65396035,100,387,0,454057,2059,113514.25,514.75,FALSE
664731,Seize the Night,2022-02-14,2.287,4.3,3,FALSE,['Amazon Prime Video'],Gene Blalock,"['Drama', 'Thriller']",120000,"['Nina Bergman', 'Trevor Torseth', 'Jonathan Erickson Eisley']",87,1,FALSE,FALSE,2022,2,FALSE,FALSE,0.7799,0.265,0.75,11.69525536,1.386294361,0,0,0,15554,38,3888.5,9.5,FALSE
965233,There There,2022-11-18,2.073,5.5,2,FALSE,['Hulu'],Andrew Bujalski,"['Comedy', 'Drama', 'Romance']",0,"['Jason Schwartzman', 'Lili Taylor', 'Molly Gordon']",94,3,FALSE,FALSE,2022,11,FALSE,TRUE,2.8002,0.2891,0.5,0,1.098612289,100,2199,0.78,77832,198,19458,49.5,FALSE
1050266,Who Killed Santa? A Murderville Murder Mystery,2022-12-15,1.7233,5.886,88,FALSE,['Netflix'],Laura Murphy,"['Comedy', 'Crime', 'TV Movie']",0,"['Will Arnett', 'Jason Bateman', 'Maya Rudolph']",53,5,FALSE,FALSE,2022,12,FALSE,TRUE,6.5904,0.0071,22,0,4.48863637,0,0,0,442880,3602,110720,900.5,FALSE
702621,Lullaby,2022-12-16,2.0759,5.278,88,FALSE,"['Amazon Prime Video', 'Hulu']",John R. Leonetti,['Horror'],20000000,"['Oona Chaplin', 'Ramón Rodríguez', 'Liane Balaban']",86,4,FALSE,FALSE,2022,12,FALSE,TRUE,8.6531,0.5459,22,16.81124288,4.48863637,0,0,0,205215,1053,51303.75,263.25,FALSE
1010582,Street Code Broken,2022-04-15,1.6225,1,1,FALSE,['Amazon Prime Video'],Janaya Black,['Drama'],30000,"['Denzell Dandridge', 'Aqeel Ash-Shakoor', 'Meech Icewood']",108,0,FALSE,FALSE,2022,4,FALSE,FALSE,0.8106,0.0757,0.25,10.30898599,0.6931471806,0,0,0,11198,114,2799.5,28.5,FALSE
997190,Just Add Love,2022-08-20,1.7303,6.5,19,FALSE,['Amazon Prime Video'],Brian Brough,"['TV Movie', 'Comedy', 'Romance']",0,"['Laura Mitchell', 'Brad Johnson', 'Scott Christopher']",90,3,FALSE,FALSE,2022,8,TRUE,FALSE,0.772,0.3514,4.75,0,2.995732274,0,0,0,37120,207,9280,51.75,FALSE
1002166,Wild Beauty: Mustang Spirit of the West,2022-11-07,1.3228,6,2,FALSE,['Amazon Prime Video'],Ashley Avis,['Documentary'],600000,['Ashley Avis'],99,1,FALSE,FALSE,2022,11,FALSE,TRUE,0.5645,0.5645,0.5,13.3046866,1.098612289,0,0,0,38432,517,9608,129.25,FALSE
839678,Unhuman,2022-06-03,2.0654,5.3,142,FALSE,['Amazon Prime Video'],Marcus Dunstan,"['Horror', 'Comedy']",0,"['Brianne Tju', 'Ali Gallo', 'Benjamin Wadsworth']",87,2,FALSE,FALSE,2022,6,TRUE,FALSE,1.5382,0.3634,35.5,0,4.96284463,100,642,0,2167493,6848,541873.25,1712,FALSE
1085252,The Devil's Stomping Ground,2022-11-16,1.7765,3,1,TRUE,['Amazon Prime Video'],Jonathan Landau,['Horror'],0,"['Marley Aliah', 'Jordan Ray Allen', 'Tanner Batts']",87,0,FALSE,FALSE,2022,11,FALSE,TRUE,0.1524,0.0327,0.25,0,0.6931471806,100,100,0,2049,9,512.25,2.25,FALSE
818612,Wedding Season,2022-08-04,1.6718,6.275,233,FALSE,['Netflix'],Tom Dey,"['Romance', 'Comedy']",0,"['Pallavi Sharda', 'Suraj Sharma', 'Arianna Afsar']",99,3,FALSE,FALSE,2022,8,TRUE,FALSE,1.044,0.4476,58.25,0,5.455321115,100,948,0.09,2932171,46656,733042.75,11664,FALSE
926179,Aziz Ansari: Nightclub Comedian,2022-01-25,1.5088,6.9,38,FALSE,['Netflix'],Aziz Ansari,['Comedy'],0,"['Aziz Ansari', 'Phil Hanley']",29,1,FALSE,FALSE,2022,1,FALSE,FALSE,3.6409,3.6409,9.5,0,3.663561646,0,0,0,150482,3783,37620.5,945.75,FALSE
1079352,Tomorrow's Game,2022-03-19,1.7413,5.6,5,FALSE,['Amazon Prime Video'],Jonathan Coria,"['Family', 'Science Fiction', 'Comedy', 'Adventure']",0,"['Alejandro De Anda', 'Miranda Meadows', 'Jerry Hernandez']",85,2,FALSE,FALSE,2022,3,FALSE,FALSE,0.0806,0.0218,1.25,0,1.791759469,0,0,0,7636,464,1909,116,FALSE
1022900,Inside the Dream,2022-09-14,2.2464,6,5,FALSE,['Amazon Prime Video'],Matthieu Menu,['Documentary'],0,"['Zendaya', 'Chiara Ferragni', 'LISA']",59,1,FALSE,FALSE,2022,9,FALSE,FALSE,7.4365,0.1016,1.25,0,1.791759469,0,0,0,3436905,50796,859226.25,12699,FALSE
976136,The Unabridged Mrs. Vera's Daybook,2022-05-01,1.7929,0,0,FALSE,['Amazon Prime Video'],Robert James,['N/A'],0,"['Joshua Grannell', 'Annie Sprinkle', 'David Faulk']",81,0,FALSE,FALSE,2022,5,TRUE,FALSE,0.2639,0.0357,0,0,0,0,0,0,1945,42,486.25,10.5,FALSE
801965,Breaking,2022-08-26,1.6269,6.5,207,TRUE,['Hulu'],Abi Damaris Corbin,"['Crime', 'Drama', 'Thriller']",0,"['John Boyega', 'Michael Kenneth Williams', 'Nicole Beharie']",103,4,FALSE,FALSE,2022,8,TRUE,FALSE,1.4718,0.0256,51.75,0,5.33753808,100,1906,0.49,4493997,10935,1123499.25,2733.75,FALSE
830027,A Fairy Tale After All,2022-02-18,1.5122,6.061,49,FALSE,['Amazon Prime Video'],Erik Peter Carlson,"['Fantasy', 'Adventure', 'Family']",0,"['Emily Shenaut', 'Brian Hull', 'Bridget Winder']",72,1,FALSE,FALSE,2022,2,FALSE,FALSE,0.0522,0.0671,12.25,0,3.912023005,100,236,0,159010,385,39752.5,96.25,FALSE
992187,Chip and Potato: Chip's Holiday,2022-06-27,1.4233,5.1,8,TRUE,['Netflix'],,['Animation'],0,"['Briana Buckmaster', 'Brian Dobson', 'Chance Hurstfield']",24,0,FALSE,FALSE,2022,6,TRUE,FALSE,1.0468,0,2,0,2.197224577,0,0,0,188128,243,47032,60.75,FALSE
944024,The Mystery of Her,2022-02-28,1.8493,6.5,29,FALSE,['Amazon Prime Video'],Nicholas DiBella,['Drama'],0,"['Andrea Figliomeni', 'Winter Andrews', 'Nicolette Hart']",109,1,FALSE,FALSE,2022,2,FALSE,FALSE,0.3141,0.1254,7.25,0,3.401197382,0,0,0,0,25,0,6.25,FALSE
1026624,It's a Wonderful Binge,2022-12-09,2.1054,4.9,106,FALSE,['Hulu'],Jordan VanDina,['Comedy'],0,"['Eduardo Franco', 'Dexter Darden', 'Zainne Saleh']",99,2,FALSE,TRUE,2022,12,FALSE,TRUE,3.7903,0.3523,26.5,0,4.672828834,0,0,0,156871,668,39217.75,167,FALSE
994702,The Most Dangerous Game,2022-08-05,2.1804,4.3,20,FALSE,['Amazon Prime Video'],Justin Lee,['Thriller'],0,"['Tom Berenger', ""Chris 'C.T.' Tamburello"", 'Bruce Dern']",95,4,FALSE,FALSE,2022,8,TRUE,FALSE,3.1036,1.0238,5,0,3.044522438,0,0,0,819377,7149,204844.25,1787.25,FALSE
962288,Path of the Panther,2022-04-16,2.0422,8,4,TRUE,['Disney Plus'],Eric Bendick,['Documentary'],0,"['Carlton Ward Jr.', 'Betty Osceola', 'Elton Langford']",90,5,FALSE,FALSE,2022,4,FALSE,FALSE,0.0416,0.042,1,0,1.609437912,0,0,0,96206,1665,24051.5,416.25,FALSE
1383792,Air Jaws: Top Guns,2022-07-24,2.0813,6.5,2,FALSE,['HBO Max'],Jeff Kurr,['Documentary'],0,"['Andy Casagrande', 'Dickie Chivell', 'Stephen Mendel']",42,2,FALSE,FALSE,2022,7,TRUE,FALSE,0.8834,0.0931,0.5,0,1.098612289,0,0,0,428501,6915,107125.25,1728.75,FALSE
1051435,Andromeda,2022-10-31,1.8679,3,4,TRUE,['Amazon Prime Video'],Brett Bentman,['Science Fiction'],0,"['Tim Llewellyn', 'Paul T. Taylor', 'Tom Zembrod']",79,0,FALSE,FALSE,2022,10,FALSE,FALSE,0.4606,0.3841,1,0,1.609437912,100,237,0,6374536,92902,1593634,23225.5,TRUE
1060822,Jesse James Unchained,2022-11-01,1.8296,0,0,FALSE,['Amazon Prime Video'],Henrique Couto,"['Western', 'Action']",0,"['John Bradley Hambrick', 'John French', 'Rachael Redolfi']",75,1,FALSE,FALSE,2022,11,FALSE,TRUE,0.3591,0.2638,0,0,0,0,0,0,949,3,237.25,0.75,FALSE
801691,Hellblazers,2022-01-21,1.7504,4.8,36,FALSE,['Amazon Prime Video'],Justin Lee,"['Horror', 'Action']",0,"['Tony Todd', 'Adrienne Barbeau', 'Greg Beaton']",84,0,FALSE,FALSE,2022,1,FALSE,FALSE,2.4528,1.0238,9,0,3.610917913,0,0,0,119747,367,29936.75,91.75,FALSE
1079721,Strong Enough,2022-12-27,2.0427,5.5,2,FALSE,['Amazon Prime Video'],John Foss,['Drama'],0,"['Ashley Jerue', 'Demetrius Grosse', 'Jake Stormoen']",70,1,FALSE,FALSE,2022,12,FALSE,TRUE,1.5077,0.0584,0.5,0,1.098612289,0,0,0,53090,186,13272.5,46.5,FALSE
979125,The Incredible Lamont,2022-11-08,1.9935,0,0,FALSE,['Amazon Prime Video'],Taylor Keating,['Documentary'],0,"['Lamont Ream', 'Shirley Perry', 'Abel Romero']",47,1,FALSE,FALSE,2022,11,FALSE,TRUE,0.0286,0.1093,0,0,0,0,0,0,706,16,176.5,4,FALSE
1003838,Night of the Bastard,2023-01-13,1.6675,4.875,12,FALSE,['Amazon Prime Video'],Erik Boccio,"['Thriller', 'Horror']",0,"['London May', 'Mya Hudson', 'Hannah Pierce']",82,0,FALSE,FALSE,2023,1,FALSE,FALSE,0.3183,0.0939,4,0,2.564949357,0,0,0,21873,155,7291,51.66666667,FALSE
1027369,Christmas on Repeat,2022-11-04,2.2877,5.6,9,FALSE,['Hulu'],Lindsay Hartley,"['TV Movie', 'Comedy', 'Drama', 'Romance']",0,"['Jennifer Bini Taylor', 'Matthew Lawrence', 'Julia Terranova']",89,2,FALSE,FALSE,2022,11,FALSE,TRUE,4.3604,0.8815,2.25,0,2.302585093,0,0,0,22080,104,5520,26,FALSE
615904,Marry Me,2022-02-11,1.9814,6.623,1074,TRUE,['Netflix'],Kat Coiro,"['Romance', 'Comedy', 'Music']",23000000,"['Jennifer Lopez', 'Owen Wilson', 'Maluma']",112,3,FALSE,FALSE,2022,2,FALSE,FALSE,3.6682,0.4243,268.5,16.95100482,6.980075941,100,827,0.08,11310190,48547,2827547.5,12136.75,TRUE
1011905,A Radical Life,2022-10-09,1.84,7.8,8,FALSE,['HBO Max'],Ricki Stern,['Documentary'],0,"['Tania Joya', 'Yahya Al-Bahrumi']",84,3,FALSE,FALSE,2022,10,FALSE,FALSE,0.0143,0.2717,2,0,2.197224577,0,0,0,19710,87,4927.5,21.75,FALSE
1016234,Nick Kroll: Little Big Boy,2022-09-27,1.9552,5.938,24,FALSE,['Netflix'],Bill Benz,['Comedy'],0,['Nick Kroll'],60,0,FALSE,FALSE,2022,9,FALSE,FALSE,1.8916,0.7686,6,0,3.218875825,0,0,0,106788,1645,26697,411.25,FALSE
386712,It Snows All the Time,2022-07-29,2.3314,6.2,4,FALSE,['Amazon Prime Video'],Jay Giannone,['Drama'],0,"['Taryn Manning', 'Lesley Ann Warren', 'Brett Cullen']",90,0,FALSE,FALSE,2022,7,TRUE,FALSE,1.9858,0.6345,1,0,1.609437912,100,100,0,0,12,0,3,FALSE
946190,Living in Delusionville,2022-03-04,1.4872,0,0,TRUE,['Amazon Prime Video'],Constant van Hoeven,['N/A'],0,"['Buffmonster', 'Ron English', 'Shepard Fairey']",,0,FALSE,FALSE,2022,3,FALSE,FALSE,0.3662,0.2811,0,0,0,0,0,0,0,1499,0,374.75,FALSE
795109,Catherine Called Birdy,2022-09-23,1.6757,6.094,138,FALSE,['Amazon Prime Video'],Lena Dunham,"['Adventure', 'Comedy']",0,"['Bella Ramsey', 'Billie Piper', 'Andrew Scott']",108,3,FALSE,FALSE,2022,9,FALSE,FALSE,4.0585,1.3108,34.5,0,4.934473933,100,950,0.36,4204556,7593,1051139,1898.25,FALSE
965453,Peace in the Valley,2022-06-12,1.7277,6,2,FALSE,['Amazon Prime Video'],Tyler Riggs,['Drama'],0,"['Brit Shaw', 'Michael Abbott Jr.', 'Dendrie Taylor']",88,0,FALSE,FALSE,2022,6,TRUE,FALSE,0.9836,0.4685,0.5,0,1.098612289,0,0,0,7523,10,1880.75,2.5,FALSE
1044157,Cisco Kid,2023-01-20,1.8211,0,0,FALSE,['Amazon Prime Video'],Emily Kaye Allen,['Documentary'],0,['N/A'],85,0,FALSE,FALSE,2023,1,FALSE,FALSE,0.2205,0.0071,0,0,0,100,100,0,34249,211,11416.33333,70.33333333,FALSE
990395,Josh Gondelman: People Pleaser,2022-06-21,1.8534,5.7,3,FALSE,['Amazon Prime Video'],Brian Volk-Weiss,['Comedy'],0,['Josh Gondelman'],57,1,FALSE,FALSE,2022,6,TRUE,FALSE,0.0416,0.3144,0.75,0,1.386294361,0,0,0,5439,63,1359.75,15.75,FALSE
960669,American Royalty,2022-02-22,1.9127,0,0,FALSE,['Amazon Prime Video'],Daniel Fisher,"['Documentary', 'History']",250000,"['Kimberly Clarice Aiken', 'Kylene Barker', 'Dorothy Benham']",,1,FALSE,FALSE,2022,2,FALSE,FALSE,0.0618,0.0362,0,12.4292202,0,0,0,0,25,0,6.25,0,FALSE
965393,Unfinished Business,2022-06-13,1.54,8,1,FALSE,['Amazon Prime Video'],Alison Klayman,['Documentary'],0,"['Teresa Weatherspoon', 'Rebecca Lobo', 'Sue Wicks']",90,2,FALSE,FALSE,2022,6,TRUE,FALSE,0.0803,0.6201,0.25,0,0.6931471806,0,0,0,3720292,5023,930073,1255.75,FALSE
1018609,Hope Again,2022-05-05,2.1848,10,1,TRUE,['Amazon Prime Video'],,"['Drama', 'Family']",0,"['Denise Morris', 'Brooklyn Morris', 'Mary Meyer']",113,0,FALSE,FALSE,2022,5,TRUE,FALSE,0.157,0,0.25,0,0.6931471806,0,0,0,2009,15,502.25,3.75,FALSE
522927,The Forgiven,2022-07-01,1.4209,5.716,243,TRUE,['Netflix'],John Michael McDonagh,['Drama'],0,"['Ralph Fiennes', 'Jessica Chastain', 'Matt Smith']",117,10,FALSE,FALSE,2022,7,TRUE,FALSE,5.9362,0.795,60.75,0,5.497168225,0,0,0,703162,1275,175790.5,318.75,FALSE
912446,Delicate State,2022-01-04,2.0734,0,0,FALSE,['Amazon Prime Video'],Paula Rhodes,['Drama'],0,"['Paula Rhodes', 'Charlie Bodin', 'Glenn Morshower']",89,0,FALSE,FALSE,2022,1,FALSE,FALSE,1.4128,0.5653,0,0,0,0,0,0,14139,35,3534.75,8.75,FALSE
945005,The Beauty of Blackness,2022-03-01,1.5172,0,0,FALSE,['HBO Max'],Kiana Moore,['Documentary'],0,"['Kelly Rowland', 'Desiree Rogers', 'Cheryl Mayberry McKissack']",70,2,FALSE,FALSE,2022,3,FALSE,FALSE,1.6077,0.0143,0,0,0,0,0,0,2511419,16744,627854.75,4186,FALSE
1100302,A Joint Custody Christmas,2022-12-24,1.3565,6,1,TRUE,['Amazon Prime Video'],Skip Konte,['Comedy'],275000,"['Jeff McDonald', 'Paul London', 'Matthew Garbacz']",,0,FALSE,FALSE,2022,12,FALSE,TRUE,0.3582,0.0261,0.25,12.52453001,0.6931471806,0,0,0,6372,81,1593,20.25,FALSE
837403,Station to Station,2022-01-07,1.2093,5.2,10,FALSE,['Amazon Prime Video'],Benjamin Bryant,['Drama'],0,"['David Eggers II', 'Jordan Getty', 'Cate Farrow']",128,0,FALSE,FALSE,2022,1,FALSE,FALSE,0.1211,0.0362,2.5,0,2.397895273,0,0,0,8744,103,2186,25.75,FALSE
1059301,Guillermo del Toro's Pinocchio: Handcarved Cinema,2022-12-09,1.0517,7.484,62,FALSE,['Netflix'],Javier Antonio Soto,['Documentary'],0,"['Guillermo del Toro', 'Cate Blanchett', 'Tilda Swinton']",44,0,FALSE,FALSE,2022,12,FALSE,TRUE,4.4349,0.0448,15.5,0,4.143134726,0,0,0,3839443,72077,959860.75,18019.25,FALSE
1027639,Yvonne Orji: A Whole Me,2022-10-01,1.8895,6.3,6,FALSE,['HBO Max'],Malakai,['Comedy'],0,"['Yvonne Orji', 'Chinedu Unaka', 'Dinora Walcott']",70,0,FALSE,FALSE,2022,10,FALSE,FALSE,0.8576,0.0676,1.5,0,1.945910149,0,0,0,63416,1024,15854,256,FALSE
746419,Father of the Bride,2022-06-05,1.3829,6.372,195,FALSE,['HBO Max'],Gary Alazraki,"['Romance', 'Comedy', 'Drama']",0,"['Andy Garcia', 'Gloria Estefan', 'Adria Arjona']",118,2,FALSE,FALSE,2022,6,TRUE,FALSE,4.8911,0.2935,48.75,0,5.278114659,100,813,0.24,642381,5286,160595.25,1321.5,FALSE
343249,East Bay,2022-10-01,2.0799,5,4,FALSE,['Amazon Prime Video'],Daniel Yoon,"['Drama', 'Comedy']",0,"['Constance Wu', 'Kavi Ladnier', 'Daniel Yoon']",100,1,FALSE,FALSE,2022,10,FALSE,FALSE,2.6072,0.1559,1,0,1.609437912,0,0,0,9491,51,2372.75,12.75,FALSE
1017492,Baked with a Kiss,2023-08-19,2.1499,6.7,11,FALSE,['Amazon Prime Video'],Brittany Underwood,"['TV Movie', 'Comedy', 'Romance']",0,"['Jonathan Stoddard', 'Ansley Gordon', 'Denise Gossett']",89,2,FALSE,FALSE,2023,8,TRUE,FALSE,1.8448,0.9455,3.666666667,0,2.48490665,0,0,0,1216395,8309,405465,2769.666667,FALSE
756187,Sneakerella,2022-05-11,2.0318,5.9,84,FALSE,['Disney Plus'],Elizabeth Allen Rosenbaum,"['Music', 'Comedy', 'Family']",0,"['Chosen Jacobs', 'Lexi Underwood', 'Kolton Stewart']",111,3,FALSE,FALSE,2022,5,TRUE,FALSE,3.7813,0.5881,21,0,4.442651256,0,0,0,1485924,8321,371481,2080.25,FALSE
956489,I'll Show You Mine,2022-04-16,2.0356,4.2,6,FALSE,['Amazon Prime Video'],Megan Griffiths,['Drama'],0,"['Poorna Jagannathan', 'Casey Thomas Brown']",102,1,FALSE,FALSE,2022,4,FALSE,FALSE,0.9006,0.4431,1.5,0,1.945910149,0,0,0,8939,26,2234.75,6.5,FALSE
974188,The Time Capsule,2022-11-23,1.0899,5.938,24,FALSE,['Amazon Prime Video'],Erwann Marshall,"['Drama', 'Romance', 'Science Fiction']",0,"['Todd Grinnell', 'Brianna Hildebrand', 'KaDee Strickland']",105,2,FALSE,FALSE,2022,11,FALSE,TRUE,1.3625,0.0143,6,0,3.218875825,0,0,0,134545,349,33636.25,87.25,FALSE
1018647,Capturing the Killer Nurse,2022-11-11,1.4896,6.5,69,FALSE,['Netflix'],Tim Travers Hawkins,['Documentary'],0,['N/A'],95,0,FALSE,FALSE,2022,11,FALSE,TRUE,0.2205,0.1272,17.25,0,4.248495242,0,0,0,283922,1832,70980.5,458,FALSE
1004269,The Jessica Cabin,2022-09-25,1.5798,2.4,5,FALSE,['Amazon Prime Video'],Daniel Montgomery,"['Horror', 'Comedy', 'Drama']",0,"['Chase Williamson', 'Riley Rose Critchlow', 'Daniel Montgomery']",73,0,FALSE,FALSE,2022,9,FALSE,FALSE,0.4622,0.0143,1.25,0,1.791759469,0,0,0,4656,18,1164,4.5,FALSE
869626,Marcel the Shell with Shoes On,2022-06-24,2.5981,7.666,652,TRUE,['HBO Max'],Dean Fleischer Camp,"['Animation', 'Comedy', 'Drama', 'Family']",6000000,"['Jenny Slate', 'Dean Fleischer Camp', 'Isabella Rossellini']",90,5,FALSE,FALSE,2022,6,TRUE,FALSE,4.0352,0.8692,163,15.60727019,6.481577129,100,1579,1,6200017,69337,1550004.25,17334.25,TRUE
942624,Running the Bases,2022-09-16,1.7846,8.3,10,FALSE,['Amazon Prime Video'],Marty Roberts,['Drama'],0,"['Brett Varvel', 'Raphael Ruggero', 'Gigi Orsillo']",127,2,FALSE,FALSE,2022,9,FALSE,FALSE,0.355,0.0409,2.5,0,2.397895273,100,790,0,2817126,646,704281.5,161.5,FALSE
845404,Tyler Perry's A Madea Homecoming,2022-02-25,1.745,6.8,133,FALSE,['Netflix'],Tyler Perry,"['Comedy', 'Drama']",20000000,"['Tyler Perry', 'Cassi Davis', 'David Mann']",105,1,FALSE,TRUE,2022,2,FALSE,FALSE,2.1573,2.1573,33.25,16.81124288,4.8978398,100,100,0,3770357,81840,942589.25,20460,FALSE
606870,The Survivor,2022-04-27,1.3738,6.813,192,FALSE,['HBO Max'],Barry Levinson,"['History', 'Action', 'Drama']",0,"['Ben Foster', 'Billy Magnussen', 'Vicky Krieps']",129,6,FALSE,FALSE,2022,4,FALSE,FALSE,2.4454,1.8794,48,0,5.262690189,100,1037,0.16,1113808,4190,278452,1047.5,FALSE
1014566,Bruiser,2022-12-02,1.9866,6.375,28,FALSE,['Hulu'],Miles Warren,['Drama'],0,"['Jalyn Hall', 'Trevante Rhodes', 'Shamier Anderson']",101,4,FALSE,FALSE,2022,12,FALSE,TRUE,1.0226,0.1125,7,0,3.36729583,0,0,0,167073,1110,41768.25,277.5,FALSE
858692,The Paradise Motel,2022-02-19,2.0271,5.5,2,TRUE,['Amazon Prime Video'],Walter Hochbrueckner,['Thriller'],0,"['Mel Novak', 'Dawna Lee Heising', 'Angel Princess']",75,0,FALSE,FALSE,2022,2,FALSE,FALSE,0.7312,0.0214,0.5,0,1.098612289,0,0,0,1337,17,334.25,4.25,FALSE
522925,Dalíland,2023-06-09,1.7659,5.987,76,TRUE,['Hulu'],Mary Harron,"['History', 'Drama']",0,"['Ben Kingsley', 'Barbara Sukowa', 'Christopher Briney']",97,6,FALSE,FALSE,2023,6,TRUE,FALSE,4.7229,0.5443,25.33333333,0,4.343805422,0,0,0,337419,1437,112473,479,FALSE
969701,They Crawl Beneath,2022-10-04,2.1336,3.3,23,FALSE,['Amazon Prime Video'],Dale Fabrigar,"['Horror', 'Science Fiction', 'Thriller']",0,"['Joseph Almani', 'Karlee Eldridge', 'Michael Paré']",91,1,FALSE,FALSE,2022,10,FALSE,FALSE,2.4424,0.2525,5.75,0,3.17805383,0,0,0,192717,1116,48179.25,279,FALSE
1018403,Tom and Jerry: Snowman's Land,2022-11-15,1.7383,6.7,49,FALSE,['Amazon Prime Video'],Darrell Van Citters,"['Animation', 'Family', 'Comedy', 'Adventure']",0,"['Carlos Alazraqui', 'Kimberly Brooks', ""Joey D'Auria""]",76,2,FALSE,FALSE,2022,11,FALSE,TRUE,0.7814,0.1202,12.25,0,3.912023005,0,0,0,267906,1201,66976.5,300.25,FALSE
933738,Ali Wong: Don Wong,2022-02-14,2.084,6.892,51,FALSE,['Netflix'],Nahnatchka Khan,['Comedy'],0,['Ali Wong'],59,1,FALSE,FALSE,2022,2,FALSE,FALSE,0.8948,1.0307,12.75,0,3.951243719,0,0,0,578077,10291,144519.25,2572.75,FALSE
1031918,Beyond the Neon,2022-10-14,1.3581,3.8,5,FALSE,['Amazon Prime Video'],Larry A. McLean,"['Thriller', 'Crime']",0,"['Joseph Saladino', 'Cynthia Lucero', 'Gila Goodman']",87,1,FALSE,FALSE,2022,10,FALSE,FALSE,0.0599,0.2189,1.25,0,1.791759469,100,174,0,50485,227,12621.25,56.75,FALSE
843932,Nanny,2022-11-23,1.942,5.353,217,FALSE,['Amazon Prime Video'],Nikyatu Jusu,"['Horror', 'Drama']",0,"['Anna Diop', 'Michelle Monaghan', 'Sinqua Walls']",98,4,FALSE,FALSE,2022,11,FALSE,TRUE,3.9356,0.1359,54.25,0,5.384495063,100,749,0.52,1644914,4114,411228.5,1028.5,FALSE
786415,Iké Boys,2022-10-11,1.7617,5.8,9,TRUE,['Amazon Prime Video'],Eric McEver,"['Fantasy', 'Adventure']",0,"['Quinn Lord', 'Ronak Gandhi', 'Christina Higa']",88,0,FALSE,FALSE,2022,10,FALSE,FALSE,0.5958,0.4333,2.25,0,2.302585093,0,0,0,194413,757,48603.25,189.25,FALSE
1014038,A Christmas Open House,2022-11-11,1.0858,5,9,FALSE,['HBO Max'],Emily Moss Wilson,"['Family', 'TV Movie']",0,"['Katie Stevens', 'Victor Rasuk', 'Erin Napier']",89,2,FALSE,FALSE,2022,11,FALSE,TRUE,0.903,0.1661,2.25,0,2.302585093,0,0,0,18283,43,4570.75,10.75,FALSE
965219,Lakota Nation vs. United States,2022-06-11,0.855,5.3,3,FALSE,['Hulu'],Jesse Short Bull,"['Documentary', 'History']",0,"['Layli Long Soldier', 'Nick Estes', 'Mary Kathryn Nagle']",120,4,FALSE,FALSE,2022,6,TRUE,FALSE,0.0431,0.0533,0.75,0,1.386294361,0,0,0,95220,1611,23805,402.75,FALSE
888097,Slayers,2022-10-21,1.5259,4.066,83,FALSE,['Hulu'],K. Asher Levin,"['Horror', 'Comedy', 'Fantasy']",0,"['Thomas Jane', 'Abigail Breslin', 'Malin Åkerman']",88,9,FALSE,FALSE,2022,10,FALSE,FALSE,4.4242,0.1847,20.75,0,4.430816799,100,457,0,82666,325,20666.5,81.25,FALSE
934660,We Feed People,2022-03-19,1.8342,7.1,22,FALSE,"['Disney Plus', 'Hulu']",Ron Howard,['Documentary'],0,"['Carlota Andrés', 'Inés Andrés', 'José Andrés Puerta']",89,4,FALSE,FALSE,2022,3,FALSE,FALSE,0.3087,3.5095,5.5,0,3.135494216,0,0,0,212591,5576,53147.75,1394,FALSE
936960,Christmas with You,2022-11-17,1.2452,5.819,229,FALSE,['Netflix'],Gabriela Tagliavini,"['Romance', 'Comedy']",0,"['Aimee Garcia', 'Freddie Prinze Jr.', 'Deja Monique Cruz']",91,1,FALSE,FALSE,2022,11,FALSE,TRUE,2.8805,0.1263,57.25,0,5.438079309,0,0,0,667033,7219,166758.25,1804.75,FALSE
913862,Downfall: The Case Against Boeing,2022-01-21,1.6807,6.979,191,FALSE,['Netflix'],Rory Kennedy,['Documentary'],0,"['John Fantasia', 'Elaine Chao']",89,3,FALSE,FALSE,2022,1,FALSE,FALSE,0.3164,0.2634,47.75,0,5.257495372,0,0,0,4651944,84933,1162986,21233.25,FALSE
1133152,Twisted Vines,2022-09-17,1.8443,6.5,2,FALSE,['Amazon Prime Video'],Jihane Mrad Balaa,"['Mystery', 'Thriller']",0,"['Vivica A. Fox', 'Nikki Leigh', 'Brande Roderick']",84,0,FALSE,FALSE,2022,9,FALSE,FALSE,1.9052,0.044,0.5,0,1.098612289,0,0,0,4076,18,1019,4.5,FALSE
1044277,Deon Cole: Charleen's Boy,2022-11-15,1.2982,7.2,12,FALSE,['Netflix'],Ryan Polito,['Comedy'],0,['Deon Cole'],67,0,FALSE,FALSE,2022,11,FALSE,TRUE,0.5466,0.2429,3,0,2.564949357,0,0,0,119261,4803,29815.25,1200.75,FALSE
947612,Exploited,2022-01-28,1.6942,3.95,30,FALSE,['Amazon Prime Video'],Jon Abrahams,"['Thriller', 'Horror', 'Mystery']",0,"['Jordan Ver Hoeve', 'Andrew Matthew Welch', 'Makenzie Vega']",82,1,FALSE,FALSE,2022,1,FALSE,FALSE,2.9213,1.4949,7.5,0,3.433987204,100,100,0,79363,506,19840.75,126.5,FALSE
1054638,Pelosi in the House,2022-12-13,1.6104,5.167,12,FALSE,['HBO Max'],Alexandra Pelosi,['Documentary'],0,['Nancy Pelosi'],110,1,FALSE,FALSE,2022,12,FALSE,TRUE,0.8307,0.429,3,0,2.564949357,0,0,0,101615,1294,25403.75,323.5,FALSE
945457,Jeff Foxworthy: The Good Old Days,2022-03-22,1.5441,7,10,FALSE,['Netflix'],Ryan Polito,"['Comedy', 'Documentary', 'TV Movie']",0,['Jeff Foxworthy'],60,0,FALSE,FALSE,2022,3,FALSE,FALSE,0.348,0.2429,2.5,0,2.397895273,0,0,0,96519,3600,24129.75,900,FALSE
927968,Ms. Pat: Y'all Wanna Hear Something Crazy?,2022-02-08,1.5979,5.9,11,FALSE,['Netflix'],Robert Townsend,['Comedy'],0,['Patricia Williams'],54,0,FALSE,FALSE,2022,2,FALSE,FALSE,0,0.89,2.75,0,2.48490665,0,0,0,98579,3032,24644.75,758,FALSE
961769,Catering Christmas,2022-10-29,1.5271,6.342,136,FALSE,['Hulu'],T.W. Peacocke,"['TV Movie', 'Comedy', 'Romance']",0,"['Merritt Patterson', 'Daniel Lissing', 'Christopher Hayes']",85,5,FALSE,FALSE,2022,10,FALSE,FALSE,2.4253,0.4054,34,0,4.919980926,100,282,0,29912,189,7478,47.25,FALSE
799546,Luckiest Girl Alive,2022-09-30,1.5989,6.538,891,FALSE,['Netflix'],Mike Barker,"['Drama', 'Thriller', 'Mystery']",0,"['Mila Kunis', 'Chiara Aurelia', 'Finn Wittrock']",113,3,FALSE,FALSE,2022,9,FALSE,FALSE,11.3264,0.0962,222.75,0,6.793466133,100,708,0.07,8886578,79327,2221644.5,19831.75,TRUE
1065098,The Chimera Effect,2022-07-01,1.5672,0,0,TRUE,['Amazon Prime Video'],Carlos Butler,['Thriller'],0,"['Gina Gallego', 'Jackie Moore', 'Justin Brescia']",85,1,FALSE,FALSE,2022,7,TRUE,FALSE,1.1415,0,0,0,0,0,0,0,6553,40,1638.25,10,FALSE
1031790,Sheeps Clothing,2022-10-02,1.7249,0,0,FALSE,['Amazon Prime Video'],Kyle McConaghy,"['Thriller', 'Drama']",0,"['Aaron Phifer', 'Nick Heyman', 'Sterling Macer Jr.']",86,0,FALSE,FALSE,2022,10,FALSE,FALSE,0.4686,0.2249,0,0,0,0,0,0,30661,46,7665.25,11.5,FALSE
1036298,For the Love of Christmas,2022-11-01,1.4393,2.333,3,FALSE,['Amazon Prime Video'],Karlton T. Clay,"['Comedy', 'Drama']",0,"['Donald Ross Jr.', 'Kiara C. Bennett', 'Nakia Burrise']",123,2,FALSE,TRUE,2022,11,FALSE,TRUE,0.7579,0.0772,0.75,0,1.386294361,0,0,0,74146,733,18536.5,183.25,FALSE
935271,After the Pandemic,2022-03-01,1.6673,5.1,85,FALSE,['Amazon Prime Video'],Richard Lowry,"['Science Fiction', 'Action']",0,"['Lelyn Mac', 'Eve James', 'Kannon Smith']",84,1,FALSE,FALSE,2022,3,FALSE,FALSE,0.0261,0.3247,21.25,0,4.454347296,0,0,0,70332,0,17583,0,FALSE
980271,Rite of the Shaman,2022-05-27,1.1725,5,3,TRUE,['Amazon Prime Video'],Alicia Oberle Farmer,['Drama'],0,"['Tyrell Oberle', 'Janice Spencer-Wise', 'Lauren Catherine']",,2,FALSE,FALSE,2022,5,TRUE,FALSE,0.0363,0.0239,0.75,0,1.386294361,0,0,0,48925,134,12231.25,33.5,FALSE
724585,Birdemic 3: Sea Eagle,2022-09-25,1.9814,3.182,22,FALSE,['Amazon Prime Video'],James Nguyen,"['Horror', 'Thriller', 'Romance']",500000,"['Ryan Lord', 'Julia Culbert', 'Alan Bagh']",83,2,FALSE,TRUE,2022,9,FALSE,FALSE,0.2862,0.0281,5.5,13.12236538,3.135494216,0,0,0,82909,834,20727.25,208.5,FALSE
1031785,Second Chances,2022-04-06,2.0887,1.5,2,FALSE,['Amazon Prime Video'],Rick Walker,"['Drama', 'Comedy', 'Romance']",0,"['Allyson Cristofaro', 'Thesa Loving', 'Paige Kriet']",80,2,FALSE,FALSE,2022,4,FALSE,FALSE,0.1911,0.0071,0.5,0,1.098612289,100,100,0,340448,199,85112,49.75,FALSE
910643,Don't Say My Name,2023-01-05,1.2068,3.5,2,FALSE,['Amazon Prime Video'],Federico Segarra,"['Crime', 'Drama']",0,"['Cameron Arnett', 'Cory Kays', 'Brooklyn Wittmer']",,0,FALSE,FALSE,2023,1,FALSE,FALSE,0.1437,0.0214,0.6666666667,0,1.098612289,0,0,0,50018,443,16672.66667,147.6666667,FALSE
969840,Shadows,2022-05-13,1.5981,5,4,FALSE,['Amazon Prime Video'],Michael Matteo Rossi,['Crime'],0,"['Krista Allen', 'Francis Capra', 'Vernon Wells']",101,0,FALSE,FALSE,2022,5,TRUE,FALSE,3.221,0.6413,1,0,1.609437912,100,2015,0.58,8716,50,2179,12.5,FALSE
1035521,Steven Michael Quezada: The New Mexican,2022-07-12,1.362,7,2,FALSE,['Amazon Prime Video'],,['Comedy'],0,['Steven Michael Quezada'],58,0,FALSE,FALSE,2022,7,TRUE,FALSE,0.8255,0,0.5,0,1.098612289,0,0,0,9262,134,2315.5,33.5,FALSE
346698,Barbie,2023-07-21,29.7985,6.941,10545,TRUE,['HBO Max'],Greta Gerwig,"['Comedy', 'Adventure']",145000000,"['Margot Robbie', 'Ryan Gosling', 'America Ferrera']",114,5,FALSE,FALSE,2023,7,TRUE,FALSE,10.7258,1.8265,3515,18.79224431,9.26350192,100,933,0.09,90953605,903512,30317868.33,301170.6667,TRUE
502356,The Super Mario Bros. Movie,2023-04-05,25.7037,7.601,10129,TRUE,['Amazon Prime Video'],Michael Jelenic,"['Family', 'Comedy', 'Adventure', 'Animation', 'Fantasy']",100000000,"['Chris Pratt', 'Anya Taylor-Joy', 'Charlie Day']",93,3,TRUE,TRUE,2023,4,FALSE,FALSE,8.7648,0.3829,3376.333333,18.42068075,9.223256597,100,1363,0.16,35958865,288744,11986288.33,96248,TRUE
569094,Spider-Man: Across the Spider-Verse,2023-06-02,29.1233,8.338,8088,TRUE,['Disney Plus'],Kemp Powers,"['Animation', 'Action', 'Adventure', 'Science Fiction']",100000000,"['Shameik Moore', 'Hailee Steinfeld', 'Brian Tyree Henry']",140,6,FALSE,TRUE,2023,6,TRUE,FALSE,6.4868,0.6008,2696,18.42068075,8.998260393,0,0,0,38139129,912420,12713043,304140,TRUE
976573,Elemental,2023-06-16,19.3535,7.591,5065,TRUE,['Disney Plus'],Peter Sohn,"['Family', 'Fantasy', 'Comedy', 'Romance', 'Animation']",200000000,"['Leah Lewis', 'Mamoudou Athie', 'Ronnie del Carmen']",102,1,FALSE,FALSE,2023,6,TRUE,FALSE,1.54,0.7318,1688.333333,19.11382793,8.530306831,100,1693,0.39,51211481,233950,17070493.67,77983.33333,TRUE
940551,Migration,2023-12-22,18.1473,7.371,2145,TRUE,['Amazon Prime Video'],Benjamin Renner,"['Family', 'Comedy', 'Adventure', 'Animation']",72000000,"['Kumail Nanjiani', 'Elizabeth Banks', 'Caspar Jennings']",83,2,TRUE,FALSE,2023,12,FALSE,TRUE,4.2699,0.2709,715,18.09217669,7.671360923,0,0,0,25598612,63005,8532870.667,21001.66667,TRUE
882569,Guy Ritchie's The Covenant,2023-04-21,18.0323,7.729,2978,TRUE,['Netflix'],Guy Ritchie,"['War', 'Action', 'Thriller']",55000000,"['Jake Gyllenhaal', 'Dar Salim', 'Sean Sagar']",123,2,FALSE,FALSE,2023,4,FALSE,FALSE,8.8143,4.7997,992.6666667,17.82284376,7.999342953,100,1076,0.2,26831978,139163,8943992.667,46387.66667,TRUE
594767,Shazam! Fury of the Gods,2023-03-17,16.438,6.446,3498,TRUE,['HBO Max'],David F. Sandberg,"['Comedy', 'Action', 'Fantasy']",110000000,"['Zachary Levi', 'Asher Angel', 'Jack Dylan Grazer']",130,3,FALSE,TRUE,2023,3,FALSE,FALSE,3.3759,0.5311,1166,18.51599093,8.160232492,0,0,0,21824044,226189,7274681.333,75396.33333,TRUE
298618,The Flash,2023-06-16,12.1605,6.621,4796,TRUE,['HBO Max'],Andy Muschietti,"['Action', 'Science Fiction', 'Adventure']",220000000,"['Ezra Miller', 'Sasha Calle', 'Michael Keaton']",144,4,FALSE,FALSE,2023,6,TRUE,FALSE,4.0184,2.8048,1598.666667,19.20913811,8.475746002,100,847,0.08,22549983,277819,7516661,92606.33333,TRUE
792307,Poor Things,2023-12-08,12.9274,7.7,5141,TRUE,['Hulu'],Yorgos Lanthimos,"['Science Fiction', 'Romance', 'Comedy']",35000000,"['Emma Stone', 'Mark Ruffalo', 'Willem Dafoe']",141,6,FALSE,FALSE,2023,12,FALSE,TRUE,7.2626,2.0596,1713.666667,17.37085865,8.545197388,100,2143,0.69,17650841,81459,5883613.667,27153,TRUE
447365,Guardians of the Galaxy Vol. 3,2023-05-05,14.6133,7.933,7835,TRUE,['Disney Plus'],James Gunn,"['Science Fiction', 'Adventure', 'Action']",250000000,"['Chris Pratt', 'Zoe Saldaña', 'Dave Bautista']",150,2,FALSE,TRUE,2023,5,TRUE,FALSE,9.7002,3.0854,2611.666667,19.33697148,8.966483779,0,0,0,36018417,801195,12006139,267065,TRUE
884605,No Hard Feelings,2023-06-23,15.1882,6.695,3602,TRUE,['Hulu'],Gene Stupnitsky,"['Comedy', 'Romance']",45000000,"['Jennifer Lawrence', 'Andrew Barth Feldman', 'Laura Benanti']",104,4,FALSE,FALSE,2023,6,TRUE,FALSE,8.0654,0.6538,1200.666667,17.62217307,8.189522111,0,0,0,25598683,114167,8532894.333,38055.66667,TRUE
968051,The Nun II,2023-09-08,11.6588,6.7,2370,TRUE,"['Netflix', 'HBO Max']",Michael Chaves,['Horror'],38500000,"['Taissa Farmiga', 'Jonas Bloquet', 'Storm Reid']",110,3,FALSE,TRUE,2023,9,FALSE,FALSE,3.3731,0.6271,790,17.46616883,7.771067086,0,0,0,49531390,408696,16510463.33,136232,TRUE
1096563,End of Loyalty,2023-03-07,12.0266,5.4,7,FALSE,['Amazon Prime Video'],Hiroshi Katagiri,"['Crime', 'Action']",0,"['Braxton Angle', 'Justice Joslin', 'Simon Phillips']",90,0,FALSE,FALSE,2023,3,FALSE,FALSE,0.2528,0.0495,2.333333333,0,2.079441542,0,0,0,34048,76,11349.33333,25.33333333,FALSE
638974,Murder Mystery 2,2023-03-28,10.5435,6.39,1878,FALSE,['Netflix'],Jeremy Garelick,"['Mystery', 'Comedy', 'Crime']",0,"['Adam Sandler', 'Jennifer Aniston', 'Mark Strong']",91,5,FALSE,TRUE,2023,3,FALSE,FALSE,5.1192,0.6317,626,0,7.538494999,100,747,0.07,16970393,95022,5656797.667,31674,TRUE
667538,Transformers: Rise of the Beasts,2023-06-09,11.6883,7.196,5105,TRUE,['Netflix'],Steven Caple Jr.,"['Science Fiction', 'Adventure', 'Action']",195000000,"['Anthony Ramos', 'Dominique Fishback', 'Peter Cullen']",127,7,TRUE,FALSE,2023,6,TRUE,FALSE,2.8268,0.3029,1701.666667,19.08851012,8.538171598,100,1034,0.18,37485068,433860,12495022.67,144620,TRUE
609681,The Marvels,2023-11-10,13.1383,5.956,3180,TRUE,['Disney Plus'],Nia DaCosta,"['Science Fiction', 'Adventure', 'Action']",274800000,"['Brie Larson', 'Teyonah Parris', 'Iman Vellani']",105,2,FALSE,TRUE,2023,11,FALSE,TRUE,2.9833,1.3901,1060,19.43155412,8.064950892,100,945,0.16,26348446,293143,8782815.333,97714.33333,TRUE
713704,Evil Dead Rise,2023-04-21,11.4937,6.918,3458,TRUE,['HBO Max'],Lee Cronin,"['Horror', 'Thriller']",15000000,"['Lily Sullivan', 'Alyssa Sutherland', 'Morgan Davies']",96,5,FALSE,FALSE,2023,4,FALSE,FALSE,1.9715,0.6887,1152.666667,16.52356083,8.148734809,0,0,0,28359473,266039,9453157.667,88679.66667,TRUE
1072790,Anyone But You,2023-12-22,10.7557,6.832,2824,TRUE,['Hulu'],Will Gluck,"['Romance', 'Comedy']",25000000,"['Sydney Sweeney', 'Glen Powell', 'Mia Artemis']",103,4,FALSE,FALSE,2023,12,FALSE,TRUE,18.8964,0.8012,941.3333333,17.03438642,7.946263644,100,1871,0.45,11674676,60179,3891558.667,20059.66667,TRUE
565770,Blue Beetle,2023-08-18,9.1339,6.652,2971,TRUE,"['Netflix', 'HBO Max']",Ángel Manuel Soto,"['Action', 'Science Fiction', 'Adventure']",104000000,"['Xolo Mariduena', 'Bruna Marquezine', 'Susan Sarandon']",128,3,FALSE,FALSE,2023,8,TRUE,FALSE,3.8639,0.2688,990.3333333,18.45990147,7.996990406,0,0,0,32390491,514019,10796830.33,171339.6667,TRUE
1077280,Die Hart,2023-02-24,9.0473,5.919,489,FALSE,['Amazon Prime Video'],Eric Appel,"['Comedy', 'Action', 'Thriller']",0,"['Kevin Hart', 'John Travolta', 'Nathalie Emmanuel']",84,1,FALSE,FALSE,2023,2,FALSE,FALSE,5.6075,0.6575,163,0,6.194405391,100,762,0.05,2892635,3058,964211.6667,1019.333333,TRUE
901362,Trolls Band Together,2023-11-17,9.4882,7.255,946,TRUE,['Amazon Prime Video'],Walt Dohrn,"['Animation', 'Family', 'Music', 'Fantasy', 'Comedy']",95000000,"['Anna Kendrick', 'Justin Timberlake', 'Camila Cabello']",91,1,FALSE,TRUE,2023,11,FALSE,TRUE,5.2204,0.6985,315.3333333,18.36938746,6.853299093,100,1467,0.27,11244813,29186,3748271,9728.666667,TRUE
666277,Past Lives,2023-06-02,9.4614,7.714,2114,TRUE,['HBO Max'],Celine Song,"['Drama', 'Romance']",12000000,"['Greta Lee', 'Teo Yoo', 'John Magaro']",106,4,FALSE,FALSE,2023,6,TRUE,FALSE,1.9442,0.6442,704.6666667,16.30041729,7.656810091,100,1568,1,11368935,160336,3789645,53445.33333,TRUE
447277,The Little Mermaid,2023-05-26,9.0755,6.289,3202,TRUE,['Disney Plus'],Rob Marshall,"['Adventure', 'Family', 'Fantasy', 'Romance']",297000000,"['Halle Bailey', 'Jonah Hauer-King', 'Melissa McCarthy']",135,3,TRUE,FALSE,2023,5,TRUE,FALSE,2.2273,0.9041,1067.333333,19.5092427,8.07184315,0,0,0,28411868,373775,9470622.667,124591.6667,TRUE
893723,PAW Patrol: The Mighty Movie,2023-09-29,7.4846,7.01,528,TRUE,['Netflix'],Cal Brunker,"['Family', 'Comedy', 'Adventure', 'Animation']",30000000,"['Mckenna Grace', 'Taraji P. Henson', 'Marsai Martin']",88,5,TRUE,TRUE,2023,9,FALSE,FALSE,10.0859,0.3451,176,17.21670797,6.270988432,0,0,0,10922488,33697,3640829.333,11232.33333,TRUE
700391,65,2023-03-10,10.8019,6,2700,TRUE,['Hulu'],Bryan Woods,"['Action', 'Adventure', 'Science Fiction']",45000000,"['Adam Driver', 'Ariana Greenblatt', 'Chloe Coleman']",92,5,FALSE,FALSE,2023,3,FALSE,FALSE,5.7396,0.895,900,17.62217307,7.901377354,100,809,0.4,30701203,287458,10233734.33,95819.33333,TRUE
572802,Aquaman and the Lost Kingdom,2023-12-22,9.3541,6.564,3300,TRUE,"['Netflix', 'HBO Max']",James Wan,"['Action', 'Adventure', 'Fantasy']",205000000,"['Jason Momoa', 'Patrick Wilson', 'Yahya Abdul-Mateen II']",124,5,FALSE,TRUE,2023,12,FALSE,TRUE,9.9195,2.6708,1100,19.13852054,8.101980732,100,1374,0.32,7033198,46985,2344399.333,15661.66667,TRUE
930094,"Red, White & Royal Blue",2023-08-10,10.5704,7.9,1465,FALSE,['Amazon Prime Video'],Matthew López,"['Comedy', 'Romance']",0,"['Taylor Zakhar Perez', 'Nicholas Galitzine', 'Uma Thurman']",118,2,FALSE,TRUE,2023,8,TRUE,FALSE,7.0373,0.1728,488.3333333,0,7.290292882,100,438,0,10540120,172123,3513373.333,57374.33333,TRUE
848326,Rebel Moon - Part One: A Child of Fire,2023-12-15,7.8417,6.233,2433,FALSE,['Netflix'],Zack Snyder,"['Science Fiction', 'Action', 'Adventure']",83000000,"['Sofia Boutella', 'Michiel Huisman', 'Ed Skrein']",134,2,FALSE,TRUE,2023,12,FALSE,TRUE,4.0474,4.897,811,18.23435118,7.797291274,0,0,0,18395808,101821,6131936,33940.33333,TRUE
615656,Meg 2: The Trench,2023-08-04,8.3502,6.404,3799,TRUE,['HBO Max'],Ben Wheatley,"['Action', 'Science Fiction', 'Horror']",129000000,"['Jason Statham', 'Wu Jing', 'Shuya Sophia Cai']",116,6,FALSE,TRUE,2023,8,TRUE,FALSE,16.1735,0.8002,1266.333333,18.67532297,8.242756346,100,927,0.16,49356783,318516,16452261,106172,TRUE
335977,Indiana Jones and the Dial of Destiny,2023-06-30,10.3399,6.526,3898,TRUE,['Disney Plus'],James Mangold,"['Adventure', 'Action']",294700000,"['Harrison Ford', 'Phoebe Waller-Bridge', 'Mads Mikkelsen']",155,1,FALSE,TRUE,2023,6,TRUE,FALSE,7.9705,0.8961,1299.333333,19.50146845,8.268475389,100,952,0.15,17999515,0,5999838.333,0,TRUE
926393,The Equalizer 3,2023-09-01,9.2813,7.293,3502,TRUE,['Hulu'],Antoine Fuqua,"['Action', 'Thriller', 'Crime']",70000000,"['Denzel Washington', 'Dakota Fanning', 'Eugenio Mastrandrea']",109,4,FALSE,TRUE,2023,9,FALSE,FALSE,6.6106,1.2857,1167.333333,18.06400581,8.161375023,100,1258,0.26,19420725,187696,6473575,62565.33333,TRUE
1022796,Wish,2023-11-22,8.8435,6.3,1704,TRUE,['Disney Plus'],Fawn Veerasunthorn,"['Animation', 'Family', 'Fantasy', 'Adventure']",175000000,"['Ariana DeBose', 'Chris Pine', 'Alan Tudyk']",95,1,FALSE,FALSE,2023,11,FALSE,TRUE,3.6135,0.1522,568,18.98029654,7.44132039,0,0,0,15953638,82481,5317879.333,27493.66667,TRUE
930564,Saltburn,2023-11-17,6.8419,6.964,2734,TRUE,['Amazon Prime Video'],Emerald Fennell,"['Drama', 'Comedy', 'Thriller']",20000000,"['Barry Keoghan', 'Jacob Elordi', 'Rosamund Pike']",131,3,FALSE,FALSE,2023,11,FALSE,TRUE,9.7229,1.0754,911.3333333,16.81124288,7.913886715,100,1803,0.36,17240598,64653,5746866,21551,TRUE
1134055,Kill Shot,2023-08-15,7.9442,8.195,215,TRUE,['Amazon Prime Video'],Ari Novak,['Action'],0,"['Rib Hillis', 'Rachel Cook', 'Todd Gordon']",93,3,FALSE,FALSE,2023,8,TRUE,FALSE,3.1279,0.3162,71.66666667,0,5.375278408,100,796,0,220701,951,73567,317,TRUE
980489,Gran Turismo,2023-08-11,7.6748,7.733,3202,TRUE,['Hulu'],Neill Blomkamp,"['Adventure', 'Action', 'Drama']",60000000,"['Archie Madekwe', 'David Harbour', 'Orlando Bloom']",135,3,FALSE,FALSE,2023,8,TRUE,FALSE,7.5792,0.8147,1067.333333,17.90985514,8.07184315,100,1063,0.16,20549257,205976,6849752.333,68658.66667,TRUE
1071215,Thanksgiving,2023-11-17,7.6182,6.489,1477,TRUE,['Hulu'],Eli Roth,"['Horror', 'Mystery']",15000000,"['Patrick Dempsey', 'Nell Verlaque', 'Addison Rae']",106,3,FALSE,TRUE,2023,11,FALSE,TRUE,3.0175,1.4773,492.3333333,16.52356083,7.298445102,100,797,0.05,26373322,81856,8791107.333,27285.33333,TRUE
697843,Extraction 2,2023-06-09,8.0721,7.399,2742,FALSE,['Netflix'],Sam Hargrave,"['Action', 'Thriller', 'Crime']",65000000,"['Chris Hemsworth', 'Golshifteh Farahani', 'Adam Bessa']",122,3,FALSE,TRUE,2023,6,TRUE,FALSE,5.9576,0.8045,914,17.98989784,7.916807491,100,780,0.09,15452722,274260,5150907.333,91420,TRUE
640146,Ant-Man and the Wasp: Quantumania,2023-02-17,8.5506,6.25,5548,TRUE,['Disney Plus'],Peyton Reed,"['Action', 'Adventure', 'Science Fiction']",200000000,"['Paul Rudd', 'Evangeline Lilly', 'Michael Douglas']",125,2,FALSE,TRUE,2023,2,FALSE,FALSE,4.5143,0,1849.333333,19.11382793,8.62137301,0,0,0,35355592,1012343,11785197.33,337447.6667,TRUE
927107,The Bricklayer,2024-01-05,7.3088,5.8,360,FALSE,['Amazon Prime Video'],Renny Harlin,"['Action', 'Thriller']",23900000,"['Aaron Eckhart', 'Nina Dobrev', 'Clifton Collins Jr.']",110,2,FALSE,FALSE,2024,1,FALSE,FALSE,4.9272,1.6296,180,16.98938906,5.888877958,100,866,0,1322638,4593,661319,2296.5,TRUE
1003581,Justice League: Warworld,2023-07-25,6.8615,6.84,284,FALSE,['HBO Max'],Jeff Wamester,"['Animation', 'Action', 'Science Fiction', 'Adventure']",0,"['Jensen Ackles', 'Darren Criss', 'Stana Katic']",90,2,FALSE,TRUE,2023,7,TRUE,FALSE,7.5661,0.1925,94.66666667,0,5.65248918,100,521,0,3274324,72227,1091441.333,24075.66667,TRUE
822300,Southern Gospel,2023-03-10,4.8761,6.583,6,TRUE,['Amazon Prime Video'],Jeffrey A. Smith,"['History', 'Drama', 'Music']",0,"['Max Ehrich', 'Katelyn Nacon', 'J. Alphonse Nicholson']",109,4,FALSE,FALSE,2023,3,FALSE,FALSE,1.4136,0.0297,2,0,1.945910149,100,514,0.14,18682,195,6227.333333,65,TRUE
670292,The Creator,2023-09-29,6.6575,7.023,3601,TRUE,['Hulu'],Gareth Edwards,"['Science Fiction', 'Action', 'Adventure']",80000000,"['John David Washington', 'Madeleine Yuna Voyles', 'Gemma Chan']",134,4,FALSE,FALSE,2023,9,FALSE,FALSE,3.0642,1.019,1200.333333,18.19753721,8.189244526,0,0,0,17490994,121444,5830331.333,40481.33333,TRUE
1045563,The Piper,2024-11-12,7.7437,4.5,20,FALSE,['Amazon Prime Video'],Anthony Waller,"['Horror', 'Fantasy']",0,"['Elizabeth Hurley', 'Mia Jenkins', 'Jack Stewart']",105,2,FALSE,FALSE,2024,11,FALSE,TRUE,3.0697,0,10,0,3.044522438,100,286,0,294967,826,147483.5,413,TRUE
897087,Freelance,2023-10-27,6.4251,6.4,1098,TRUE,['Netflix'],Pierre Morel,"['Action', 'Comedy']",40000000,"['John Cena', 'Alison Brie', 'Juan Pablo Raba']",108,6,FALSE,FALSE,2023,10,FALSE,FALSE,7.1304,1.0023,366,17.50439004,7.002155954,100,1286,0.12,50448,143,16816,47.66666667,TRUE
739986,True Spirit,2023-02-03,7.3043,6.946,249,FALSE,['Netflix'],Sarah Spillane,"['Adventure', 'Drama', 'History']",0,"['Teagan Croft', 'Cliff Curtis', 'Alyla Browne']",109,3,FALSE,FALSE,2023,2,FALSE,FALSE,2.7842,0.1949,83,0,5.521460918,100,651,0.06,2660459,20083,886819.6667,6694.333333,TRUE
1025491,Freud's Last Session,2023-12-22,6.4803,6.658,155,TRUE,['Hulu'],Matt Brown,['Drama'],10000000,"['Anthony Hopkins', 'Matthew Goode', 'Liv Lisa Fries']",109,9,FALSE,FALSE,2023,12,FALSE,TRUE,5.0543,0.3479,51.66666667,16.11809575,5.049856007,100,386,1,373287,2650,124429,883.3333333,TRUE
1022964,Candy Cane Lane,2023-11-30,7.3247,6,462,FALSE,['Amazon Prime Video'],Reginald Hudlin,"['Comedy', 'Fantasy', 'Family']",0,"['Eddie Murphy', 'Tracee Ellis Ross', 'Jillian Bell']",117,3,FALSE,FALSE,2023,11,FALSE,TRUE,4.4116,0.4307,154,0,6.137727054,100,823,0.08,8297956,5575,2765985.333,1858.333333,TRUE
940143,All Souls,2023-12-08,7.3647,6.419,43,FALSE,['Amazon Prime Video'],Emmanuelle Pickett,['Thriller'],0,"['Mikey Madison', 'G-Eazy', 'Samuel Roukin']",81,5,FALSE,FALSE,2023,12,FALSE,TRUE,2.9396,0.0718,14.33333333,0,3.784189634,100,752,0,99392,2058,33130.66667,686,TRUE
800158,The Killer,2023-10-27,6.8591,6.578,2596,FALSE,['Netflix'],David Fincher,"['Crime', 'Thriller']",175000000,"['Michael Fassbender', 'Tilda Swinton', 'Charles Parnell']",118,1,FALSE,FALSE,2023,10,FALSE,FALSE,3.5558,3.1802,865.3333333,18.98029654,7.862112212,100,976,0.27,9563742,56006,3187914,18668.66667,TRUE
626332,Flamin' Hot,2023-03-11,6.5324,7.969,780,FALSE,"['Disney Plus', 'Amazon Prime Video', 'Hulu']",Eva Longoria,"['Drama', 'History']",0,"['Jesse García', 'Annie Gonzalez', 'Emilio Rivera']",99,2,FALSE,FALSE,2023,3,FALSE,FALSE,1.6515,3.9955,260,0,6.66057515,0,0,0,5462289,14294,1820763,4764.666667,TRUE
814776,Bottoms,2023-08-25,6.5264,6.747,766,TRUE,['Netflix'],Emma Seligman,['Comedy'],11300000,"['Rachel Sennott', 'Ayo Edebiri', 'Ruby Cruz']",91,2,FALSE,FALSE,2023,8,TRUE,FALSE,3.5956,0.6246,255.3333333,16.24031337,6.642486801,100,1465,0.42,58593,436,19531,145.3333333,TRUE
1000475,River Wild,2023-08-01,5.9678,6.306,72,FALSE,['Netflix'],Ben Ketai,"['Mystery', 'Thriller', 'Adventure']",0,"['Adam Brody', 'Leighton Meester', 'Taran Killam']",91,2,FALSE,FALSE,2023,8,TRUE,FALSE,7.1191,0.4191,24,0,4.290459441,100,888,0.09,739424,1281,246474.6667,427,TRUE
1184849,Albert Brooks: Defending My Life,2023-10-26,5.916,7.087,23,FALSE,['HBO Max'],Rob Reiner,['Documentary'],0,"['Albert Brooks', 'Rob Reiner', 'Chris Rock']",88,2,FALSE,FALSE,2023,10,FALSE,FALSE,41.9462,41.9462,7.666666667,0,3.17805383,0,0,0,205213,2173,68404.33333,724.3333333,FALSE
981848,Double Threat,2022-06-03,5.707,6.613,93,FALSE,['Amazon Prime Video'],Shane Stanley,"['Action', 'Adventure', 'Comedy']",0,"['Danielle C. Ryan', 'Matthew Lawrence', 'Kevin Joy']",91,0,FALSE,FALSE,2022,6,TRUE,FALSE,4.3604,0.537,23.25,0,4.543294782,100,440,0,3669,23,917.25,5.75,TRUE
1075794,Leo,2023-11-17,6.2233,7.382,1289,FALSE,['Netflix'],Robert Marianetti,"['Animation', 'Comedy', 'Family']",0,"['Adam Sandler', 'Bill Burr', 'Cecily Strong']",102,2,FALSE,TRUE,2023,11,FALSE,TRUE,4.6176,0.2192,429.6666667,0,7.162397497,100,1240,0.2,15470312,71412,5156770.667,23804,TRUE
614930,Teenage Mutant Ninja Turtles: Mutant Mayhem,2023-08-02,6.1098,7.211,1502,TRUE,['Netflix'],Jeff Rowe,"['Animation', 'Comedy', 'Action', 'Science Fiction']",75000000,"['Micah Abbey', 'Shamon Brown Jr.', 'Nicolas Cantu']",100,5,TRUE,TRUE,2023,8,TRUE,FALSE,1.0502,0.2873,500.6666667,18.13299868,7.31521839,100,1336,0.17,18117989,100547,6039329.667,33515.66667,TRUE
864168,Joy Ride,2023-07-07,6.2851,6.52,453,TRUE,['Netflix'],Adele Lim,['Comedy'],20000000,"['Ashley Park', 'Sherry Cola', 'Sabrina Wu']",94,3,FALSE,FALSE,2023,7,TRUE,FALSE,2.0906,0.6692,151,16.81124288,6.118097198,0,0,0,1184485,6186,394828.3333,2062,FALSE
1020910,Influencer,2022-10-16,6.144,6.213,303,FALSE,['Netflix'],Kurtis David Harder,"['Horror', 'Thriller']",0,"['Cassandra Naud', 'Emily Tennant', 'Rory J. Saper']",92,2,FALSE,TRUE,2022,10,FALSE,FALSE,3.6049,0.3438,75.75,0,5.717027701,0,0,0,757697,2697,189424.25,674.25,FALSE
1083858,The Angry Black Girl and Her Monster,2023-06-09,5.4041,6,66,FALSE,['Hulu'],Bomani J. Story,['Horror'],0,"['Laya DeLeon Hayes', 'Denzel Whitaker', 'Chad L. Coleman']",92,1,FALSE,FALSE,2023,6,TRUE,FALSE,1.0173,0.0898,22,0,4.204692619,100,439,0,349514,3024,116504.6667,1008,TRUE
790493,Spy Kids: Armageddon,2023-09-22,6.2083,6.046,163,FALSE,['Netflix'],Robert Rodriguez,"['Family', 'Comedy', 'Adventure', 'Science Fiction']",0,"['Connor Esterson', 'Everly Carganilla', 'Zachary Levi']",94,3,FALSE,FALSE,2023,9,FALSE,FALSE,2.5426,1.4115,54.33333333,0,5.099866428,0,0,0,5666736,28484,1888912,9494.666667,TRUE
1001884,Dashing Through the Snow,2023-11-17,5.4401,6.135,122,FALSE,['Disney Plus'],Tim Story,"['Fantasy', 'Family', 'Comedy']",0,"['Lil Rel Howery', 'Ludacris', 'Madison Skye Validum']",91,3,TRUE,FALSE,2023,11,FALSE,TRUE,1.489,0.5881,40.66666667,0,4.812184355,100,1057,0.3,2927052,9145,975684,3048.333333,TRUE
605886,To Catch a Killer,2023-04-21,6.5098,6.864,1220,FALSE,['Netflix'],Damián Szifron,"['Thriller', 'Crime', 'Drama']",0,"['Shailene Woodley', 'Ben Mendelsohn', 'Jovan Adepo']",119,2,FALSE,FALSE,2023,4,FALSE,FALSE,6.3547,0.3968,406.6666667,0,7.107425474,100,585,0.87,855188,799,285062.6667,266.3333333,TRUE
724209,Heart of Stone,2023-08-09,7.3165,6.753,1839,FALSE,['Netflix'],Tom Harper,"['Thriller', 'Action']",0,"['Gal Gadot', 'Jamie Dornan', 'Alia Bhatt']",122,3,FALSE,FALSE,2023,8,TRUE,FALSE,5.0769,0.0239,613,0,7.517520851,100,773,0.06,21062645,96408,7020881.667,32136,TRUE
910571,Fair Play,2023-09-29,7.2105,6.316,576,FALSE,['Netflix'],Chloe Domont,"['Drama', 'Thriller', 'Romance']",0,"['Phoebe Dynevor', 'Alden Ehrenreich', 'Eddie Marsan']",113,3,FALSE,FALSE,2023,9,FALSE,FALSE,2.7894,0.3497,192,0,6.357842267,100,733,0.07,11893723,58896,3964574.333,19632,TRUE
805320,Bird Box Barcelona,2023-07-14,5.9603,5.9,786,FALSE,['Netflix'],Àlex Pastor,"['Horror', 'Science Fiction', 'Thriller']",19800000,"['Mario Casas', 'Georgina Campbell', 'Diego Calva']",112,3,FALSE,TRUE,2023,7,TRUE,FALSE,1.685,0.313,262,16.80119255,6.668228248,0,0,0,3504769,30728,1168256.333,10242.66667,TRUE
1141356,Murder Syndicate,2023-06-13,7.0939,3.8,6,FALSE,['Amazon Prime Video'],Michael Matteo Rossi,['Action'],0,"['Diane Robin', 'Jessica Morris', 'Mark Justice']",99,2,FALSE,FALSE,2023,6,TRUE,FALSE,0.8681,0.6413,2,0,1.945910149,0,0,0,136825,163,45608.33333,54.33333333,FALSE
1190725,David Holmes: The Boy Who Lived,2023-11-13,4.812,7.042,71,FALSE,['HBO Max'],Dan Hartley,['Documentary'],0,"['David Holmes', 'Daniel Radcliffe', 'Sue Holmes']",89,4,FALSE,FALSE,2023,11,FALSE,TRUE,5.1846,0.3151,23.66666667,0,4.276666119,100,100,0,1391364,26063,463788,8687.666667,FALSE
936059,The Naughty Nine,2023-11-22,6.4142,6.3,78,FALSE,['Disney Plus'],Alberto Belli,"['Family', 'Adventure', 'Comedy', 'TV Movie', 'Crime']",32000000,"['Winslow Fegley', 'Danny Glover', 'Camila Rodríguez']",83,2,FALSE,FALSE,2023,11,FALSE,TRUE,2.781,0.6696,26,17.28124649,4.369447852,100,1092,0,336843,1366,112281,455.3333333,TRUE
1161663,Ghost Project,2023-12-05,4.9097,5.8,41,FALSE,['Amazon Prime Video'],Federico Finkielstain,"['Horror', 'Science Fiction']",0,"['Juan Cruz Rolla', 'Laura Casale', 'Zhongbo Li Zhang']",77,1,FALSE,FALSE,2023,12,FALSE,TRUE,0.0404,0.0685,13.66666667,0,3.737669618,100,243,0,158644,0,52881.33333,0,TRUE
1094319,The Best Man,2023-04-21,5.1515,5.955,123,FALSE,['Hulu'],Shane Dax Taylor,"['Action', 'Thriller']",0,"['Brendan Fehr', 'Dolph Lundgren', 'Luke Wilson']",93,1,FALSE,FALSE,2023,4,FALSE,FALSE,5.1077,0.5421,41,0,4.820281566,100,1530,0.62,101734,0,33911.33333,0,TRUE
1139979,The Wonderful World of Mickey Mouse: Steamboat Silly,2023-07-28,5.5067,6.934,38,FALSE,['Disney Plus'],Eddie Trigueros,"['Animation', 'Comedy']",0,"['Chris Diamantopoulos', 'Tony Anselmo', 'Jim Cummings']",9,1,FALSE,FALSE,2023,7,TRUE,FALSE,2.8209,0.258,12.66666667,0,3.663561646,0,0,0,1866699,28305,622233,9435,FALSE
1016346,MR-9: Do or Die,2023-08-25,5.5752,6.52,177,FALSE,['Hulu'],Asif Akbar,"['Action', 'Drama', 'Thriller']",6700000,"['ABM Sumon', 'Michael Jai White', 'Matt Passmore']",107,5,FALSE,FALSE,2023,8,TRUE,FALSE,4.972,1.1832,59,15.71761823,5.18178355,0,0,0,33071,69,11023.66667,23,FALSE
820525,After Everything,2023-09-13,5.2191,6.888,967,FALSE,['Netflix'],Castille Landon,"['Romance', 'Drama']",14000000,"['Hero Fiennes Tiffin', 'Josephine Langford', 'Mimi Keene']",93,2,FALSE,TRUE,2023,9,FALSE,FALSE,3.5678,0.2712,322.3333333,16.45456796,6.875232087,100,1308,0.22,4235787,44167,1411929,14722.33333,TRUE
1195310,The Only Girl in the Orchestra,2023-11-09,5.3304,6.608,51,FALSE,['Netflix'],Molly O'Brien,"['Documentary', 'Music']",0,"[""Orin O'Brien"", ""Molly O'Brien"", ""George O'Brien""]",35,3,FALSE,FALSE,2023,11,FALSE,TRUE,1.1871,1.1871,17,0,3.951243719,0,0,0,112206,1252,37402,417.3333333,FALSE
717082,Stan Lee,2023-06-10,6.1303,7.146,89,FALSE,['Disney Plus'],David Gelb,['Documentary'],0,"['Stan Lee', 'Joan Lee', 'Flo Steinberg']",86,2,FALSE,FALSE,2023,6,TRUE,FALSE,2.6029,0.3022,29.66666667,0,4.49980967,100,1125,0,3420894,151063,1140298,50354.33333,TRUE
986070,The Wrath of Becky,2023-05-26,5.3731,6.343,427,TRUE,['Netflix'],Suzanne Coote,"['Action', 'Horror', 'Thriller']",199507,"['Lulu Wilson', 'Seann William Scott', 'Denise Burse']",83,5,FALSE,TRUE,2023,5,TRUE,FALSE,2.5903,0.4962,142.3333333,12.20360961,6.059123196,100,659,0.47,1510582,6380,503527.3333,2126.666667,TRUE
900409,On Fire,2023-09-29,6.1251,6.232,56,FALSE,['Amazon Prime Video'],Nick Lyon,"['Drama', 'Thriller', 'Action', 'Adventure']",0,"['Peter Facinelli', 'Fiona Dourif', 'Asher Angel']",80,1,FALSE,FALSE,2023,9,FALSE,FALSE,2.6407,0.4294,18.66666667,0,4.043051268,100,1800,0.72,123821,539,41273.66667,179.6666667,TRUE
1094844,Ape vs Mecha Ape,2023-03-24,6.1801,5.8,288,FALSE,['Amazon Prime Video'],Marc Gottlieb,"['Action', 'Science Fiction']",0,"['Tom Arnold', 'Anna Telfer', 'Lisa Ellee']",80,2,FALSE,TRUE,2023,3,FALSE,FALSE,1.4028,0.2672,96,0,5.666426688,0,0,0,1146879,10596,382293,3532,FALSE
353577,Love at First Sight,2023-09-15,6.1869,7.203,661,FALSE,['Netflix'],Vanessa Caswill,"['Romance', 'Drama']",0,"['Haley Lu Richardson', 'Ben Hardy', 'Rob Delaney']",91,1,FALSE,FALSE,2023,9,FALSE,FALSE,4.0929,0.1657,220.3333333,0,6.495265556,100,716,0.06,8694974,110995,2898324.667,36998.33333,TRUE
987490,Best. Christmas. Ever!,2023-11-16,5.5001,5.404,245,FALSE,['Netflix'],Mary Lambert,['Comedy'],0,"['Brandy Norwood', 'Heather Graham', 'Jason Biggs']",82,2,FALSE,FALSE,2023,11,FALSE,TRUE,3.9941,1.2215,81.66666667,0,5.505331536,0,0,0,1156004,18057,385334.6667,6019,FALSE
1173912,Christmas at the Chalet,2023-11-25,5.312,6.1,21,FALSE,['Netflix'],Lucie Guest,"['TV Movie', 'Romance', 'Comedy']",0,"['Teri Hatcher', 'Brendan McRae', 'Dan Payne']",90,3,FALSE,FALSE,2023,11,FALSE,TRUE,3.7633,1.3579,7,0,3.091042453,100,100,0,49151,234,16383.66667,78,FALSE
726209,Leave the World Behind,2023-11-22,4.8419,6.38,3008,FALSE,['Netflix'],Sam Esmail,"['Drama', 'Mystery', 'Thriller']",0,"['Julia Roberts', 'Ethan Hawke', 'Mahershala Ali']",140,3,FALSE,FALSE,2023,11,FALSE,TRUE,8.7581,1.5386,1002.666667,0,8.009363077,0,0,0,16052094,64498,5350698,21499.33333,TRUE
945729,A Haunting in Venice,2023-09-15,4.3614,6.584,2663,TRUE,['Amazon Prime Video'],Kenneth Branagh,"['Mystery', 'Thriller', 'Crime']",60000000,"['Kenneth Branagh', 'Kyle Allen', 'Camille Cottin']",104,5,TRUE,TRUE,2023,9,FALSE,FALSE,3.8442,3.8442,887.6666667,17.90985514,7.887584032,100,1162,0.32,7936837,48671,2645612.333,16223.66667,TRUE
776835,The Magician's Elephant,2023-03-10,4.7476,6.804,225,FALSE,['Netflix'],Wendy Rogers,"['Animation', 'Adventure', 'Family', 'Fantasy', 'Comedy']",0,"['Noah Jupe', 'Mandy Patinkin', 'Brian Tyree Henry']",99,3,FALSE,FALSE,2023,3,FALSE,FALSE,2.9164,0,75,0,5.420534999,100,763,0.16,1865715,15245,621905,5081.666667,TRUE
936952,Sitting in Bars with Cake,2023-09-07,4.0947,6.958,106,FALSE,['Amazon Prime Video'],Trish Sie,"['Romance', 'Comedy', 'Drama']",0,"['Yara Shahidi', ""Odessa A'zion"", 'Bette Midler']",119,3,FALSE,FALSE,2023,9,FALSE,FALSE,4.0973,0.3668,35.33333333,0,4.672828834,100,659,0,8333083,20825,2777694.333,6941.666667,TRUE
987917,Old Dads,2023-10-20,5.3298,6.2,420,FALSE,['Netflix'],Bill Burr,['Comedy'],0,"['Bill Burr', 'Bobby Cannavale', 'Bokeem Woodbine']",102,3,FALSE,FALSE,2023,10,FALSE,FALSE,2.5577,2.5448,140,0,6.042632834,100,730,0.07,7539948,58275,2513316,19425,TRUE
939335,Muzzle,2023-09-29,4.9311,6.5,319,FALSE,['Hulu'],John Stalberg Jr.,"['Action', 'Thriller']",0,"['Aaron Eckhart', 'Stephen Lang', 'Diego Tinoco']",100,4,FALSE,TRUE,2023,9,FALSE,FALSE,7.1514,0.252,106.3333333,0,5.768320996,0,0,0,799407,4395,266469,1465,FALSE
1076650,Stars Fell Again,2023-02-03,4.9109,6.3,6,FALSE,['Amazon Prime Video'],V.W. Scheich,"['Romance', 'Comedy']",0,"['James Maslow', 'Ciara Hanna', 'Ali Faulkner']",88,1,FALSE,TRUE,2023,2,FALSE,FALSE,1.1256,3.7145,2,0,1.945910149,0,0,0,4477,43,1492.333333,14.33333333,FALSE
1006228,Breakwater,2023-12-22,4.9726,5.8,37,FALSE,['Hulu'],James Rowe,"['Thriller', 'Drama']",0,"['Dermot Mulroney', 'Darren Mann', 'Alyssa Goss']",97,1,FALSE,FALSE,2023,12,FALSE,TRUE,4.5568,0.2818,12.33333333,0,3.63758616,100,809,0,210983,283,70327.66667,94.33333333,TRUE
906221,Magic Mike's Last Dance,2023-02-10,4.6716,6.447,566,TRUE,['HBO Max'],Steven Soderbergh,"['Comedy', 'Drama', 'Romance']",45000000,"['Channing Tatum', 'Salma Hayek Pinault', 'Ayub Khan-Din']",112,3,FALSE,TRUE,2023,2,FALSE,FALSE,6.8279,1.3227,188.6666667,17.62217307,6.340359304,100,1179,0.15,12797354,29676,4265784.667,9892,TRUE
964626,7th Secret,2022-04-18,5.6606,3.5,4,FALSE,['Amazon Prime Video'],Bridget Smith,['Thriller'],0,"['Natasha Henstridge', 'Stacey Dash', 'Kristin Minter']",83,2,FALSE,FALSE,2022,4,FALSE,FALSE,5.3997,0.0071,1,0,1.609437912,100,422,0,46531,128,11632.75,32,TRUE
1126577,Til Death Do Us Part,2023-08-04,3.52,5.7,104,FALSE,['Amazon Prime Video'],Timothy Woodward Jr.,"['Horror', 'Thriller', 'Action']",0,"['Cam Gigandet', 'Jason Patric', 'Natalie Burn']",109,4,FALSE,FALSE,2023,8,TRUE,FALSE,2.5093,0.2895,34.66666667,0,4.65396035,100,449,0,1147931,6295,382643.6667,2098.333333,FALSE
714964,A Little White Lie,2023-03-03,4.453,5.598,51,FALSE,['Netflix'],Michael Maren,['Comedy'],4000000,"['Michael Shannon', 'Kate Hudson', 'Don Johnson']",101,3,FALSE,FALSE,2023,3,FALSE,FALSE,5.9757,0.0574,17,15.20180517,3.951243719,0,0,0,47562,178,15854,59.33333333,FALSE
1159518,Black Noise,2023-11-03,5.6356,5.2,36,FALSE,['Amazon Prime Video'],Philippe Martinez,"['Action', 'Science Fiction', 'Horror', 'Thriller']",0,"['Jackson Rathbone', 'Alex Pettyfer', 'Eve Mauro']",86,2,FALSE,FALSE,2023,11,FALSE,TRUE,2.5156,0.1331,12,0,3.610917913,100,766,0,341532,1326,113844,442,TRUE
1109237,The Monk and the Gun,2024-02-09,4.618,7.3,107,FALSE,['Hulu'],Pawo Choyning Dorji,"['Comedy', 'Drama']",0,"['Tandin Wangchuk', 'Tandin Sonam', 'Deki Lhamo']",112,11,FALSE,FALSE,2024,2,FALSE,FALSE,0.0977,0.2586,53.5,0,4.682131227,100,327,0,261307,1326,130653.5,663,TRUE
1030987,Sympathy for the Devil,2023-07-28,5.0371,5.911,309,FALSE,['Hulu'],Yuval Adler,"['Thriller', 'Action']",0,"['Joel Kinnaman', 'Nicolas Cage', 'Alexis Zollicoffer']",90,4,FALSE,FALSE,2023,7,TRUE,FALSE,7.0942,0.4513,103,0,5.736572297,100,806,0,920731,5899,306910.3333,1966.333333,TRUE
553147,Fool's Paradise,2023-05-12,5.0379,4.653,95,TRUE,['Amazon Prime Video'],Charlie Day,['Comedy'],3000000,"['Charlie Day', 'Ken Jeong', 'Kate Beckinsale']",99,3,FALSE,FALSE,2023,5,TRUE,FALSE,7.6403,4.1567,31.66666667,14.91412318,4.564348191,0,0,0,243177,1192,81059,397.3333333,FALSE
996347,The Good Mother,2023-09-01,5.232,4.926,68,TRUE,['Hulu'],Miles Joris-Peyrafitte,['Thriller'],0,"['Hilary Swank', 'Olivia Cooke', 'Jack Reynor']",90,7,FALSE,FALSE,2023,9,FALSE,FALSE,4.283,1.0059,22.66666667,0,4.234106505,100,1027,0.27,2644123,1173,881374.3333,391,TRUE
717930,Kandahar,2023-05-26,4.736,6.804,1171,TRUE,['Amazon Prime Video'],Ric Roman Waugh,"['Action', 'Thriller', 'War']",30000000,"['Gerard Butler', 'Navid Negahban', 'Travis Fimmel']",119,4,FALSE,FALSE,2023,5,TRUE,FALSE,7.1427,0.7541,390.3333333,17.21670797,7.06646697,100,1058,0.35,12149772,29011,4049924,9670.333333,TRUE
1061671,"Pamela, A Love Story",2023-01-31,4.3328,6.994,234,FALSE,['Netflix'],Ryan White,['Documentary'],0,"['Pamela Anderson', 'Brandon Thomas Lee', 'Dylan Jagger Lee']",113,2,FALSE,FALSE,2023,1,FALSE,FALSE,2.6791,0.0214,78,0,5.459585514,0,0,0,1888651,18933,629550.3333,6311,FALSE
1199447,Timeless Heroes: Indiana Jones and Harrison Ford,2023-12-01,5.3737,7.7,23,FALSE,['Disney Plus'],Laurent Bouzereau,['Documentary'],0,"['Harrison Ford', 'Phoebe Waller-Bridge', 'Kathleen Kennedy']",90,1,FALSE,FALSE,2023,12,FALSE,TRUE,4.9564,0.5874,7.666666667,0,3.17805383,0,0,0,174136,0,58045.33333,0,FALSE
1114653,Waitress: The Musical,2023-12-07,4.179,7.3,31,TRUE,['HBO Max'],Brett Sullivan,"['Comedy', 'Drama']",0,"['Sara Bareilles', 'Charity Angél Dawson', 'Caitlin Houlahan']",144,6,FALSE,FALSE,2023,12,FALSE,TRUE,0.5821,0.2075,10.33333333,0,3.465735903,100,721,0.11,815422,2532,271807.3333,844,TRUE
1214795,Angel Baby,2023-12-15,5.4081,3.5,9,FALSE,['Amazon Prime Video'],Douglas Tait,"['Horror', 'Thriller']",0,"['Isabel Cueva', 'Rebecca De Mornay', 'Daniel Roebuck']",100,1,FALSE,FALSE,2023,12,FALSE,TRUE,2.9006,0.7557,3,0,2.302585093,100,540,0,67119,134,22373,44.66666667,TRUE
832502,The Monkey King,2023-08-11,5.9617,6.5,321,FALSE,['Netflix'],Anthony Stacchi,"['Animation', 'Fantasy', 'Adventure', 'Family', 'Comedy']",0,"['Jimmy O. Yang', 'Bowen Yang', 'Jolie Hoang-Rappaport']",92,1,FALSE,FALSE,2023,8,TRUE,FALSE,1.7733,0.2934,107,0,5.774551546,0,0,0,2432183,22440,810727.6667,7480,FALSE
798362,The Marsh King's Daughter,2023-11-03,4.0859,6.393,364,TRUE,['Hulu'],Neil Burger,"['Thriller', 'Crime', 'Mystery']",0,"['Daisy Ridley', 'Ben Mendelsohn', 'Garrett Hedlund']",109,3,FALSE,FALSE,2023,11,FALSE,TRUE,3.9189,0.7326,121.3333333,0,5.899897354,100,1034,0.23,1351278,4405,450426,1468.333333,TRUE
980285,Dangerous Waters,2023-10-13,5.2287,5.648,64,FALSE,['Amazon Prime Video'],John Barr,['Thriller'],0,"['Odeya Rush', 'Eric Dane', 'Saffron Burrows']",101,3,FALSE,FALSE,2023,10,FALSE,FALSE,3.2422,0.0306,21.33333333,0,4.17438727,100,200,0,370728,1642,123576,547.3333333,FALSE
1136767,The Little Mermaid,2023-05-30,4.6176,5.7,29,FALSE,['Amazon Prime Video'],Michael Johnson,"['Animation', 'Family', 'Adventure', 'Comedy']",0,"['Sonya Krueger', 'Dee Wallace', 'Steve Guttenberg']",98,3,FALSE,FALSE,2023,5,TRUE,FALSE,3.7874,0,9.666666667,0,3.401197382,100,1372,0.25,28413124,373775,9471041.333,124591.6667,TRUE
887321,Dreamin' Wild,2023-08-04,5.3012,6.154,25,TRUE,['Hulu'],Bill Pohlad,"['Music', 'Drama']",0,"['Casey Affleck', 'Walton Goggins', 'Zooey Deschanel']",110,4,FALSE,FALSE,2023,8,TRUE,FALSE,7.8671,0.2394,8.333333333,0,3.258096538,100,195,0,461591,940,153863.6667,313.3333333,FALSE
729165,Out of Exile,2023-01-20,4.6359,6.283,46,FALSE,['Amazon Prime Video'],Kyle Kauwika Harris,"['Thriller', 'Drama', 'Action', 'Crime']",0,"['Adam Hampton', 'Karrie Cox', 'Kyle Jacob Henry']",107,2,FALSE,FALSE,2023,1,FALSE,FALSE,0.3445,0.0478,15.33333333,0,3.850147602,100,100,0,331387,611,110462.3333,203.6666667,FALSE
1138198,Caddy Hack,2023-08-11,4.4433,1.3,3,FALSE,['Amazon Prime Video'],Anthony Catanese,['Horror'],0,"['Joe Biedron', 'Chrissy Cavallo', 'John Evans']",75,0,FALSE,FALSE,2023,8,TRUE,FALSE,0.122,0.0143,1,0,1.386294361,0,0,0,25145,122,8381.666667,40.66666667,FALSE
945937,Fast Charlie,2023-12-08,5.1027,6.166,253,FALSE,['Hulu'],Phillip Noyce,"['Action', 'Crime', 'Drama']",20000000,"['Pierce Brosnan', 'Morena Baccarin', 'James Caan']",90,2,FALSE,FALSE,2023,12,FALSE,TRUE,11.1641,0.9939,84.33333333,16.81124288,5.537334267,0,0,0,175083,575,58361,191.6666667,FALSE
758323,The Pope's Exorcist,2023-04-14,4.5256,6.926,3029,TRUE,['Hulu'],Julius Avery,"['Horror', 'Thriller']",18000000,"['Russell Crowe', 'Daniel Zovatto', 'Alex Essoe']",103,3,FALSE,TRUE,2023,4,FALSE,FALSE,3.7248,0.3807,1009.666667,16.70588237,8.016317899,0,0,0,24245070,117692,8081690,39230.66667,TRUE
1185776,Glisten and the Merry Mission,2023-11-03,4.0661,6.8,5,TRUE,['Amazon Prime Video'],Cory Morrison,"['Adventure', 'Animation', 'Family', 'Fantasy']",0,"['Leona Lewis', 'Chevy Chase', 'Julia Michaels']",78,4,FALSE,FALSE,2023,11,FALSE,TRUE,2.861,0.0214,1.666666667,0,1.791759469,100,164,0,10563,71,3521,23.66666667,FALSE
561717,The Perfect Find,2023-06-14,4.6644,6.088,131,FALSE,['Netflix'],Numa Perrier,"['Romance', 'Comedy']",0,"['Gabrielle Union', 'Keith Powers', 'Gina Torres']",99,4,FALSE,FALSE,2023,6,TRUE,FALSE,2.6744,0.5701,43.66666667,0,4.882801923,100,813,0.1,1997083,32858,665694.3333,10952.66667,TRUE
1062482,Condor's Nest,2023-01-27,4.2896,5.3,28,FALSE,['Amazon Prime Video'],Phil Blattenberger,"['Action', 'War']",0,"['Michael Ironside', 'Arnold Vosloo', 'Jackson Rathbone']",103,1,FALSE,FALSE,2023,1,FALSE,FALSE,3.6578,0.0454,9.333333333,0,3.36729583,100,100,0,452502,3503,150834,1167.666667,FALSE
1040148,"Ruby Gillman, Teenage Kraken",2023-06-30,4.3375,7.184,1078,TRUE,['Amazon Prime Video'],Kirk DeMicco,"['Animation', 'Family', 'Fantasy', 'Comedy']",70000000,"['Lana Condor', 'Toni Collette', 'Annie Murphy']",91,1,FALSE,FALSE,2023,6,TRUE,FALSE,3.4161,0.5592,359.3333333,18.06400581,6.983789965,100,1187,0,11395521,43408,3798507,14469.33333,TRUE
420808,Peter Pan & Wendy,2023-04-25,4.3377,5.4,740,FALSE,['Disney Plus'],David Lowery,"['Family', 'Fantasy', 'Action', 'Adventure']",0,"['Alexander Molony', 'Ever Anderson', 'Jude Law']",106,2,TRUE,FALSE,2023,4,FALSE,FALSE,5.7821,0.0823,246.6666667,0,6.608000625,100,318,0,5504551,53135,1834850.333,17711.66667,TRUE
926599,All Fun and Games,2023-09-01,3.6074,5.596,161,FALSE,['Hulu'],Ari Costa,"['Horror', 'Thriller']",0,"['Asa Butterfield', 'Natalia Dyer', 'Benjamin Evan Ainsworth']",76,2,FALSE,FALSE,2023,9,FALSE,FALSE,11.0857,0.159,53.66666667,0,5.087596335,100,695,0.6,338993,1247,112997.6667,415.6666667,FALSE
763144,The Last Rifleman,2024-11-08,4.4767,6.637,84,FALSE,['Amazon Prime Video'],Terry Loane,"['Drama', 'History', 'War']",0,"['Pierce Brosnan', 'Clémence Poésy', 'John Amos']",100,4,FALSE,FALSE,2024,11,FALSE,TRUE,5.1098,0.1771,42,0,4.442651256,0,0,0,1223942,15582,611971,7791,FALSE
964980,Air,2023-04-05,4.1293,7.297,2212,TRUE,['Amazon Prime Video'],Ben Affleck,"['Drama', 'History']",80000000,"['Matt Damon', 'Ben Affleck', 'Jason Bateman']",111,4,FALSE,FALSE,2023,4,FALSE,FALSE,15.2126,15.2126,737.3333333,18.19753721,7.70210434,100,1096,0.15,14601026,44868,4867008.667,14956,TRUE
975043,Which Brings Me to You,2023-12-08,3.4152,6.2,178,TRUE,['Hulu'],Peter Hutchings,"['Romance', 'Comedy', 'Drama']",0,"['Lucy Hale', 'Nat Wolff', 'John Gallagher Jr.']",98,4,FALSE,FALSE,2023,12,FALSE,TRUE,3.9222,0.0071,59.33333333,0,5.187385806,0,0,0,1070555,6441,356851.6667,2147,FALSE
839369,May December,2023-11-17,4.6202,6.58,968,FALSE,['Netflix'],Todd Haynes,['Drama'],20000000,"['Natalie Portman', 'Julianne Moore', 'Charles Melton']",117,5,FALSE,FALSE,2023,11,FALSE,TRUE,7.8189,0.6978,322.6666667,16.81124288,6.876264612,100,888,0.23,1552356,6829,517452,2276.333333,TRUE
1186052,Death on the Border,2023-11-03,3.8298,5.9,10,TRUE,['Amazon Prime Video'],Wendy Wilkins,"['Crime', 'Thriller']",0,"['Shannon Elizabeth', 'Danny Trejo', 'Eric Roberts']",95,1,FALSE,FALSE,2023,11,FALSE,TRUE,4.2801,0.042,3.333333333,0,2.397895273,0,0,0,86329,607,28776.33333,202.3333333,FALSE
768362,Missing,2023-01-20,4.2589,7.414,1200,TRUE,['Hulu'],Will Merrick,"['Drama', 'Mystery', 'Thriller']",7000000,"['Storm Reid', 'Joaquim de Almeida', 'Ken Leung']",111,4,FALSE,FALSE,2023,1,FALSE,FALSE,1.7495,1.2821,400,15.76142085,7.090909822,0,0,0,17821215,36871,5940405,12290.33333,TRUE
844417,Marlowe,2023-02-15,4.0902,5.72,418,TRUE,['Amazon Prime Video'],Neil Jordan,['Crime'],20000000,"['Liam Neeson', 'Diane Kruger', 'Jessica Lange']",109,11,FALSE,FALSE,2023,2,FALSE,FALSE,6.9994,0.6293,139.3333333,16.81124288,6.03787092,100,1362,0.22,2291180,3382,763726.6667,1127.333333,TRUE
1118796,Mia and the Dragon Princess,2023-04-21,3.9422,6.615,13,FALSE,['Amazon Prime Video'],Richard Foster,"['Action', 'Crime', 'Fantasy']",0,"['Noa Nikita Bleeker', 'Paul McGann', 'MyAnna Buring']",83,3,FALSE,FALSE,2023,4,FALSE,FALSE,2.0522,0.0478,4.333333333,0,2.63905733,0,0,0,115223,170,38407.66667,56.66666667,FALSE
1073098,Last Stop Larrimah: Murder Down Under,2023-03-11,3.3643,6.4,15,FALSE,['HBO Max'],Thomas Tancred,['Documentary'],0,['N/A'],117,2,FALSE,FALSE,2023,3,FALSE,FALSE,0.2205,0.0261,5,0,2.772588722,0,0,0,164674,559,54891.33333,186.3333333,FALSE
929569,World's Best,2023-06-23,4.9788,6.2,20,FALSE,['Disney Plus'],Roshan Sethi,"['Music', 'Family', 'Comedy']",0,"['Manny Magnus', 'Punam Patel', 'Utkarsh Ambudkar']",101,1,TRUE,FALSE,2023,6,TRUE,FALSE,1.6967,0.3011,6.666666667,0,3.044522438,100,780,0,6551,65,2183.666667,21.66666667,TRUE
678512,Sound of Freedom,2023-07-04,4.1533,7.975,2643,TRUE,['Amazon Prime Video'],Alejandro Monteverde,"['Action', 'Drama']",14500000,"['Jim Caviezel', 'Mira Sorvino', 'Bill Camp']",131,1,FALSE,FALSE,2023,7,TRUE,FALSE,4.3731,0.3462,881,16.48965928,7.880048201,100,1909,0.25,11441213,146299,3813737.667,48766.33333,TRUE
1058719,Project Baby,2023-05-01,4.9046,4.8,5,FALSE,['Amazon Prime Video'],Haylie Duff,"['TV Movie', 'Comedy', 'Romance']",0,"['Haylie Duff', 'Sarah Fisher', 'Travis Caldwell']",86,4,FALSE,FALSE,2023,5,TRUE,FALSE,1.6432,1.6432,1.666666667,0,1.791759469,0,0,0,13085,76,4361.666667,25.33333333,FALSE
923939,The Wonderful Story of Henry Sugar,2023-09-20,5.9353,7.239,1253,FALSE,['Netflix'],Wes Anderson,"['Comedy', 'Fantasy', 'Adventure']",0,"['Ralph Fiennes', 'Benedict Cumberbatch', 'Dev Patel']",39,2,FALSE,FALSE,2023,9,FALSE,FALSE,5.8363,2.3958,417.6666667,0,7.134093721,100,739,0.06,4103038,51583,1367679.333,17194.33333,TRUE
1152624,3 Days in Malay,2023-08-11,3.4862,4.737,38,FALSE,['Hulu'],Louis Mandylor,"['Action', 'Adventure', 'War']",0,"['Louis Mandylor', 'Donald Cerrone', ""Quinton 'Rampage' Jackson""]",99,0,FALSE,FALSE,2023,8,TRUE,FALSE,1.7301,1.7301,12.66666667,0,3.663561646,100,100,0,118695,1020,39565,340,FALSE
1152617,Untold: Hall of Shame,2023-08-15,4.0879,6.729,24,FALSE,['Netflix'],Bryan Storkel,"['Documentary', 'Crime']",0,"['John Ashcroft', 'Joe Biden', 'Matt Biondi']",79,1,FALSE,FALSE,2023,8,TRUE,FALSE,2.2379,0.2248,8,0,3.218875825,0,0,0,120538,1203,40179.33333,401,FALSE
793333,Quantum Cowboys,2023-10-14,4.3844,9,3,FALSE,['Amazon Prime Video'],Geoff Marslett,"['Animation', 'Western', 'Science Fiction', 'Adventure']",0,"['Lily Gladstone', 'Kiowa Gordon', 'David Arquette']",98,1,FALSE,FALSE,2023,10,FALSE,FALSE,1.5079,0.183,1,0,1.386294361,0,0,0,15428,152,5142.666667,50.66666667,FALSE
996727,The Price We Pay,2023-01-13,3.8558,5.814,172,FALSE,['Amazon Prime Video'],Ryuhei Kitamura,"['Action', 'Thriller', 'Mystery', 'Crime', 'Horror']",0,"['Emile Hirsch', 'Stephen Dorff', 'Gigi Zumbado']",85,6,FALSE,FALSE,2023,1,FALSE,FALSE,2.9899,1.448,57.33333333,0,5.153291594,0,0,0,597924,1676,199308,558.6666667,FALSE
1110586,Weathering,2023-04-07,4.3953,5,36,TRUE,['Netflix'],Megalyn Echikunwoke,['Thriller'],0,"['Alexis Louder', 'Behzad Dabu', 'Jermaine Fowler']",20,2,FALSE,FALSE,2023,4,FALSE,FALSE,0.9459,0.9867,12,0,3.610917913,100,1075,0.21,1319069,27924,439689.6667,9308,TRUE
798021,Family Switch,2023-11-30,4.1387,6.401,740,FALSE,['Netflix'],McG,"['Comedy', 'Fantasy', 'Family']",0,"['Jennifer Garner', 'Ed Helms', 'Emma Myers']",106,3,FALSE,FALSE,2023,11,FALSE,TRUE,8.4099,0.8347,246.6666667,0,6.608000625,100,1106,0.17,5874270,52976,1958090,17658.66667,TRUE
913673,Nefarious,2023-04-14,4.0738,6.8,429,TRUE,['Amazon Prime Video'],Cary Solomon,"['Horror', 'Drama']",3000000,"['Sean Patrick Flanery', 'Jordan Belfi', 'Tom Ohmer']",98,2,FALSE,TRUE,2023,4,FALSE,FALSE,1.8538,0.576,143,14.91412318,6.063785209,100,1565,0.27,3086325,26346,1028775,8782,TRUE
912916,The Other Zoey,2023-10-20,4.5009,7.01,466,FALSE,['Amazon Prime Video'],Sara Zandieh,"['Romance', 'Drama', 'Comedy']",0,"['Josephine Langford', 'Drew Starkey', 'Archie Renaux']",91,2,FALSE,FALSE,2023,10,FALSE,FALSE,3.184,0.1731,155.3333333,0,6.146329258,100,870,0.14,1132008,11523,377336,3841,TRUE
1178329,All You Need Is Blood,2024-10-12,3.5995,5.9,17,FALSE,['Amazon Prime Video'],Cooper Roberts,"['Comedy', 'Horror', 'Romance']",0,"['Logan Riley Bruner', 'Emma Chasse', 'Mena Suvari']",100,2,FALSE,FALSE,2024,10,FALSE,FALSE,2.0897,0.0726,8.5,0,2.890371758,0,0,0,1402710,7862,701355,3931,FALSE
614479,Insidious: The Red Door,2023-07-07,3.6809,6.524,1884,TRUE,['Hulu'],Patrick Wilson,"['Horror', 'Thriller']",16000000,"['Ty Simpkins', 'Patrick Wilson', 'Rose Byrne']",107,3,FALSE,TRUE,2023,7,TRUE,FALSE,4.7043,0.0765,628,16.58809934,7.5416831,100,1003,0.18,27237889,155013,9079296.333,51671,TRUE
1143319,Puppy Love,2023-08-17,4.0932,7,331,FALSE,['Amazon Prime Video'],Nicholas Fabiano,"['Comedy', 'Romance']",0,"['Lucy Hale', 'Grant Gustin', 'Jane Seymour']",106,2,FALSE,FALSE,2023,8,TRUE,FALSE,3.9222,0.0528,110.3333333,0,5.805134969,100,599,0.03,2735415,41778,911805,13926,TRUE
894779,On Our Way,2023-05-19,3.5535,3.5,2,FALSE,['Amazon Prime Video'],Sophie Lane Curtis,['Drama'],0,"['Micheál Richardson', 'Jordana Brewster', 'Ruby Modine']",90,2,FALSE,FALSE,2023,5,TRUE,FALSE,3.5569,0.8468,0.6666666667,0,1.098612289,0,0,0,17174,58,5724.666667,19.33333333,FALSE
457332,Hidden Strike,2023-07-28,3.2954,6.909,1039,FALSE,['Netflix'],Scott Waugh,"['Action', 'Comedy', 'Thriller']",80000000,"['Jackie Chan', 'John Cena', 'Ma Xinrui']",103,7,FALSE,FALSE,2023,7,TRUE,FALSE,14.1367,0.7023,346.3333333,18.19753721,6.946975992,100,806,0.06,1500113,11125,500037.6667,3708.333333,TRUE
893752,Quasi,2023-04-20,3.9803,5.2,77,FALSE,['Hulu'],Kevin Heffernan,"['Comedy', 'Drama']",0,"['Brian Cox', 'Kevin Heffernan', 'Steve Lemme']",100,3,FALSE,FALSE,2023,4,FALSE,FALSE,3.1062,0.0071,25.66666667,0,4.356708827,100,589,0,2332472,2395,777490.6667,798.3333333,TRUE
895549,NYAD,2023-10-20,3.5893,7.092,508,FALSE,['Netflix'],Jimmy Chin,"['Drama', 'History']",0,"['Annette Bening', 'Jodie Foster', 'Rhys Ifans']",120,4,FALSE,FALSE,2023,10,FALSE,FALSE,6.3221,0.0143,169.3333333,0,6.232448017,100,754,0.16,1458073,7102,486024.3333,2367.333333,TRUE
1060090,The Collective,2023-08-04,4.092,5.6,154,TRUE,['Hulu'],Tom DeNucci,"['Action', 'Thriller']",0,"['Lucas Till', 'Ruby Rose', 'Tyrese Gibson']",86,2,FALSE,FALSE,2023,8,TRUE,FALSE,3.0502,0.8859,51.33333333,0,5.043425117,100,643,0,840362,1824,280120.6667,608,TRUE
897098,Year of the Fox,2023-05-13,3.6234,6.5,2,FALSE,['Amazon Prime Video'],Megan Griffiths,['Drama'],0,"['Sarah Jeffery', 'Jane Adams', 'Jake Weber']",97,1,FALSE,FALSE,2023,5,TRUE,FALSE,1.3815,0.4431,0.6666666667,0,1.098612289,0,0,0,4361566,26019,1453855.333,8673,FALSE
558915,The Color Purple,2023-12-25,3.4823,7,340,TRUE,"['Hulu', 'HBO Max']",Blitz Bazawule,['Drama'],90000000,"['Fantasia Barrino', 'Taraji P. Henson', 'Danielle Brooks']",141,6,FALSE,FALSE,2023,12,FALSE,TRUE,2.9681,0.2462,113.3333333,18.31532024,5.831882477,0,0,0,11396662,52877,3798887.333,17625.66667,FALSE
809787,Mafia Mamma,2023-04-14,4.3372,6.069,297,TRUE,['Hulu'],Catherine Hardwicke,"['Comedy', 'Crime', 'Action']",41000000,"['Toni Collette', 'Monica Bellucci', 'Sophia Nomvete']",101,6,FALSE,FALSE,2023,4,FALSE,FALSE,7.0441,0.5731,99,17.52908265,5.697093487,0,0,0,662677,3322,220892.3333,1107.333333,FALSE
1066376,Night of the Missing,2023-10-31,3.7738,5.2,33,FALSE,['Amazon Prime Video'],Samuel Gonzalez Jr.,['Horror'],0,"['Meredith Thomas', 'Jill Awbrey', 'Gigi Gustin']",73,1,FALSE,FALSE,2023,10,FALSE,FALSE,0.7707,0.1538,11,0,3.526360525,0,0,0,93500,661,31166.66667,220.3333333,FALSE
890771,The Black Demon,2023-04-28,2.9246,5.919,677,TRUE,['Amazon Prime Video'],Adrian Grünberg,"['Thriller', 'Horror']",0,"['Josh Lucas', 'Fernanda Urrejola', 'Julio Cesar Cedillo']",101,4,FALSE,TRUE,2023,4,FALSE,FALSE,2.0156,0.3476,225.6666667,0,6.519147288,100,1169,0.29,8586006,55585,2862002,18528.33333,TRUE
986197,End Times,2023-07-14,2.9882,4.2,10,FALSE,['Amazon Prime Video'],Jim Towns,['Horror'],0,"['Jamie Bernadette', 'Craig Stark', 'Dominique Swain']",120,1,FALSE,FALSE,2023,7,TRUE,FALSE,2.0394,0,3.333333333,0,2.397895273,100,293,0.99,251971,546,83990.33333,182,FALSE
709631,Cobweb,2023-07-21,3.8855,6.455,1003,FALSE,['Netflix'],Samuel Bodin,['Horror'],13000000,"['Lizzy Caplan', 'Antony Starr', 'Cleopatra Coleman']",88,3,FALSE,FALSE,2023,7,TRUE,FALSE,4.9712,0.3772,334.3333333,16.38045999,6.9117473,0,0,0,4510434,29186,1503478,9728.666667,TRUE
1235891,Bug Man,2023-12-29,3.7017,0,0,FALSE,['Amazon Prime Video'],Clayton Tramel,"['Comedy', 'Drama']",0,"['Alex Sanchez', 'Kaye Brownlee-France', 'Cory Phillips']",88,1,FALSE,FALSE,2023,12,FALSE,TRUE,0.0687,0.0071,0,0,0,0,0,0,16,1,5.333333333,0.3333333333,FALSE
1031418,Love in Tahiti,2023-06-09,3.6541,7,11,FALSE,['Amazon Prime Video'],John Lyde,"['TV Movie', 'Comedy', 'Drama', 'Romance']",0,"['Lary Müller', 'Oran Stainbrook', 'Tim Threlfall']",94,4,FALSE,FALSE,2023,6,TRUE,FALSE,0.3155,0.0143,3.666666667,0,2.48490665,0,0,0,65716,448,21905.33333,149.3333333,FALSE
1058648,The Disappearance of Shere Hite,2023-11-17,3.85,3.857,7,TRUE,['Hulu'],Nicole Newnham,['Documentary'],0,"['Shere Hite', 'Dakota Johnson']",118,4,FALSE,FALSE,2023,11,FALSE,TRUE,9.1896,0.1343,2.333333333,0,2.079441542,100,100,1,25093,139,8364.333333,46.33333333,FALSE
1132495,South to Black Power,2023-11-28,2.9978,3.5,2,FALSE,['HBO Max'],Llewellyn M. Smith,['Documentary'],0,"['Charles M. Blow', 'Stacey Abrams', 'Janean Armstrong']",89,3,FALSE,FALSE,2023,11,FALSE,TRUE,0.4314,0.0869,0.6666666667,0,1.098612289,0,0,0,34984,516,11661.33333,172,FALSE
552688,The Mother,2023-05-04,3.3179,6.6,1360,FALSE,['Netflix'],Niki Caro,"['Action', 'Thriller']",0,"['Jennifer Lopez', 'Lucy Paez', 'Omari Hardwick']",115,2,FALSE,FALSE,2023,5,TRUE,FALSE,3.0406,0.4634,453.3333333,0,7.215975003,0,0,0,12642691,80901,4214230.333,26967,TRUE
1160164,TAYLOR SWIFT | THE ERAS TOUR,2023-10-13,3.238,8.199,490,TRUE,['Disney Plus'],Sam Wrench,['Music'],15000000,"['Taylor Swift', 'Mike Meadows', 'Max Bernstein']",169,2,FALSE,FALSE,2023,10,FALSE,FALSE,3.5123,0.468,163.3333333,16.52356083,6.196444128,0,0,0,15376616,436092,5125538.667,145364,TRUE
1126847,Who We Become,2023-05-11,3.5606,0,0,TRUE,['Netflix'],PJ Raval,['Documentary'],0,"['Jenah Maravilla', 'Lauren Yap', 'Monica Silverio']",73,7,FALSE,FALSE,2023,5,TRUE,FALSE,0.0382,0.0577,0,0,0,0,0,0,136973,417,45657.66667,139,FALSE
1111458,Break In,2023-11-17,4.3975,2,3,FALSE,['Amazon Prime Video'],Peter Sullivan,"['Thriller', 'TV Movie']",0,"['Jessica Morris', 'Jonathan Stoddard', 'William Baldwin']",78,1,FALSE,FALSE,2023,11,FALSE,TRUE,2.7754,0.0648,1,0,1.386294361,100,1868,0.42,7642643,22736,2547547.667,7578.666667,TRUE
1127953,Reporting for Christmas,2023-11-02,3.123,6,14,FALSE,['Hulu'],Jack C. Newell,"['Comedy', 'Romance', 'Drama', 'TV Movie']",0,"['Amara Zaragoza', 'Matt Trudeau', 'D. B. Sweeney']",90,4,FALSE,FALSE,2023,11,FALSE,TRUE,1.2641,0.1828,4.666666667,0,2.708050201,0,0,0,35183,143,11727.66667,47.66666667,FALSE
1180375,Designing Christmas with You,2023-12-16,3.6641,5.625,9,FALSE,['Amazon Prime Video'],Jo-Anne Brechin,"['TV Movie', 'Comedy', 'Romance']",0,"['Susie Abromeit', 'Liam McIntyre', 'Vanessa Moltzen']",84,3,FALSE,FALSE,2023,12,FALSE,TRUE,2.4357,0.1321,3,0,2.302585093,0,0,0,5677,85,1892.333333,28.33333333,FALSE
980078,Winnie the Pooh: Blood and Honey,2023-02-15,3.3162,4.992,1521,TRUE,['Amazon Prime Video'],Rhys Frake-Waterfield,"['Horror', 'Thriller']",100000,"['Nikolai Leon', 'Maria Taylor', 'Craig David Dowsett']",84,2,FALSE,TRUE,2023,2,FALSE,FALSE,0.2435,0.6892,507,11.51293546,7.327780538,100,602,0.06,14830727,123885,4943575.667,41295,TRUE
1200108,Stavros Halkias: Fat Rascal,2023-12-05,4.2542,6.083,6,FALSE,['Netflix'],Ben O'Brien,['Comedy'],0,['Stavros Halkias'],55,2,FALSE,FALSE,2023,12,FALSE,TRUE,0.8774,0.0389,2,0,1.945910149,0,0,0,1262495,49991,420831.6667,16663.66667,FALSE
1192396,Christmas with The Chosen: Holy Night,2023-12-12,3.2919,7,5,FALSE,['Amazon Prime Video'],Dallas Jenkins,"['Music', 'Drama']",0,"['Andrea Bocelli', 'Matteo Bocelli', 'Jonathan Roumie']",104,1,FALSE,FALSE,2023,12,FALSE,TRUE,1.7422,0.7722,1.666666667,0,1.791759469,100,238,0,471343,10857,157114.3333,3619,FALSE
1155117,Hearts Under the Olive Tree,2023-08-19,3.0533,5.389,9,FALSE,['Amazon Prime Video'],John Murlowski,"['Comedy', 'Romance']",0,"['Jenna Michno', 'Sam Schweikert', 'René Ashton']",90,2,FALSE,FALSE,2023,8,TRUE,FALSE,0.7559,0.4041,3,0,2.302585093,0,0,0,7814,0,2604.666667,0,FALSE
633383,Chasing Chasing Amy,2023-06-08,3.3741,8.375,8,FALSE,['Amazon Prime Video'],Sav Rodgers,"['Documentary', 'Romance']",0,"['Sav Rodgers', 'Kevin Smith', 'Joey Lauren Adams']",92,1,FALSE,FALSE,2023,6,TRUE,FALSE,1.7274,0.0932,2.666666667,0,2.197224577,0,0,0,811843,2045,270614.3333,681.6666667,FALSE
1117644,The Mission,2023-10-13,3.8863,6.762,21,TRUE,['Disney Plus'],Amanda McBaine,['Documentary'],0,"['Pam Arlund', 'Dan Davis', 'Levi Davis']",103,3,FALSE,FALSE,2023,10,FALSE,FALSE,0.1483,0.2076,7,0,3.091042453,0,0,0,133266,971,44422,323.6666667,FALSE
503417,She Came to Me,2023-10-06,3.4972,6.1,148,FALSE,['Hulu'],Rebecca Miller,"['Romance', 'Comedy', 'Drama']",0,"['Peter Dinklage', 'Anne Hathaway', 'Marisa Tomei']",102,4,FALSE,FALSE,2023,10,FALSE,FALSE,11.6934,0.0071,49.33333333,0,5.003946306,100,619,0,3155610,11048,1051870,3682.666667,FALSE
744857,When Evil Lurks,2023-10-06,4.2262,7.188,1327,FALSE,['Hulu'],Demián Rugna,"['Horror', 'Thriller']",0,"['Ezequiel Rodríguez', 'Demián Salomón', 'Silvina Sabater']",100,6,FALSE,TRUE,2023,10,FALSE,FALSE,0.5117,0.5237,442.3333333,0,7.19142933,100,1191,0.44,2974053,17726,991351,5908.666667,TRUE
1072873,Being Mary Tyler Moore,2023-03-13,3.6457,6.595,21,FALSE,['HBO Max'],James Adolphus,['Documentary'],0,"['Mary Tyler Moore', 'Ed Asner', 'Emanuel Azenberg']",119,6,FALSE,FALSE,2023,3,FALSE,FALSE,2.36,0.0975,7,0,3.091042453,0,0,0,195197,2716,65065.66667,905.3333333,FALSE
821890,Paint,2023-04-07,3.3135,5.479,141,TRUE,['Hulu'],Brit McAdams,"['Comedy', 'Drama', 'Romance']",0,"['Owen Wilson', 'Michaela Watkins', 'Wendi McLendon-Covey']",96,4,FALSE,FALSE,2023,4,FALSE,FALSE,3.6682,0.4536,47,0,4.955827058,100,844,0.13,5508788,2486,1836262.667,828.6666667,TRUE
1106717,Smart House,2023-06-21,3.9269,1.8,4,TRUE,['Amazon Prime Video'],John Oak Dalton,"['Horror', 'Thriller']",130000,"['Brinke Stevens', 'Mark Polonia', 'Leanne Johnson']",75,1,FALSE,FALSE,2023,6,TRUE,FALSE,0.8167,0.1217,1.333333333,11.77529742,1.609437912,100,191,0,78507,419,26169,139.6666667,FALSE
616747,Haunted Mansion,2023-07-28,3.2617,6.4,1180,TRUE,['Disney Plus'],Justin Simien,"['Comedy', 'Drama', 'Fantasy']",157800000,"['Rosario Dawson', 'Chase W. Dillon', 'LaKeith Stanfield']",123,2,TRUE,FALSE,2023,7,TRUE,FALSE,2.9418,0.2047,393.3333333,18.87683897,7.074116816,100,949,0.15,6545150,31813,2181716.667,10604.33333,TRUE
1173490,The Nana Project,2023-09-14,3.1044,4.5,2,FALSE,['Amazon Prime Video'],Robin Givens,['Comedy'],0,"['Mercedes Ruehl', 'Nolan Gould', 'Will Peltz']",84,2,FALSE,FALSE,2023,9,FALSE,FALSE,1.8499,2.3217,0.6666666667,0,1.098612289,0,0,0,3368,72,1122.666667,24,FALSE
869641,Vacation Friends 2,2023-08-25,3.6978,6.327,281,FALSE,"['Amazon Prime Video', 'Hulu']",Clay Tarver,['Comedy'],0,"['Lil Rel Howery', 'Yvonne Orji', 'John Cena']",106,2,TRUE,TRUE,2023,8,TRUE,FALSE,7.1304,0.3783,93.66666667,0,5.641907071,100,729,0,1628554,3914,542851.3333,1304.666667,FALSE
1081683,The Donor Party,2023-03-03,3.927,5.359,46,FALSE,['Hulu'],Thom Harp,['Comedy'],0,"['Malin Åkerman', ""Jerry O'Connell"", 'Rob Corddry']",93,5,FALSE,FALSE,2023,3,FALSE,FALSE,4.4242,0.1389,15.33333333,0,3.850147602,100,379,0,85156,145,28385.33333,48.33333333,TRUE
1132191,Christmas at the Amish Bakery,2023-12-10,3.0309,7.143,15,FALSE,['Amazon Prime Video'],Jeff Hare,"['TV Movie', 'Drama', 'Romance', 'Family']",0,"['Sean Koetting', 'Alexandra Harris', 'Francesca Barker McCormick']",85,2,FALSE,FALSE,2023,12,FALSE,TRUE,1.6607,0.3969,5,0,2.772588722,100,100,0,53911,238,17970.33333,79.33333333,FALSE
915523,Wildflower,2023-03-17,4.2064,7.431,109,FALSE,"['Amazon Prime Video', 'Hulu']",Matt Smukler,"['Comedy', 'Drama']",0,"['Kiernan Shipka', 'Alexandra Daddario', 'Charlie Plummer']",105,4,FALSE,FALSE,2023,3,FALSE,FALSE,11.9115,0.0443,36.33333333,0,4.700480366,100,1357,0.44,438466,8463,146155.3333,2821,TRUE
761851,His Only Son,2023-03-31,3.4262,7.731,80,TRUE,['Amazon Prime Video'],David Helling,"['Drama', 'Fantasy']",250000,"['Nicolas Mouawad', 'Sara Seyed', 'Scot Cooper']",104,2,FALSE,FALSE,2023,3,FALSE,FALSE,1.5028,0.0717,26.66666667,12.4292202,4.394449155,100,960,0.08,125824,1587,41941.33333,529,FALSE
1104102,Swing Into Romance,2023-10-07,3.2473,7.34,25,FALSE,['Amazon Prime Video'],Bradley Walsh,"['Romance', 'Comedy', 'TV Movie']",0,"['Danica McKellar', 'David Haydn-Jones', 'Gleb Savchenko']",85,3,FALSE,FALSE,2023,10,FALSE,FALSE,2.1318,0.0804,8.333333333,0,3.258096538,0,0,0,28129,163,9376.333333,54.33333333,FALSE
846188,Good Egg,2023-11-17,3.8906,5.4,5,FALSE,['Amazon Prime Video'],Nicole Gomez Fisher,"['Comedy', 'Crime']",0,"['Yara Martinez', 'Joel Johnstone', 'Andrea Londo']",93,1,FALSE,FALSE,2023,11,FALSE,TRUE,1.3299,0.1087,1.666666667,0,1.791759469,0,0,0,30744,40,10248,13.33333333,FALSE
747731,Johnny Z,2023-03-26,3.9802,5.62,25,FALSE,['Amazon Prime Video'],Jonathan Straiton,"['Horror', 'Action', 'Science Fiction']",1200000,"['Michael Merchant', 'Felix Cortes', 'Jason Delgado']",90,2,FALSE,FALSE,2023,3,FALSE,FALSE,0.0854,0.1095,8.333333333,13.99783295,3.258096538,0,0,0,54360,261,18120,87,FALSE
1186337,Heartland Harmony,2023-10-01,2.9781,7.5,2,FALSE,['Amazon Prime Video'],Lana Read,"['Comedy', 'Romance']",0,"['Houston Rhines', 'Abi Van Andel', 'Layla Cushman']",92,4,FALSE,FALSE,2023,10,FALSE,FALSE,1.1122,2.2323,0.6666666667,0,1.098612289,0,0,0,436,3,145.3333333,1,FALSE
1127959,A Missed Connection,2023-05-31,2.7402,6.036,14,FALSE,['Amazon Prime Video'],Damián Romay,"['TV Movie', 'Comedy', 'Romance']",0,"['Meggan Kaiser', 'Alex Trumble', 'Chris Mimikos']",90,2,FALSE,FALSE,2023,5,TRUE,FALSE,1.1788,0.2241,4.666666667,0,2.708050201,0,0,0,163858,297,54619.33333,99,FALSE
974931,Totally Killer,2023-09-28,3.3665,6.807,1028,FALSE,['Amazon Prime Video'],Nahnatchka Khan,"['Horror', 'Comedy', 'Science Fiction']",0,"['Kiernan Shipka', 'Olivia Holt', 'Troy Leigh-Anne Johnson']",104,4,FALSE,FALSE,2023,9,FALSE,FALSE,5.5685,1.0307,342.6666667,0,6.936342736,0,0,0,1777035,26715,592345,8905,FALSE
1109502,Leanne Morgan: I'm Every Woman,2023-04-11,3.1362,5.1,8,FALSE,['Netflix'],Manny Rodriguez,['Comedy'],0,['Leanne Morgan'],74,0,FALSE,FALSE,2023,4,FALSE,FALSE,0.9388,0.0357,2.666666667,0,2.197224577,0,0,0,202768,2690,67589.33333,896.6666667,FALSE
980816,Miranda's Victim,2023-10-06,2.6776,6.7,44,FALSE,['Hulu'],Michelle Danner,"['Drama', 'History']",0,"['Abigail Breslin', 'Emily VanCamp', 'Luke Wilson']",127,3,FALSE,FALSE,2023,10,FALSE,FALSE,3.8867,0.1968,14.66666667,0,3.80666249,0,0,0,134455,362,44818.33333,120.6666667,FALSE
1058660,Going Varsity in Mariachi,2023-01-22,2.927,0,0,FALSE,['Netflix'],Sam Osborn,['Documentary'],0,['Abel Acuña'],105,6,FALSE,FALSE,2023,1,FALSE,FALSE,0.0143,0.1504,0,0,0,0,0,0,236347,850,78782.33333,283.3333333,FALSE
1081789,The Weeknd: Live at SoFi Stadium,2023-02-25,2.8792,7.7,36,FALSE,['HBO Max'],Micah Bickham,['Music'],0,"['The Weeknd', 'Tanya Karn', 'Jennifer Mariela Bermeo']",98,1,FALSE,FALSE,2023,2,FALSE,FALSE,1.3328,0.0883,12,0,3.610917913,0,0,0,444751,19128,148250.3333,6376,FALSE
1093879,The Keepers of the 5 Kingdoms,2023-02-21,2.6228,6.125,8,FALSE,['Amazon Prime Video'],Zack Ward,"['Adventure', 'Fantasy', 'Family']",0,"['Saxon Sharbino', 'Marisa Kapavik', 'Matthew Sato']",109,2,FALSE,FALSE,2023,2,FALSE,FALSE,1.5282,1.8899,2.666666667,0,2.197224577,0,0,0,5656,20,1885.333333,6.666666667,FALSE
670933,America's Family,2023-11-12,3.3706,0,0,FALSE,['Amazon Prime Video'],Anike Tourse,['Drama'],0,"['Anike Tourse', 'Jailene Arias', 'Emmanuel López Alonso']",103,1,FALSE,FALSE,2023,11,FALSE,TRUE,0.1429,0.0753,0,0,0,0,0,0,8415607,10364,2805202.333,3454.666667,FALSE
845890,Righteous Thieves,2023-03-10,3.5447,5.226,42,FALSE,['Amazon Prime Video'],Anthony Nardolillo,"['Action', 'Thriller', 'Crime']",0,"['Lisa Vidal', 'Cam Gigandet', 'Jaina Lee Ortiz']",91,1,FALSE,FALSE,2023,3,FALSE,FALSE,2.5093,0.079,14,0,3.761200116,100,651,0,227787,610,75929,203.3333333,FALSE
1150476,Falling for the Competition,2023-11-23,2.9488,4.611,9,FALSE,['Amazon Prime Video'],Brittany Goodwin,"['TV Movie', 'Comedy', 'Romance']",0,"['Francesca Barker McCormick', 'Michael Joseph Nelson', 'Lucy Capri']",90,3,FALSE,FALSE,2023,11,FALSE,TRUE,0.772,0.0071,3,0,2.302585093,0,0,0,15146,63,5048.666667,21,FALSE
1071943,Romance in Hawaii,2023-06-03,3.7287,6.038,13,FALSE,['Amazon Prime Video'],Nanea Miyata,"['TV Movie', 'Comedy', 'Romance']",0,"['Kelley Jakle', 'Cedric Jonathan', 'Peter Porte']",90,2,FALSE,FALSE,2023,6,TRUE,FALSE,0.7799,0.1188,4.333333333,0,2.63905733,0,0,0,29365,142,9788.333333,47.33333333,FALSE
1144962,Transmorphers: Mech Beasts,2023-06-30,3.5068,5.6,39,FALSE,['Amazon Prime Video'],Michael Su,"['Action', 'Science Fiction']",0,"['Tom Arnold', 'Tania Fox', 'Jolene Anderson']",84,1,FALSE,TRUE,2023,6,TRUE,FALSE,1.4028,0.9873,13,0,3.688879454,0,0,0,483054,1526,161018,508.6666667,FALSE
1156638,The Contestant,2024-05-02,3.721,6.882,51,FALSE,['Hulu'],Clair Titley,['Documentary'],0,"['Nasubi', 'Toshio Tsuchiya', 'Kazuko Hamatsu']",91,2,FALSE,FALSE,2024,5,TRUE,FALSE,0.6917,0.0388,25.5,0,3.951243719,0,0,0,286782,2077,143391,1038.5,FALSE
870518,Sanctuary,2023-05-19,3.4823,6.081,229,TRUE,['Hulu'],Zachary Wigon,"['Drama', 'Thriller']",0,"['Margaret Qualley', 'Christopher Abbott', 'Danita Battle']",96,4,FALSE,FALSE,2023,5,TRUE,FALSE,7.0623,0.2643,76.33333333,0,5.438079309,0,0,0,2855469,11515,951823,3838.333333,FALSE
1156837,Tracy Morgan: Takin' It Too Far,2023-08-17,2.9924,5.063,8,FALSE,['HBO Max'],Marcus Raboy,"['Comedy', 'Documentary', 'TV Movie']",0,['Tracy Morgan'],50,1,FALSE,FALSE,2023,8,TRUE,FALSE,1.405,0.2818,2.666666667,0,2.197224577,0,0,0,57662,311,19220.66667,103.6666667,FALSE
1017507,Buddy Games: Spring Awakening,2023-05-19,3.5695,5.154,39,FALSE,['Amazon Prime Video'],Josh Duhamel,['Comedy'],0,"['Dan Bakkedahl', 'Kevin Dillon', 'Josh Duhamel']",95,2,FALSE,TRUE,2023,5,TRUE,FALSE,3.029,3.029,13,0,3.688879454,100,100,0,270761,848,90253.66667,282.6666667,FALSE
820609,No One Will Save You,2023-09-22,2.8017,6.68,1357,FALSE,['Hulu'],Brian Duffield,"['Horror', 'Science Fiction']",22800000,"['Kaitlyn Dever', 'Elizabeth Kaluev', 'Zack Duhame']",93,2,TRUE,FALSE,2023,9,FALSE,FALSE,3.174,0.4038,452.3333333,16.94227114,7.213768308,100,1007,0.13,6994067,69230,2331355.667,23076.66667,TRUE
669504,Grandpa Was an Emperor,2023-04-07,2.9529,0,1,FALSE,['Amazon Prime Video'],Constance Marks,['Documentary'],0,['Yeshi Kassa'],92,2,FALSE,FALSE,2023,4,FALSE,FALSE,0.0143,0.1761,0.3333333333,0,0.6931471806,0,0,0,102195,992,34065,330.6666667,FALSE
1003502,Love on the Reef,2023-10-15,3.1996,6.9,18,FALSE,['Amazon Prime Video'],Alejandro Contreras,"['TV Movie', 'Comedy', 'Romance']",0,"['Ansley Gordon', 'Marc Herrmann', 'Jennifer Bonner']",90,2,FALSE,FALSE,2023,10,FALSE,FALSE,3.0234,0.0168,6,0,2.944438979,0,0,0,76959,318,25653,106,FALSE
923440,Black Bags,2023-04-11,3.8114,5.45,10,FALSE,['Amazon Prime Video'],Josh Brandon,['Thriller'],0,"['Laura Vandervoort', 'Olesya Rulin', 'Drew Pollock']",88,1,FALSE,FALSE,2023,4,FALSE,FALSE,1.6845,0,3.333333333,0,2.397895273,0,0,0,15040050,29474,5013350,9824.666667,FALSE
899328,Rare Objects,2023-04-14,3.1767,4.3,9,FALSE,['Hulu'],Katie Holmes,['Drama'],0,"['Julia Mayorga', 'Katie Holmes', 'Derek Luke']",123,8,FALSE,FALSE,2023,4,FALSE,FALSE,5.0509,5.0509,3,0,2.302585093,100,459,0,88767,504,29589,168,FALSE
1122772,The Love Hunt,2023-11-28,3.3437,6.2,12,FALSE,['Amazon Prime Video'],Sam Irvin,"['TV Movie', 'Comedy', 'Romance']",0,"['Scout Taylor-Compton', 'Brock Yurich', 'Sterling Beaumon']",90,2,FALSE,FALSE,2023,11,FALSE,TRUE,1.0732,0.4534,4,0,2.564949357,0,0,0,63527,236,21175.66667,78.66666667,FALSE
1128959,The Christmas Classic,2023-11-03,3.3251,5.167,12,FALSE,"['Netflix', 'Amazon Prime Video']",Shane Dax Taylor,"['Comedy', 'Romance']",0,"['Malin Åkerman', 'Ryan Hansen', 'Amy Smart']",86,4,FALSE,FALSE,2023,11,FALSE,TRUE,4.4242,0.5421,4,0,2.564949357,0,0,0,12179,32,4059.666667,10.66666667,FALSE
852096,We Have a Ghost,2023-02-24,3.8313,6.484,655,FALSE,['Netflix'],Christopher Landon,"['Horror', 'Comedy']",0,"['David Harbour', ""Jahi Di'Allo Winston"", 'Anthony Mackie']",127,1,FALSE,FALSE,2023,2,FALSE,FALSE,7.5792,0.0596,218.3333333,0,6.486160789,100,737,0.06,3422794,44774,1140931.333,14924.66667,TRUE
792293,Dumb Money,2023-09-15,3.2954,6.681,738,TRUE,['Hulu'],Craig Gillespie,"['History', 'Comedy', 'Drama']",30000000,"['Paul Dano', 'Shailene Woodley', 'America Ferrera']",105,3,FALSE,FALSE,2023,9,FALSE,FALSE,6.3547,1.2738,246,17.21670797,6.605297921,100,1456,0.5,12658301,35675,4219433.667,11891.66667,TRUE
1101224,The Unseen,2023-05-12,2.555,4.525,20,FALSE,['Amazon Prime Video'],Vincent Shade,"['Horror', 'Mystery', 'Thriller']",700000,"['RJ Mitte', 'Christian Stolte', 'William Mark McCullough']",100,1,FALSE,FALSE,2023,5,TRUE,FALSE,1.9956,0.1104,6.666666667,13.45883704,3.044522438,100,347,0,558353,2756,186117.6667,918.6666667,FALSE
1192745,EXmas,2023-11-17,2.9775,6.4,140,FALSE,['Amazon Prime Video'],Jonah Feingold,"['Romance', 'Comedy', 'TV Movie']",0,"['Leighton Meester', 'Robbie Amell', 'Michael Hitchcock']",93,2,FALSE,FALSE,2023,11,FALSE,TRUE,4.5436,0.3208,46.66666667,0,4.94875989,100,1252,0.17,165888,667,55296,222.3333333,FALSE
1003579,Batman: The Doom That Came to Gotham,2023-03-28,2.3516,6.685,240,FALSE,['HBO Max'],Sam Liu,"['Animation', 'Fantasy', 'Action', 'Mystery', 'Horror']",0,"['David Giuntoli', 'Patrick Fabian', 'John DiMaggio']",86,2,FALSE,FALSE,2023,3,FALSE,FALSE,2.1796,0.594,80,0,5.484796933,100,855,0,2384704,52325,794901.3333,17441.66667,FALSE
961323,Nimona,2023-06-23,3.3686,7.864,1286,FALSE,['Netflix'],Troy Quane,"['Animation', 'Family', 'Action', 'Science Fiction', 'Adventure', 'Fantasy', 'Comedy']",0,"['Chloë Grace Moretz', 'Riz Ahmed', 'Eugene Lee Yang']",99,2,FALSE,FALSE,2023,6,TRUE,FALSE,6.698,0.4396,428.6666667,0,7.160069208,100,963,0.19,5549267,94178,1849755.667,31392.66667,TRUE
1208713,Better Days,2023-11-24,3.2797,7,1,FALSE,['Amazon Prime Video'],Joan Carr-Wiggin,"['Drama', 'Comedy']",0,['Sonja Smits'],99,0,FALSE,FALSE,2023,11,FALSE,TRUE,0.734,0.1816,0.3333333333,0,0.6931471806,100,987,0.42,151544,2043,50514.66667,681,FALSE
1156596,Silver Dollar Road,2023-10-13,2.897,7.2,9,TRUE,['Amazon Prime Video'],Raoul Peck,['Documentary'],0,"['Mamie Reels Ellison', 'Kim Renee Duhon', 'Nate Ellison']",101,3,FALSE,FALSE,2023,10,FALSE,FALSE,0.0429,0.2838,3,0,2.302585093,100,236,0,116010,1344,38670,448,FALSE
1181844,Only a Few Fans,2023-04-01,2.7344,0,0,FALSE,['Amazon Prime Video'],Shannon Washington,"['Drama', 'Thriller']",0,"['Khalil Kain', 'Jamal Woolard', 'Crystal The Doll']",78,1,FALSE,FALSE,2023,4,FALSE,FALSE,2.3174,0.0528,0,0,0,0,0,0,5458,26,1819.333333,8.666666667,FALSE
932430,Prom Pact,2023-03-30,3.104,7.211,178,FALSE,['Disney Plus'],Anya Adams,"['Romance', 'Comedy']",0,"['Peyton Elizabeth Lee', 'Milo Manheim', 'Blake Draper']",98,5,FALSE,FALSE,2023,3,FALSE,FALSE,3.7082,0.6371,59.33333333,0,5.187385806,100,897,0,3641303,27896,1213767.667,9298.666667,FALSE
967027,Condition of Return,2023-07-23,3.9298,5.6,8,TRUE,['Amazon Prime Video'],Tommy Stovall,['Thriller'],0,"['Natasha Henstridge', 'Lydia Hearst', 'AnnaLynne McCord']",93,1,FALSE,FALSE,2023,7,TRUE,FALSE,5.3997,0.1951,2.666666667,0,2.197224577,0,0,0,17082,224,5694,74.66666667,FALSE
1145491,Operation Black Ops,2023-07-11,3.2999,5.6,52,FALSE,['Amazon Prime Video'],Jamaal Burden,"['Action', 'Thriller']",0,"['Tito Ortiz', 'Cristiane Justino', 'Kelsey Johnson']",80,2,FALSE,FALSE,2023,7,TRUE,FALSE,0.0811,0.3166,17.33333333,0,3.970291914,0,0,0,81550,140,27183.33333,46.66666667,FALSE
999022,A Screenshot to Santa,2023-12-09,2.7211,0,0,FALSE,['Amazon Prime Video'],Monica Floyd,['Family'],0,"['Essence Atkins', 'Tony Rock', 'Shai Moss']",,1,FALSE,FALSE,2023,12,FALSE,TRUE,1.0624,0.0853,0,0,0,0,0,0,6783,85,2261,28.33333333,FALSE
1153596,Metal Monsters: The Righteous Redeemer,2023-07-30,2.5322,5.7,3,FALSE,['HBO Max'],,['Documentary'],0,['Rick Disharoon'],40,1,FALSE,FALSE,2023,7,TRUE,FALSE,0.0702,0,1,0,1.386294361,0,0,0,30688,161,10229.33333,53.66666667,FALSE
1179269,The Last Fighter,2023-03-30,2.6327,4,1,FALSE,['Amazon Prime Video'],Alessandro Baccini,['Action'],0,"['Alessandro Baccini', 'Shari Fontani', 'Luna Francavilla']",103,0,FALSE,FALSE,2023,3,FALSE,FALSE,0.086,0.086,0.3333333333,0,0.6931471806,0,0,0,19523149,279748,6507716.333,93249.33333,FALSE
1239773,Very Frightening Tales,2023-03-07,3.4547,0,0,FALSE,['Amazon Prime Video'],Dale Fabrigar,['Horror'],0,"['Michael Paré', 'Joe Estevez', 'Madison Ekstrand']",57,0,FALSE,FALSE,2023,3,FALSE,FALSE,2.4424,0.2525,0,0,0,0,0,0,63082,673,21027.33333,224.3333333,FALSE
878361,Big George Foreman,2023-04-28,2.7031,7.6,328,TRUE,['Hulu'],George Tillman Jr.,"['History', 'Drama']",32000000,"['Khris Davis', 'Forest Whitaker', 'Sullivan Jones']",129,2,FALSE,FALSE,2023,4,FALSE,FALSE,3.8659,0.4526,109.3333333,17.28124649,5.796057751,100,987,0.16,15429388,53526,5143129.333,17842,TRUE
848187,Role Play,2024-01-11,2.8664,5.954,601,FALSE,['Amazon Prime Video'],Thomas Vincent,"['Action', 'Comedy', 'Romance']",0,"['Kaley Cuoco', 'David Oyelowo', 'Bill Nighy']",101,4,FALSE,FALSE,2024,1,FALSE,FALSE,7.8124,0.0357,300.5,0,6.400257445,0,0,0,8909073,20667,4454536.5,10333.5,TRUE
1003990,Children of the Pines,2023-12-24,2.4213,5.667,3,FALSE,['Amazon Prime Video'],Joshua Morgan,"['Horror', 'Drama', 'Mystery', 'Thriller']",0,"['Vas Provatakis', 'Danielle J. Bowman', 'Richard Cohn-Lee']",93,3,FALSE,FALSE,2023,12,FALSE,TRUE,0.9881,0.2264,1,0,1.386294361,0,0,0,118064,23101,39354.66667,7700.333333,FALSE
1142785,The Royal Bake Off,2023-10-15,2.6605,6.3,5,FALSE,['Amazon Prime Video'],Damián Romay,"['TV Movie', 'Comedy', 'Romance', 'Family']",0,"['Ansley Gordon', 'Christian Howard', 'Hannah Brantley']",90,2,FALSE,FALSE,2023,10,FALSE,FALSE,0.3754,0.2241,1.666666667,0,1.791759469,0,0,0,8752,0,2917.333333,0,FALSE
866413,You People,2023-01-20,2.868,5.639,744,FALSE,['Netflix'],Kenya Barris,"['Romance', 'Comedy']",0,"['Jonah Hill', 'Lauren London', 'Eddie Murphy']",117,3,FALSE,FALSE,2023,1,FALSE,FALSE,4.4116,2.2986,248,0,6.613384218,100,772,0.1,11623305,102477,3874435,34159,TRUE
1126543,Sharkcano: Hawaii,2023-07-02,2.9529,0,0,FALSE,['Disney Plus'],Kevin Bachar,"['Documentary', 'TV Movie']",0,"['Mike Heithaus', 'Frances Farabaugh', 'Yannis Papastamatiou']",45,2,FALSE,FALSE,2023,7,TRUE,FALSE,0.0362,0.1769,0,0,0,0,0,0,4316,18,1438.666667,6,FALSE
1039094,"You, Me, and that Mountain Retreat",2023-11-18,3.1799,5.2,8,FALSE,['Amazon Prime Video'],Sam Irvin,"['TV Movie', 'Comedy', 'Romance']",0,"['Gladys Bautista', 'Michael Patrick Lane', 'Matt Medrano']",90,3,FALSE,FALSE,2023,11,FALSE,TRUE,1.0994,0.4534,2.666666667,0,2.197224577,0,0,0,25011,145,8337,48.33333333,FALSE
1031778,On Sacred Ground,2023-01-13,3.2916,5.3,9,FALSE,['Amazon Prime Video'],Josh Tickell,['Drama'],0,"['William Mapother', 'Amy Smart', 'David Arquette']",114,0,FALSE,FALSE,2023,1,FALSE,FALSE,3.6759,0.2026,3,0,2.302585093,0,0,0,101325,281,33775,93.66666667,FALSE
1155055,Steal Your Heart,2023-12-06,2.8925,6.6,8,FALSE,['Amazon Prime Video'],Damián Romay,"['TV Movie', 'Comedy', 'Romance']",0,"['Emma Elle Roberts', 'Rob Silverman', 'Andrea Conte']",90,3,FALSE,FALSE,2023,12,FALSE,TRUE,0.3777,0.2241,2.666666667,0,2.197224577,0,0,0,23510,115,7836.666667,38.33333333,FALSE
736790,Chupa,2023-04-07,3.2219,6.3,364,FALSE,['Netflix'],Jonás Cuarón,"['Adventure', 'Fantasy', 'Family']",0,"['Evan Whitten', 'Demián Bichir', 'Christian Slater']",98,2,FALSE,FALSE,2023,4,FALSE,FALSE,3.8344,0.3947,121.3333333,0,5.899897354,0,0,0,5895533,62886,1965177.667,20962,FALSE
1031904,The Harvest,2023-03-24,3.0493,0,1,TRUE,['Amazon Prime Video'],Caylee So,['Drama'],0,"['Doua Moua', 'Perry Yung', 'Greg Yoder']",110,1,FALSE,FALSE,2023,3,FALSE,FALSE,0.1918,0.0713,0.3333333333,0,0.6931471806,0,0,0,680694,2198,226898,732.6666667,FALSE
1067714,Unseen,2023-03-07,3.2258,6.632,72,FALSE,['Amazon Prime Video'],Yoko Okumura,"['Horror', 'Mystery']",0,"['Missi Pyle', 'Jolene Purdy', 'Midori Francis']",76,1,FALSE,FALSE,2023,3,FALSE,FALSE,2.391,0.2762,24,0,4.290459441,0,0,0,766032,6511,255344,2170.333333,FALSE
899579,There's Something Wrong with the Children,2023-01-17,2.2514,5.694,227,FALSE,['Amazon Prime Video'],Roxanne Benjamin,"['Horror', 'Mystery']",0,"['Zach Gilford', 'Alisha Wainwright', 'Amanda Crew']",92,1,FALSE,FALSE,2023,1,FALSE,FALSE,2.2795,0.3234,75.66666667,0,5.429345629,100,763,0,1836245,6628,612081.6667,2209.333333,FALSE
812635,Chevalier,2023-04-21,2.964,6.3,120,TRUE,['Hulu'],Stephen Williams,"['Music', 'Drama', 'History']",35000000,"['Kelvin Harrison', 'Jr.', 'Samara Weaving', 'Lucy Boynton']",104,3,FALSE,FALSE,2023,4,FALSE,FALSE,4.771,0.0352,40,17.37085865,4.795790546,100,767,0.1,3455719,24929,1151906.333,8309.666667,FALSE
982940,Due Justice,2023-11-24,2.6166,6,76,FALSE,['Amazon Prime Video'],Javier Reyna,"['Action', 'Thriller', 'Crime']",0,"['Kellan Lutz', 'Jeff Fahey', 'Efren Ramirez']",98,6,FALSE,FALSE,2023,11,FALSE,TRUE,2.8093,0.1136,25.33333333,0,4.343805422,100,597,0,293045,1231,97681.66667,410.3333333,FALSE
776098,Chang Can Dunk,2023-03-10,3.0215,6.753,79,FALSE,['Disney Plus'],Jingyi Shao,"['Family', 'Comedy', 'Drama']",0,"['Bloom Li', 'Ben Wang', 'Zoë Renee']",108,4,TRUE,FALSE,2023,3,FALSE,FALSE,1.0962,0.1217,26.33333333,0,4.382026635,0,0,0,7848,58,2616,19.33333333,FALSE
977000,Moon Garden,2023-05-19,2.0244,6.3,31,FALSE,['Amazon Prime Video'],Ryan Stevens Harris,"['Fantasy', 'Horror', 'Drama']",0,"['Augie Duke', 'Brionne Davis', 'Haven Lee Harris']",96,2,FALSE,FALSE,2023,5,TRUE,FALSE,0.8812,0.0673,10.33333333,0,3.465735903,0,0,0,35292,652,11764,217.3333333,FALSE
1114743,The Curse of the Clown Motel,2023-12-07,2.8083,4.105,19,FALSE,['Amazon Prime Video'],Asif Akbar,"['Horror', 'Action']",3000000,"['Tobin Bell', 'Randy Couture', 'Romeo']",84,1,FALSE,FALSE,2023,12,FALSE,TRUE,2.15,1.1832,6.333333333,14.91412318,2.995732274,0,0,0,7771,37,2590.333333,12.33333333,FALSE
1058623,The Stroll,2023-01-23,3.3866,6.4,20,FALSE,['HBO Max'],Zackary Drucker,['Documentary'],0,"['Kristen Parker Lovell', 'Ceyenne Doroshow', 'Egyptt LaBeija']",86,3,FALSE,FALSE,2023,1,FALSE,FALSE,0.0684,0.1658,6.666666667,0,3.044522438,0,0,0,152253,2674,50751,891.3333333,FALSE
1046032,The Bad Guys: A Very Bad Holiday,2023-11-30,3.7788,6.545,154,FALSE,['Netflix'],Bret Haaland,"['Animation', 'Comedy', 'Family', 'Action']",0,"['Michael Godere', 'Ezekiel Ajeigbe', 'Raul Ceballos']",26,1,FALSE,FALSE,2023,11,FALSE,TRUE,0.4655,0.4739,51.33333333,0,5.043425117,100,175,0,514755,3410,171585,1136.666667,FALSE
866463,Reptile,2023-09-29,2.5436,6.67,1128,FALSE,['Netflix'],Grant Singer,"['Crime', 'Mystery', 'Thriller', 'Drama']",0,"['Benicio del Toro', 'Justin Timberlake', 'Alicia Silverstone']",136,1,FALSE,FALSE,2023,9,FALSE,FALSE,4.2578,0.2628,376,0,7.029087564,100,788,0.05,5260742,32625,1753580.667,10875,TRUE
923993,Your Lucky Day,2023-11-10,3.0395,5.924,86,FALSE,['Netflix'],Dan Brown,"['Thriller', 'Crime']",0,"['Angus Cloud', 'Elliot Knight', 'Jessica Garza']",89,1,FALSE,FALSE,2023,11,FALSE,TRUE,1.2176,0,28.66666667,0,4.465908119,100,744,0,439214,1210,146404.6667,403.3333333,FALSE
1146302,Sly,2023-11-03,2.1905,7.224,208,FALSE,['Netflix'],Thom Zimny,['Documentary'],0,"['Sylvester Stallone', 'Arnold Schwarzenegger', 'Frank Stallone Jr.']",97,3,FALSE,FALSE,2023,11,FALSE,TRUE,9.098,0.6623,69.33333333,0,5.342334252,100,796,0,1421258,26751,473752.6667,8917,FALSE
1081334,Heart of a Champion,2023-02-17,2.6694,5,12,FALSE,['Amazon Prime Video'],Brad Keller,"['Family', 'Drama']",0,"['Casper Van Dien', 'Edward Furlong', 'YaYa Gosselin']",86,0,FALSE,FALSE,2023,2,FALSE,FALSE,3.0567,0.1582,4,0,2.564949357,100,100,0,6326,37,2108.666667,12.33333333,FALSE
1139087,Once Upon a Studio,2023-09-24,2.8424,8.286,409,FALSE,['Disney Plus'],Dan Abraham,"['Animation', 'Family', 'Fantasy', 'Comedy']",0,"['Chris Diamantopoulos', 'Kaitlyn Robrock', 'Tony Anselmo']",9,2,TRUE,FALSE,2023,9,FALSE,FALSE,1.3781,0.0214,136.3333333,0,6.01615716,100,515,0.47,5341064,68786,1780354.667,22928.66667,TRUE
1058664,Invisible Beauty,2023-09-15,3.2523,8.667,3,TRUE,['Hulu'],Bethann Hardison,['Documentary'],0,"['Bethann Hardison', 'Tyson Beckford', 'Naomi Campbell']",115,5,FALSE,FALSE,2023,9,FALSE,FALSE,0.9074,0.1721,1,0,1.386294361,0,0,0,56640,856,18880,285.3333333,FALSE
829051,About My Father,2023-05-26,2.1476,6.064,382,TRUE,['Netflix'],Laura Terruso,['Comedy'],29100000,"['Sebastian Maniscalco', 'Robert De Niro', 'Leslie Bibb']",90,3,FALSE,FALSE,2023,5,TRUE,FALSE,7.7857,0.415,127.3333333,17.18624877,5.948034989,0,0,0,22658129,12325,7552709.667,4108.333333,FALSE
999644,You Are So Not Invited to My Bat Mitzvah,2023-08-18,2.5986,6.4,477,FALSE,['Netflix'],Sammi Cohen,['Comedy'],0,"['Sunny Sandler', 'Samantha Lorraine', 'Dylan Hoffman']",103,2,FALSE,FALSE,2023,8,TRUE,FALSE,2.2441,0.5677,159,0,6.169610732,100,938,0.11,3161457,23276,1053819,7758.666667,FALSE
1089827,Last Summer of Nathan Lee,2023-05-12,2.2327,2,1,FALSE,['Amazon Prime Video'],Quentin Lee,"['Drama', 'Comedy', 'Romance']",0,"['Harrison Xu', 'Matthew Mitchell Espinosa', 'Natasha Tina Liu']",92,0,FALSE,FALSE,2023,5,TRUE,FALSE,0.4819,1.1396,0.3333333333,0,0.6931471806,0,0,0,841375,30,280458.3333,10,FALSE
876969,Assassin Club,2023-05-16,2.6654,5.917,186,FALSE,['Amazon Prime Video'],Camille Delamarre,"['Action', 'Adventure', 'Thriller']",0,"['Henry Golding', 'Noomi Rapace', 'Daniela Melchior']",113,2,FALSE,FALSE,2023,5,TRUE,FALSE,3.6945,0.5137,62,0,5.231108617,0,0,0,494736,2006,164912,668.6666667,FALSE
1180266,Meet Me Under the Mistletoe,2023-12-09,2.2349,5.5,15,FALSE,"['Amazon Prime Video', 'Hulu']",Robin Dunne,"['TV Movie', 'Comedy', 'Romance']",0,"['Sarah Fisher', 'Simon Arblaster', 'Paul Essiembre']",84,2,FALSE,FALSE,2023,12,FALSE,TRUE,1.1431,0.9207,5,0,2.772588722,100,408,0,1245,6,415,2,FALSE
1014629,The Fearway,2023-02-07,2.9975,4.561,33,FALSE,['Amazon Prime Video'],Robert Gajic,"['Horror', 'Mystery']",0,"['Shannon Dalonzo', 'Eileen Dietz', 'Simon Phillips']",81,6,FALSE,FALSE,2023,2,FALSE,FALSE,0.8862,0.1311,11,0,3.526360525,0,0,0,141298,683,47099.33333,227.6666667,FALSE
555235,Sid Is Dead,2023-04-28,2.9306,6.1,31,FALSE,['Amazon Prime Video'],Eli Gonda,['Comedy'],0,"['Joey Bragg', 'Genevieve Hannelius', 'Tyler Alvarez']",90,2,FALSE,FALSE,2023,4,FALSE,FALSE,1.3104,0.1811,10.33333333,0,3.465735903,100,175,0,65638,274,21879.33333,91.33333333,FALSE
722149,Luther: The Fallen Sun,2023-02-24,2.8133,6.642,1033,FALSE,['Netflix'],Jamie Payne,"['Crime', 'Mystery', 'Thriller']",0,"['Idris Elba', 'Cynthia Erivo', 'Andy Serkis']",129,2,FALSE,TRUE,2023,2,FALSE,FALSE,6.1716,1.0437,344.3333333,0,6.941190055,100,681,0.15,11240670,34089,3746890,11363,TRUE
567610,American Outlaws,2023-09-15,2.915,4.3,13,FALSE,['Amazon Prime Video'],Sean McEwen,"['Crime', 'Drama', 'Action']",0,"['India Eisley', 'Emory Cohen', 'Sam Strike']",99,3,FALSE,FALSE,2023,9,FALSE,FALSE,2.9691,0.0379,4.333333333,0,2.63905733,100,438,0,388712,1013,129570.6667,337.6666667,FALSE
1162834,The Last Nosferatu,2023-02-21,3.3343,4,1,TRUE,['Amazon Prime Video'],Alan Delabie,['Horror'],0,"['Affif Ben Badra', 'Alan Delabie', 'Bertrand Leplae']",79,1,FALSE,FALSE,2023,2,FALSE,FALSE,0.9064,0.2354,0.3333333333,0,0.6931471806,100,100,0,22216649,144908,7405549.667,48302.66667,FALSE
1118699,Bullets for the Bad,2023-05-23,2.4937,0,0,FALSE,['Amazon Prime Video'],Chip Baker,"['Western', 'Action']",0,"['Crispian Belfrage', 'Lenore Andriel', 'Aaron Stielstra']",86,0,FALSE,FALSE,2023,5,TRUE,FALSE,0.3197,0.0256,0,0,0,0,0,0,37722433,189114,12574144.33,63038,FALSE
1022712,Gunfight at Cold Cross,2023-04-23,2.3138,6,2,FALSE,['Amazon Prime Video'],Dylan Query,['Western'],0,"['Jacob Stieneker', 'Dane Bowling', 'Michaela Semak']",110,0,FALSE,FALSE,2023,4,FALSE,FALSE,0.0794,0.0143,0.6666666667,0,1.098612289,0,0,0,12803,23,4267.666667,7.666666667,FALSE
1106063,Monumental: Ellie Goulding at Kew Gardens,2023-03-31,2.9856,7.7,3,TRUE,['Amazon Prime Video'],Liz Clare,"['Music', 'Documentary']",0,"['Ellie Goulding', 'Roman Kemp', 'Carly Cowell']",60,3,FALSE,FALSE,2023,3,FALSE,FALSE,1.6956,0.2801,1,0,1.386294361,0,0,0,454582,11499,151527.3333,3833,FALSE
878375,On a Wing and a Prayer,2023-04-06,2.2749,5.889,122,FALSE,['Amazon Prime Video'],Sean McNamara,['Drama'],18000000,"['Dennis Quaid', 'Heather Graham', 'Jesse Metcalfe']",102,3,FALSE,FALSE,2023,4,FALSE,FALSE,3.9941,0.7495,40.66666667,16.70588237,4.812184355,0,0,0,1379934,5829,459978,1943,FALSE
1053718,Little Richard: I Am Everything,2023-04-11,2.852,6.462,26,FALSE,['HBO Max'],Lisa Cortés,"['Documentary', 'Music']",0,"['Little Richard', 'John Waters', 'Mick Jagger']",98,4,FALSE,FALSE,2023,4,FALSE,FALSE,2.0207,0.2119,8.666666667,0,3.295836866,0,0,0,209575,5216,69858.33333,1738.666667,FALSE
1142740,Murder City,2023-06-29,3.2812,5.75,12,FALSE,['Amazon Prime Video'],Michael D. Olmos,"['Crime', 'Thriller', 'Action', 'TV Movie']",0,"['Mike Colter', 'Stephanie Sigman', 'Antonio Fargas']",85,0,FALSE,FALSE,2023,6,TRUE,FALSE,1.5697,0.335,4,0,2.564949357,0,0,0,162505,282,54168.33333,94,FALSE
1215439,Dave Chappelle: The Dreamer,2023-12-31,3.4916,6.909,110,FALSE,['Netflix'],Stan Lathan,['Comedy'],0,['Dave Chappelle'],57,1,FALSE,FALSE,2023,12,FALSE,TRUE,1.4868,0.9641,36.66666667,0,4.709530201,100,151,0,665212,7012,221737.3333,2337.333333,FALSE
1065890,Chris Rock: Selective Outrage,2023-03-04,3.246,6.122,147,FALSE,['Netflix'],Joel Gallen,['Comedy'],0,['Chris Rock'],69,1,FALSE,FALSE,2023,3,FALSE,FALSE,2.3878,0.4423,49,0,4.997212274,100,179,0,22755,0,7585,0,FALSE
1123093,Diary of a Wimpy Kid Christmas: Cabin Fever,2023-12-08,2.9918,6.6,85,FALSE,['Disney Plus'],Luke Cormican,"['Animation', 'Comedy', 'Family']",0,"['Wesley Kimmel', 'Erica Cerra', 'Christian Convery']",64,2,TRUE,TRUE,2023,12,FALSE,TRUE,5.1272,0.286,28.33333333,0,4.454347296,100,394,0,148175,1349,49391.66667,449.6666667,FALSE
828899,Metalocalypse: Army of the Doomstar,2023-08-22,2.042,6.602,64,FALSE,['HBO Max'],Brendon Small,"['Animation', 'Comedy', 'Music']",0,"['Brendon Small', 'Tommy Blacha', 'Victor Brandt']",83,4,FALSE,TRUE,2023,8,TRUE,FALSE,0.5117,0.4891,21.33333333,0,4.17438727,100,163,0,751368,30769,250456,10256.33333,FALSE
1257673,Vivienne Westwood: God Save The Queen,2023-02-01,1.8003,0,0,FALSE,['Amazon Prime Video'],Hanna Summer,['N/A'],0,['Lucy Ernest'],44,0,FALSE,FALSE,2023,2,FALSE,FALSE,0.0143,0.2052,0,0,0,0,0,0,336,1,112,0.3333333333,FALSE
1297115,Total Dramarama A Very Special Special That's Quite Special,2023-04-22,2.1154,8,1,FALSE,['HBO Max'],Keith Oliver,['Fantasy'],0,"['Deven Mack', 'Drew Nelson', 'Cory Doran']",45,0,FALSE,FALSE,2023,4,FALSE,FALSE,0.959,0.0845,0.3333333333,0,0.6931471806,0,0,0,6930,70,2310,23.33333333,FALSE
1034062,Mortal Kombat Legends: Cage Match,2023-10-17,3.4123,6.794,136,FALSE,['HBO Max'],Ethan Spaulding,"['Animation', 'Action', 'Fantasy']",0,"['Joel McHale', 'Jennifer Grey', 'Dusan Brown']",80,1,FALSE,TRUE,2023,10,FALSE,FALSE,4.783,0.4059,45.33333333,0,4.919980926,0,0,0,1638319,49288,546106.3333,16429.33333,FALSE
921636,The Out-Laws,2023-07-07,2.7215,6,765,FALSE,['Netflix'],Tyler Spindel,"['Romance', 'Action', 'Comedy']",0,"['Adam Devine', 'Nina Dobrev', 'Pierce Brosnan']",95,1,FALSE,FALSE,2023,7,TRUE,FALSE,5.1098,0.2188,255,0,6.64118217,0,0,0,5349829,48827,1783276.333,16275.66667,TRUE
555285,"Are You There God? It's Me, Margaret.",2023-04-28,2.452,7.2,470,TRUE,['Netflix'],Kelly Fremon Craig,"['Comedy', 'Drama']",30000000,"['Abby Ryder Fortson', 'Rachel McAdams', 'Kathy Bates']",106,2,FALSE,FALSE,2023,4,FALSE,FALSE,5.1316,0.2699,156.6666667,17.21670797,6.154858094,0,0,0,23324523,24002,7774841,8000.666667,FALSE
1220347,Queen of Knives,2023-09-16,2.6257,0,0,FALSE,['Amazon Prime Video'],Jon Delgado,"['Comedy', 'Drama']",0,"['Gene Pope', 'Mel Harris', 'Roxi Pope']",103,2,FALSE,TRUE,2023,9,FALSE,FALSE,0.6261,0.2786,0,0,0,0,0,0,4578,111,1526,37,FALSE
664341,Eileen,2023-12-01,2.8561,5.87,349,TRUE,['Hulu'],William Oldroyd,"['Thriller', 'Crime']",16000000,"['Thomasin McKenzie', 'Anne Hathaway', 'Shea Whigham']",98,4,FALSE,FALSE,2023,12,FALSE,TRUE,11.6934,0.8868,116.3333333,16.58809934,5.857933154,100,1063,0.12,481845,5044,160615,1681.333333,FALSE
900049,Dotty and Soul,2023-05-19,3.108,3.7,6,FALSE,['Amazon Prime Video'],Adam Saunders,['Comedy'],0,"['Leslie Uggams', 'Adam Saunders', 'David Koechner']",88,1,FALSE,FALSE,2023,5,TRUE,FALSE,1.7016,0.2893,2,0,1.945910149,0,0,0,3225,19,1075,6.333333333,FALSE
1127942,A Christmas Frequency,2023-11-02,2.7272,3.9,9,FALSE,['Hulu'],Lindsay Hartley,"['TV Movie', 'Comedy', 'Romance']",0,"['Denise Richards', 'Jonathan Stoddard', 'Ansley Gordon']",90,2,FALSE,FALSE,2023,11,FALSE,TRUE,3.0481,0.8815,3,0,2.302585093,0,0,0,21152,77,7050.666667,25.66666667,FALSE
1007427,Night Train,2023-01-13,2.8875,6,44,FALSE,"['Amazon Prime Video', 'Hulu']",Shane Stanley,"['Action', 'Thriller', 'Crime']",0,"['Danielle C. Ryan', 'Diora Baird', 'Joe Lando']",96,0,FALSE,FALSE,2023,1,FALSE,FALSE,2.3592,0.537,14.66666667,0,3.80666249,100,730,0.16,13816,38,4605.333333,12.66666667,FALSE
523607,Maestro,2023-11-22,3.1738,6.284,797,FALSE,['Netflix'],Bradley Cooper,"['Drama', 'Romance', 'Music']",80000000,"['Carey Mulligan', 'Bradley Cooper', 'Matt Bomer']",129,4,FALSE,FALSE,2023,11,FALSE,TRUE,3.5649,3.5649,265.6666667,18.19753721,6.682108597,0,0,0,14275437,31060,4758479,10353.33333,TRUE
1142651,A Harvest Homecoming,2023-09-30,2.6977,7.067,15,FALSE,['Amazon Prime Video'],Don McCutcheon,"['TV Movie', 'Comedy', 'Romance']",0,"['Trevor Donovan', 'Jessica Lowndes', 'Luxton Handspiker']",84,3,FALSE,FALSE,2023,9,FALSE,FALSE,2.0975,0.1168,5,0,2.772588722,100,174,0,25755,152,8585,50.66666667,FALSE
1149402,Samuel L. Jackson: Did I Stutter?,2023-07-08,2.1306,9,2,FALSE,['Amazon Prime Video'],Ben Sempey,['Documentary'],0,"['Diriki Mack', 'Samuel L. Jackson', 'LaTanya Richardson Jackson']",52,1,FALSE,FALSE,2023,7,TRUE,FALSE,9.6726,0.0729,0.6666666667,0,1.098612289,0,0,0,728,9,242.6666667,3,FALSE
1052752,Repeater,2023-04-04,2.6124,4.3,7,FALSE,['Amazon Prime Video'],R. Ellis Frazier,"['Action', 'Thriller']",0,"['Paul Sidhu', 'Kristanna Loken', 'Nick Moran']",106,0,FALSE,FALSE,2023,4,FALSE,FALSE,2.5663,0.3058,2.333333333,0,2.079441542,0,0,0,113165,493,37721.66667,164.3333333,FALSE
1180264,12 Games of Christmas,2023-12-17,3.2745,5.6,5,FALSE,['Amazon Prime Video'],Anthony C. Ferrante,"['TV Movie', 'Comedy', 'Romance']",0,"['Johnny Ramey', 'Felisha Cooper', 'Exzinia Scott']",84,1,FALSE,FALSE,2023,12,FALSE,TRUE,0.6272,0.2766,1.666666667,0,1.791759469,100,100,0,12468,333,4156,111,FALSE
982932,Shrapnel,2023-07-28,2.917,5.636,70,FALSE,['Amazon Prime Video'],William Kaufman,"['Action', 'Thriller', 'Drama']",0,"['Jason Patric', 'Cam Gigandet', 'Kesia Elwin']",89,1,FALSE,FALSE,2023,7,TRUE,FALSE,2.5093,1.3541,23.33333333,0,4.262679877,100,662,0.27,646387,3081,215462.3333,1027,FALSE
1160774,Baby Steps,2023-05-01,3.1435,3,2,FALSE,['Amazon Prime Video'],Stewart Wade,"['Drama', 'Comedy']",0,"['Patrick Zeller', 'Matt Pascua', 'Alec Mapa']",92,1,FALSE,FALSE,2023,5,TRUE,FALSE,0.681,0.6056,0.6666666667,0,1.098612289,100,100,0,2149761,61491,716587,20497,FALSE
829038,Night Shift,2023-03-03,3.3409,6.2,110,FALSE,['Hulu'],Benjamin China,"['Horror', 'Thriller']",0,"['Phoebe Tonkin', 'Lamorne Morris', 'Madison Hu']",83,4,FALSE,FALSE,2023,3,FALSE,FALSE,2.2264,0.2755,36.66666667,0,4.709530201,100,859,0,814670,7680,271556.6667,2560,FALSE
928833,Craig Before the Creek,2023-12-11,2.2915,7.8,68,FALSE,"['Hulu', 'HBO Max']",Matt Burnett,"['Animation', 'Family', 'TV Movie', 'Adventure', 'Comedy', 'Fantasy']",0,"['Philip Solomon', 'Noël Wells', 'H. Michael Croner']",88,1,FALSE,FALSE,2023,12,FALSE,TRUE,0.6808,0.4332,22.66666667,0,4.234106505,100,100,0,1626572,16824,542190.6667,5608,FALSE
1076364,Carl's Date,2023-06-16,2.8335,7.462,432,TRUE,['Disney Plus'],Bob Peterson,"['Animation', 'Adventure', 'Family', 'Comedy']",0,"['Ed Asner', 'Bob Peterson']",9,1,FALSE,FALSE,2023,6,TRUE,FALSE,2.36,1.0485,144,0,6.070737728,100,854,0,2979152,56087,993050.6667,18695.66667,FALSE
613803,Centurion: The Dancing Stallion,2023-04-25,2.0146,4.7,6,FALSE,['Amazon Prime Video'],Dana Gonzales,['Drama'],0,"['Amber Midthunder', 'Aramis Knight', 'Patricia De Leon']",98,1,FALSE,FALSE,2023,4,FALSE,FALSE,2.612,0.2886,2,0,1.945910149,0,0,0,96679,459,32226.33333,153,FALSE
983223,Our Son,2023-10-14,3.2358,5.8,15,FALSE,['Amazon Prime Video'],Bill Oliver,['Drama'],0,"['Luke Evans', 'Billy Porter', 'Christopher Woodley']",104,2,FALSE,FALSE,2023,10,FALSE,FALSE,2.9299,0.0214,5,0,2.772588722,0,0,0,123013,810,41004.33333,270,FALSE
1150019,Christmas on the Alpaca Farm,2023-12-15,3.2316,5.4,15,FALSE,['Netflix'],Michael Kennedy,"['TV Movie', 'Comedy', 'Romance']",0,"['Matt Wells', 'Kirsten Comerford', 'Ai Barrett']",85,4,FALSE,FALSE,2023,12,FALSE,TRUE,3.0441,0.2357,5,0,2.772588722,0,0,0,15279,156,5093,52,FALSE
843942,Manodrome,2023-11-10,3.4272,4.888,76,FALSE,"['Netflix', 'Amazon Prime Video']",John Trengove,"['Mystery', 'Thriller', 'Drama']",0,"['Jesse Eisenberg', 'Adrien Brody', 'Odessa Young']",96,4,FALSE,FALSE,2023,11,FALSE,TRUE,5.414,0.2534,25.33333333,0,4.343805422,100,546,0,1258534,7499,419511.3333,2499.666667,FALSE
1131967,American Meltdown,2023-06-29,2.7912,5.6,5,FALSE,['Amazon Prime Video'],Andrew Adams,['Drama'],0,"['Jacki Von Preysing', 'Shaun Boylan', 'Nicolette Sweeney']",82,1,FALSE,FALSE,2023,6,TRUE,FALSE,0.1076,0.0214,1.666666667,0,1.791759469,0,0,0,27582,271,9194,90.33333333,FALSE
1179085,The PA and the Manhattan Prince,2023-11-26,2.0729,6.3,13,FALSE,['Amazon Prime Video'],Brittany Goodwin,"['TV Movie', 'Comedy', 'Romance', 'Family']",0,"['Amanda Nicholas', 'Scot Cooper', 'Paul Shearman']",90,2,FALSE,FALSE,2023,11,FALSE,TRUE,1.5028,0.0071,4.333333333,0,2.63905733,0,0,0,6736,16,2245.333333,5.333333333,FALSE
1075334,The Girl Who Escaped: The Kara Robinson Story,2023-02-11,2.1219,7.1,113,FALSE,['Hulu'],Simone Stock,"['Thriller', 'Drama', 'Crime', 'TV Movie']",0,"['Katie Douglas', 'Cara Buono', 'Kristian Bruun']",88,1,FALSE,FALSE,2023,2,FALSE,FALSE,7.0318,0.1496,37.66666667,0,4.736198448,100,501,0,705213,2131,235071,710.3333333,FALSE
881164,Boston Strangler,2023-03-17,2.6477,6.653,796,FALSE,['Hulu'],Matt Ruskin,"['Crime', 'Mystery', 'Thriller']",0,"['Keira Knightley', 'Carrie Coon', 'Chris Cooper']",113,4,TRUE,FALSE,2023,3,FALSE,FALSE,7.4087,0,265.3333333,0,6.680854679,100,660,0.06,5190209,9588,1730069.667,3196,TRUE
964994,Allswell in New York,2023-11-03,2.7455,3,2,TRUE,['Amazon Prime Video'],Ben Snyder,"['Drama', 'Comedy']",0,"['Elizabeth Rodriguez', 'Liza Colón-Zayas', 'Daphne Rubin-Vega']",88,4,FALSE,FALSE,2023,11,FALSE,TRUE,1.4283,0.5844,0.6666666667,0,1.098612289,0,0,0,10493,111,3497.666667,37,FALSE
994108,All of Us Strangers,2023-12-22,3.0025,7.414,943,FALSE,['Hulu'],Andrew Haigh,"['Romance', 'Drama', 'Fantasy']",5000000,"['Andrew Scott', 'Paul Mescal', 'Carter John Grout']",105,4,FALSE,FALSE,2023,12,FALSE,TRUE,4.0585,0.0574,314.3333333,15.42494867,6.850126166,100,2033,0.91,3888994,41961,1296331.333,13987,TRUE
1097150,Deliver Us,2023-09-29,3.231,5.571,91,TRUE,['Hulu'],Lee Roy Kunz,['Horror'],0,"['Lee Roy Kunz', 'Maria Vera Ratti', 'Alexander Siddig']",102,3,FALSE,FALSE,2023,9,FALSE,FALSE,2.009,0.5365,30.33333333,0,4.521788577,0,0,0,940593,3790,313531,1263.333333,FALSE
1003507,Luckless in Love,2023-02-12,2.7136,6.5,26,FALSE,['Amazon Prime Video'],John Bradshaw,"['TV Movie', 'Comedy', 'Romance']",0,"['Paniz Zade', 'Brett Donahue', 'Steffi DiDomenicantonio']",90,3,FALSE,FALSE,2023,2,FALSE,FALSE,2.2857,0,8.666666667,0,3.295836866,0,0,0,47397,336,15799,112,FALSE
1107041,My Name Is Mo'Nique,2023-04-04,2.4672,4.2,6,FALSE,['Netflix'],L. Frazier,['Comedy'],0,"[""Mo'Nique""]",60,0,FALSE,FALSE,2023,4,FALSE,FALSE,2.4007,0.1251,2,0,1.945910149,0,0,0,264329,3455,88109.66667,1151.666667,FALSE
1100169,Jinkx Monsoon: Red Head Redemption,2023-05-16,2.0836,5.444,9,FALSE,['Amazon Prime Video'],Brian Volk-Weiss,['Comedy'],0,"['Jinkx Monsoon', 'Marshall Cuffe']",72,2,FALSE,FALSE,2023,5,TRUE,FALSE,0.775,0.3144,3,0,2.302585093,0,0,0,15914,1441,5304.666667,480.3333333,FALSE
1172676,Poison,2023-09-30,3.0002,6.867,521,FALSE,['Netflix'],Wes Anderson,"['Comedy', 'Thriller']",0,"['Benedict Cumberbatch', 'Dev Patel', 'Ben Kingsley']",17,2,FALSE,FALSE,2023,9,FALSE,FALSE,5.2683,2.3958,173.6666667,0,6.257667588,0,0,0,55790,457,18596.66667,152.3333333,FALSE
1127936,Paris Christmas Waltz,2023-11-19,3.0933,6.489,46,FALSE,['Netflix'],Michael Damian,"['Romance', 'Comedy', 'TV Movie']",0,"['Jen Lilley', 'Matthew Morrison', 'Paul Freeman']",84,2,FALSE,FALSE,2023,11,FALSE,TRUE,1.9854,0.0143,15.33333333,0,3.850147602,0,0,0,88821,325,29607,108.3333333,FALSE
958006,The Kill Room,2023-09-28,2.5508,5.958,275,TRUE,['Amazon Prime Video'],Nicol Paone,"['Comedy', 'Crime']",50000000,"['Uma Thurman', 'Joe Manganiello', 'Samuel L. Jackson']",98,12,FALSE,FALSE,2023,9,FALSE,FALSE,9.6726,0,91.66666667,17.72753358,5.620400866,0,0,0,146681,564,48893.66667,188,FALSE
1111140,Two Sinners and a Mule,2023-04-21,1.9433,6.382,34,FALSE,['Amazon Prime Video'],Raliegh Wilson,"['Western', 'Action']",0,"['Cam Gigandet', 'Chantelle Albers', 'Hannah James']",97,0,FALSE,FALSE,2023,4,FALSE,FALSE,2.5093,0.1595,11.33333333,0,3.555348061,100,264,0,224414,416,74804.66667,138.6666667,FALSE
869112,Somebody I Used to Know,2023-02-01,2.3067,5.8,187,FALSE,['Amazon Prime Video'],Dave Franco,"['Romance', 'Comedy', 'Drama']",0,"['Alison Brie', 'Jay Ellis', 'Kiersey Clemons']",106,4,FALSE,FALSE,2023,2,FALSE,FALSE,3.5603,4.5984,62.33333333,0,5.236441963,100,907,0.17,10471105,16433,3490368.333,5477.666667,TRUE
934606,The Unknown Country,2023-07-28,2.9839,6.3,22,FALSE,"['Amazon Prime Video', 'Hulu']",Morrisa Maltz,['Drama'],0,"['Lily Gladstone', 'Raymond Lee', 'Richard Ray Whitman']",85,1,FALSE,TRUE,2023,7,TRUE,FALSE,1.0103,0.2226,7.333333333,0,3.135494216,0,0,0,87187,559,29062.33333,186.3333333,FALSE
1133232,The Dirty South,2023-11-10,2.6501,6.033,30,FALSE,['Amazon Prime Video'],Matthew Yerby,"['Action', 'Crime', 'Drama']",0,"['Willa Holland', 'Dermot Mulroney', 'Shane West']",107,7,FALSE,FALSE,2023,11,FALSE,TRUE,4.5568,0.0673,10,0,3.433987204,100,246,0,272879,484,90959.66667,161.3333333,FALSE
866346,The Retirement Plan,2023-09-15,1.884,6,303,TRUE,['Hulu'],Tim Brown,"['Action', 'Comedy', 'Crime']",0,"['Nicolas Cage', 'Ashley Greene', 'Thalia Campbell']",103,4,FALSE,FALSE,2023,9,FALSE,FALSE,7.0942,0.118,101,0,5.717027701,100,1178,0.11,2799915,33262,933305,11087.33333,FALSE
1139144,Matteo Lane: Hair Plugs & Heartache,2023-06-11,2.7145,8.2,6,FALSE,['Amazon Prime Video'],,['Comedy'],0,['Matteo Lane'],48,1,FALSE,FALSE,2023,6,TRUE,FALSE,0.8388,0,2,0,1.945910149,0,0,0,4176399,146598,1392133,48866,FALSE
843846,Butcher's Crossing,2023-10-20,2.7163,5.889,193,FALSE,['Hulu'],Gabe Polsky,"['Western', 'Drama']",0,"['Nicolas Cage', 'Fred Hechinger', 'Jeremy Bobb']",105,6,FALSE,FALSE,2023,10,FALSE,FALSE,7.0942,0.5812,64.33333333,0,5.267858159,100,1240,0.31,1502242,6507,500747.3333,2169,FALSE
813726,A Tourist's Guide to Love,2023-04-21,2.4555,6.3,182,FALSE,['Netflix'],Steven K. Tsuchida,"['Romance', 'Comedy']",0,"['Rachael Leigh Cook', 'Scott Ly', 'Missi Pyle']",96,5,FALSE,FALSE,2023,4,FALSE,FALSE,2.391,0.1792,60.66666667,0,5.209486153,100,100,0,1012250,9468,337416.6667,3156,FALSE
1172291,Full Circle,2023-10-20,2.5073,6.4,5,FALSE,['Netflix'],Josh Berman,['Documentary'],0,"['Trevor Kennison', 'Barry Corbet', 'Travis Rice']",103,3,FALSE,FALSE,2023,10,FALSE,FALSE,0.9149,0,1.666666667,0,1.791759469,0,0,0,1575280,3045,525093.3333,1015,FALSE
1034402,The Love Issue,2023-02-08,1.7961,6.4,14,FALSE,['Amazon Prime Video'],Graeme Campbell,"['TV Movie', 'Comedy', 'Drama', 'Romance']",0,"['Alicia Dea Josipovic', 'Luke Humphrey', 'Sima Sepehri']",90,3,FALSE,FALSE,2023,2,FALSE,FALSE,0.4755,0.3294,4.666666667,0,2.708050201,0,0,0,161344,1339,53781.33333,446.3333333,FALSE
1171816,American Symphony,2023-11-24,3.3705,6.7,60,FALSE,['Netflix'],Matthew Heineman,"['Documentary', 'Music']",0,"['Jon Batiste', 'Suleika Jaouad', 'Lindsey Byrnes']",104,3,FALSE,FALSE,2023,11,FALSE,TRUE,0.5639,0.1385,20,0,4.110873864,0,0,0,2704038,12276,901346,4092,FALSE
1093357,Gift of Fear,2023-03-24,2.0717,0,1,FALSE,['Amazon Prime Video'],Katy Dore,"['Action', 'Thriller', 'Crime']",0,"['Justin Johnson Cortez', 'Laura Vallejo', 'Michael Horse']",105,0,FALSE,FALSE,2023,3,FALSE,FALSE,0.7298,0.0214,0.3333333333,0,0.6931471806,0,0,0,169,2,56.33333333,0.6666666667,FALSE
621587,Next Goal Wins,2023-11-17,2.1606,6.409,543,TRUE,['Hulu'],Taika Waititi,"['Comedy', 'Drama']",14000000,"['Michael Fassbender', 'Oscar Kightley', 'Kaimana']",104,6,FALSE,FALSE,2023,11,FALSE,TRUE,3.5558,4.6784,181,16.45456796,6.298949247,100,1014,0.09,5248238,18655,1749412.667,6218.333333,TRUE
917594,Camp Hideout,2023-09-15,2.7505,5.235,17,TRUE,['Hulu'],Sean Olson,"['Family', 'Comedy']",3500000,"['Corbin Bleu', 'Ethan Drew', 'Amanda Leighton']",100,2,FALSE,FALSE,2023,9,FALSE,FALSE,1.3121,0.171,5.666666667,15.06827381,2.890371758,100,578,0,374472,1383,124824,461,FALSE
1123493,Abducted on Prom Night,2023-05-06,3.1161,7.8,4,FALSE,['Netflix'],Max McGuire,['Drama'],0,"['Zoë Belkin', 'Karen Cliche', 'Micah Sanders Silva']",87,3,FALSE,FALSE,2023,5,TRUE,FALSE,1.432,0.8138,1.333333333,0,1.609437912,100,100,0,20222,24,6740.666667,8,FALSE
1253940,Hometown Remedy,2023-10-14,2.7616,6.5,6,FALSE,['Amazon Prime Video'],Brittany Goodwin,['Romance'],0,"['Galadriel Stineman', 'Brittany Goodwin', 'Peggy Schott']",86,1,FALSE,FALSE,2023,10,FALSE,FALSE,1.6506,0.0071,2,0,1.945910149,100,100,0,1847,8,615.6666667,2.666666667,FALSE
1185439,Ouija Witch,2023-07-04,3.1644,2.9,7,FALSE,['Amazon Prime Video'],Robert Michael Ryan,['Horror'],0,"['Sean Young', 'Miley Rose', 'Jeremy Dean']",88,5,FALSE,FALSE,2023,7,TRUE,FALSE,3.2528,0.5872,2.333333333,0,2.079441542,0,0,0,80650,201,26883.33333,67,FALSE
1140692,The Channel,2023-07-14,2.4819,6.317,60,FALSE,['Hulu'],William Kaufman,"['Action', 'Drama', 'Thriller', 'Crime']",0,"['Clayne Crawford', 'Max Martini', 'Paul Rae']",101,3,FALSE,FALSE,2023,7,TRUE,FALSE,1.8364,1.3541,20,0,4.110873864,100,1431,0.27,2204703,11650,734901,3883.333333,FALSE
1040892,Slotherhouse,2023-08-30,2.4858,4.715,123,FALSE,['Hulu'],Matthew Goodhue,"['Horror', 'Comedy', 'Thriller']",350000,"['Lisa Ambalavanar', 'Sydney Craven', 'Andrew Horton']",93,4,FALSE,FALSE,2023,8,TRUE,FALSE,0.8698,0.0214,41,12.76569129,4.820281566,0,0,0,287287,1973,95762.33333,657.6666667,FALSE
1113827,Out of the Loop,2023-03-30,2.8323,10,1,FALSE,['Amazon Prime Video'],Michael Alexander,['Documentary'],0,"['Deon Cole', 'Jimmy Pardo', 'Lance Crouther']",89,0,FALSE,FALSE,2023,3,FALSE,FALSE,0.6671,0.0718,0.3333333333,0,0.6931471806,100,178,0,4316286,24046,1438762,8015.333333,FALSE
1071339,Cinderella in the Caribbean,2023-10-25,2.4775,7.9,7,FALSE,['Amazon Prime Video'],Brian Brough,"['TV Movie', 'Comedy', 'Drama', 'Romance']",0,"['Emma Reinagel', 'Conor McGee', 'Sarah Kent']",94,3,FALSE,FALSE,2023,10,FALSE,FALSE,0.392,0.3514,2.333333333,0,2.079441542,0,0,0,22999522,208374,7666507.333,69458,FALSE
1025893,Days of Daisy,2023-05-26,2.2616,5,5,FALSE,['Amazon Prime Video'],Alexander Jeffery,"['Comedy', 'Romance', 'Drama']",0,"['Jency Griffin Hogan', 'Bryan Langlitz', 'Maddie Nichols']",96,1,FALSE,FALSE,2023,5,TRUE,FALSE,0.8564,0.056,1.666666667,0,1.791759469,0,0,0,29310,52,9770,17.33333333,FALSE
1150302,Love in Focus,2023-12-08,2.2925,8,3,TRUE,['Amazon Prime Video'],Brandon Ho,"['Drama', 'Romance']",0,"['Nicola Posener', 'Dan Fowlks', 'Shona Kay']",86,1,FALSE,FALSE,2023,12,FALSE,TRUE,0.7254,0.0456,1,0,1.386294361,0,0,0,8922711,45368,2974237,15122.66667,FALSE
850165,The Iron Claw,2023-12-22,2.5015,7.526,1123,TRUE,['Amazon Prime Video'],Sean Durkin,"['History', 'Drama']",15900000,"['Zac Efron', 'Jeremy Allen White', 'Harris Dickinson']",132,4,FALSE,FALSE,2023,12,FALSE,TRUE,6.4295,0.934,374.3333333,16.58182973,7.02464903,100,1710,0.23,22878762,136500,7626254,45500,TRUE
1071929,A Perfect Christmas Pairing,2023-11-01,1.9793,5.8,10,FALSE,['Amazon Prime Video'],Dave Thomas,"['TV Movie', 'Romance', 'Comedy']",0,"['Ansley Gordon', 'Chris Connell', 'Meg Biddle Smith']",90,2,FALSE,FALSE,2023,11,FALSE,TRUE,0.3754,0.0143,3.333333333,0,2.397895273,0,0,0,23823,130,7941,43.33333333,FALSE
1035705,8 Found Dead,2023-09-08,2.3168,4.923,13,FALSE,['Amazon Prime Video'],Travis Greene,"['Horror', 'Thriller']",0,"['Nancy Linehan Charles', 'Alisha Soper', 'Laura Buckles']",83,2,FALSE,FALSE,2023,9,FALSE,FALSE,0.4596,0.0071,4.333333333,0,2.63905733,0,0,0,15052,99,5017.333333,33,FALSE
676727,The Inventor,2023-09-15,2.9605,6.318,23,TRUE,['Amazon Prime Video'],Pierre-Luc Granjon,"['Animation', 'Drama', 'Family', 'History']",10000000,"['Stephen Fry', 'Daisy Ridley', 'Marion Cotillard']",92,14,FALSE,FALSE,2023,9,FALSE,FALSE,4.0793,0.1178,7.666666667,16.11809575,3.17805383,100,482,0,68159,823,22719.66667,274.3333333,FALSE
950161,The Integrity of Joseph Chambers,2023-02-17,1.9244,4.984,31,FALSE,['Amazon Prime Video'],Robert Machoian,"['Drama', 'Thriller']",0,"['Clayne Crawford', 'Jordana Brewster', 'Michael Raymond-James']",96,3,FALSE,FALSE,2023,2,FALSE,FALSE,3.5569,0.0966,10.33333333,0,3.465735903,0,0,0,46783,75,15594.33333,25,FALSE
1051560,The Devil Comes at Night,2023-06-06,1.8913,6.5,40,FALSE,['Amazon Prime Video'],Scott Leaver,['Horror'],0,"['Jason Martorino', 'Elias Zarou', 'Jeremiah Sparks']",80,1,FALSE,FALSE,2023,6,TRUE,FALSE,0.7255,0.0535,13.33333333,0,3.713572067,100,193,0,78505,207,26168.33333,69,FALSE
1115131,Common Ground,2023-09-29,2.8964,6.1,7,TRUE,['Amazon Prime Video'],Rebecca Harrell Tickell,['Documentary'],0,"['Ray Archuleta', 'Kara Boyd', 'Gabe Brown']",101,3,FALSE,FALSE,2023,9,FALSE,FALSE,0.1571,0.3594,2.333333333,0,2.079441542,100,330,0,908876,3885,302958.6667,1295,FALSE
1211814,Trees and Other Entanglements,2023-12-12,2.1003,5.2,5,FALSE,['HBO Max'],Irene Taylor,['Documentary'],0,['N/A'],115,2,FALSE,FALSE,2023,12,FALSE,TRUE,0.2205,0.0071,1.666666667,0,1.791759469,0,0,0,69469,591,23156.33333,197,FALSE
528502,Aporia,2023-08-11,2.5081,6.1,97,FALSE,['Hulu'],Jared Moshé,"['Science Fiction', 'Drama']",0,"['Judy Greer', 'Edi Gathegi', 'Payman Maadi']",104,3,FALSE,FALSE,2023,8,TRUE,FALSE,3.0671,0.3558,32.33333333,0,4.584967479,100,526,0,150612,573,50204,191,FALSE
737853,Snow Falls,2023-01-17,2.7375,4.6,43,FALSE,['Amazon Prime Video'],Colton Tran,['Horror'],0,"['Victoria Moroles', 'Johnny Berchtold', 'Colton Tran']",80,2,FALSE,FALSE,2023,1,FALSE,FALSE,1.2462,0.5469,14.33333333,0,3.784189634,100,1002,0.21,316828,1387,105609.3333,462.3333333,FALSE
1180248,Bye Bye Barry,2023-11-20,2.4895,7.9,19,FALSE,['Amazon Prime Video'],Paul Monusky,['Documentary'],0,"['Barry Sanders', 'Eminem', 'Jeff Daniels']",93,1,FALSE,FALSE,2023,11,FALSE,TRUE,3.0081,0.1716,6.333333333,0,2.995732274,0,0,0,133287,977,44429,325.6666667,FALSE
944324,The Nomad,2023-02-14,3.0564,6.2,10,TRUE,['Amazon Prime Video'],Daniel Diosdado,['Thriller'],0,"['Lauren Biazzo', 'Dietrich Teschner', 'Vanessa Calderón']",84,0,FALSE,FALSE,2023,2,FALSE,FALSE,0.2216,0.0256,3.333333333,0,2.397895273,100,190,0,21852,86,7284,28.66666667,FALSE
999677,Final Summer,2023-04-16,2.5828,3.6,15,TRUE,['Amazon Prime Video'],John Isberg,['Horror'],0,"['Thom Mathews', 'Bishop Stevens', 'Carl Bailey']",82,1,FALSE,FALSE,2023,4,FALSE,FALSE,0.9318,0.1395,5,0,2.772588722,0,0,0,64189,0,21396.33333,0,FALSE
560577,Clownado,2019-09-17,2.5958,2.083,6,FALSE,['Amazon Prime Video'],Todd Sheets,"['Horror', 'Comedy']",0,"['Linnea Quigley', 'Dilynn Fawn Harvey', 'Eileen Dietz']",100,2,FALSE,FALSE,2019,9,FALSE,FALSE,1.0456,2.1941,0.8571428571,0,1.945910149,0,0,0,13413,141,1916.142857,20.14285714,FALSE
1061659,Unicorn Boy,2023-01-20,2.6891,10,1,FALSE,['Amazon Prime Video'],Matt Kiel,"['Animation', 'Fantasy']",0,"['Matt Kiel', 'Maria Bamford', 'Patton Oswalt']",91,1,FALSE,FALSE,2023,1,FALSE,FALSE,1.6252,0.4268,0.3333333333,0,0.6931471806,0,0,0,6344,77,2114.666667,25.66666667,FALSE
760245,Foe,2023-10-06,2.4724,5.727,277,FALSE,['Amazon Prime Video'],Garth Davis,"['Science Fiction', 'Drama']",0,"['Paul Mescal', 'Saoirse Ronan', 'Aaron Pierre']",111,3,FALSE,FALSE,2023,10,FALSE,FALSE,3.9061,0.7563,92.33333333,0,5.627621114,0,0,0,11629707,22947,3876569,7649,FALSE
1200008,Hank's Christmas Wish,2023-11-01,2.6778,5.5,2,FALSE,['Amazon Prime Video'],Jason Campbell,"['Comedy', 'Fantasy', 'Family']",0,"['Michael Sigler', 'Arabella Weaver', 'Brody Hull']",79,0,FALSE,TRUE,2023,11,FALSE,TRUE,0.2552,0.0429,0.6666666667,0,1.098612289,0,0,0,3232,62,1077.333333,20.66666667,FALSE
843394,Cat Person,2023-10-06,3.2953,5.723,94,FALSE,['Hulu'],Susanna Fogel,"['Thriller', 'Comedy']",12000000,"['Emilia Jones', 'Nicholas Braun', 'Geraldine Viswanathan']",118,5,FALSE,FALSE,2023,10,FALSE,FALSE,4.4441,0.6806,31.33333333,16.30041729,4.553876892,0,0,0,395889,1011,131963,337,FALSE
1096369,Wild Life,2023-04-14,3.1428,7.3,13,FALSE,['Disney Plus'],Elizabeth Chai Vasarhelyi,['Documentary'],0,"['Kristine Tompkins', 'Rick Ridgeway', 'Jimmy Chin']",93,3,FALSE,FALSE,2023,4,FALSE,FALSE,0.0839,0.5277,4.333333333,0,2.63905733,0,0,0,781632,2373,260544,791,FALSE
1094713,The Mistress,2023-07-28,2.46,4.261,44,FALSE,['Amazon Prime Video'],Greg Pritikin,"['Horror', 'Thriller']",0,"['John Magaro', 'Chasten Harmon', 'Kat Cunning']",102,0,FALSE,FALSE,2023,7,TRUE,FALSE,1.8617,0.5632,14.66666667,0,3.80666249,100,1311,0.44,3364206,6287,1121402,2095.666667,FALSE
957314,The Passenger,2023-08-04,1.9925,6.212,163,FALSE,['Amazon Prime Video'],Carter Smith,"['Horror', 'Thriller']",0,"['Kyle Gallner', 'Johnny Berchtold', 'Liza Weil']",98,1,FALSE,FALSE,2023,8,TRUE,FALSE,2.3863,0,54.33333333,0,5.099866428,100,926,0.27,3291954,2091,1097318,697,FALSE
1082791,Wolf Hollow,2023-04-01,2.829,3.7,9,FALSE,['Amazon Prime Video'],Mark Cantu,"['Horror', 'Comedy']",0,"['Felissa Rose', 'Lynn Lowry', 'Hannah Fierman']",81,3,FALSE,FALSE,2023,4,FALSE,FALSE,1.4948,0.3066,3,0,2.302585093,0,0,0,277399,14387,92466.33333,4795.666667,FALSE
1168521,Dark Asset,2023-09-22,2.7589,5.462,26,FALSE,['Amazon Prime Video'],Michael Winnick,"['Action', 'Thriller', 'Science Fiction']",0,"['Byron Mann', 'Robert Patrick', 'Helena Mattsson']",90,0,FALSE,FALSE,2023,9,FALSE,FALSE,4.4235,0.3353,8.666666667,0,3.295836866,100,314,0,315926,1996,105308.6667,665.3333333,FALSE
1170892,Escape Pod,2023-09-25,2.2778,5,4,FALSE,['Amazon Prime Video'],Aaron Mirtes,['Science Fiction'],2,"['Patrick Sharn', 'Fallon Gyurko', 'Brad Belemjian']",82,0,FALSE,FALSE,2023,9,FALSE,FALSE,0.5699,0.1959,1.333333333,1.098612289,1.609437912,100,100,0,67776,81,22592,27,FALSE
1064178,Hunt Club,2023-04-04,2.7499,4.272,46,FALSE,['Amazon Prime Video'],Elizabeth Blake-Thomas,"['Action', 'Thriller', 'Horror']",0,"['Mena Suvari', 'Casper Van Dien', 'Maya Stojan']",87,2,FALSE,FALSE,2023,4,FALSE,FALSE,3.0567,0.1045,15.33333333,0,3.850147602,0,0,0,61372,267,20457.33333,89,FALSE
1213628,Christmas at Keestone,2023-12-01,2.7585,1,2,FALSE,['Amazon Prime Video'],Ricky Borba,"['Romance', 'Comedy', 'Drama']",0,"['Ben Graham', 'Meggie Jenny', 'Kevin Sorbo']",83,1,FALSE,FALSE,2023,12,FALSE,TRUE,1.9469,0.0704,0.6666666667,0,1.098612289,0,0,0,11024,29,3674.666667,9.666666667,FALSE
1151353,Untold: Johnny Football,2023-08-08,2.4388,6.87,27,FALSE,['Netflix'],Ryan Duffy,['Documentary'],0,"['Johnny Manziel', 'Erik Burkhardt', 'Nate Fitch']",71,1,FALSE,FALSE,2023,8,TRUE,FALSE,0.0311,1.7976,9,0,3.33220451,0,0,0,324721,2659,108240.3333,886.3333333,FALSE
984249,Ruthless,2023-12-15,2.0542,6.468,126,FALSE,['Hulu'],Art Camacho,"['Action', 'Thriller']",0,"['Dermot Mulroney', 'Jeff Fahey', 'Melissa Diaz']",93,1,FALSE,FALSE,2023,12,FALSE,TRUE,4.5568,0.6363,42,0,4.844187086,0,0,0,146323,619,48774.33333,206.3333333,FALSE
1132535,Stamped from the Beginning,2023-11-10,1.9338,6.375,20,FALSE,['Netflix'],Roger Ross Williams,"['Documentary', 'Animation']",0,"['Angela Davis', 'Alexa Rachelle Jennings', 'Rafa Marinho']",92,2,FALSE,FALSE,2023,11,FALSE,TRUE,0.0662,0.1566,6.666666667,0,3.044522438,100,496,0,284731,3771,94910.33333,1257,FALSE
1092670,Maharashtra Shahir,2023-04-28,2.347,4.5,2,FALSE,['Amazon Prime Video'],Kedar Shinde,['Drama'],0,"['Ankush Chaudhari', 'Sana Kedar Shinde', 'Mrunmayee Deshpande']",,0,FALSE,FALSE,2023,4,FALSE,FALSE,0.3331,0.0264,0.6666666667,0,1.098612289,100,1161,0.28,2647117,31713,882372.3333,10571,FALSE
960251,Downtown Owl,2023-06-08,2.5417,5.523,43,FALSE,['Netflix'],Hamish Linklater,"['Comedy', 'Drama']",0,"['Ed Harris', 'Lily Rabe', 'August Blanco Rosenstein']",88,5,FALSE,FALSE,2023,6,TRUE,FALSE,3.7373,1.787,14.33333333,0,3.784189634,0,0,0,145313,1091,48437.66667,363.6666667,FALSE
1159768,Man on the Run,2023-10-08,2.7043,6.583,12,FALSE,['Netflix'],Cassius Michael Kim,"['Documentary', 'Crime']",0,"['Jho Low', 'Najib Razak', 'Clare Rewcastle Brown']",98,2,FALSE,FALSE,2023,10,FALSE,FALSE,0.1985,0.0577,4,0,2.564949357,0,0,0,6055827,11062,2018609,3687.333333,FALSE
1076487,Warhorse One,2023-06-30,2.6878,7.2,319,FALSE,['Amazon Prime Video'],Johnny Strong,"['Action', 'War', 'Drama']",0,"['Johnny Strong', 'Athena Durner', 'Raj Kala']",125,1,FALSE,FALSE,2023,6,TRUE,FALSE,1.3767,1.3767,106.3333333,0,5.768320996,100,981,0.25,1768823,11341,589607.6667,3780.333333,FALSE
1168443,The Admirer,2023-08-25,2.2191,2.8,4,FALSE,['Amazon Prime Video'],Martin Makariev,['Thriller'],0,"['Roxanne McKee', 'Richard Fleeshman', 'Tina Casciani']",,3,FALSE,FALSE,2023,8,TRUE,FALSE,2.0599,0.0071,1.333333333,0,1.609437912,100,194,0,36097,75,12032.33333,25,FALSE
1025883,The Country Club,2023-06-01,2.1791,4,1,TRUE,['Amazon Prime Video'],Fiona Robert,['Comedy'],0,"['Elaine Hendrix', 'James Urbaniak', 'Alexis G. Zall']",90,2,FALSE,FALSE,2023,6,TRUE,FALSE,2.273,0.2452,0.3333333333,0,0.6931471806,0,0,0,12777,29,4259,9.666666667,FALSE
1128979,Imagine Dragons: Live in Vegas,2023-07-14,2.6611,8.391,32,FALSE,['Hulu'],Matt Eastin,['Music'],0,"['Dan Reynolds', 'Wayne Sermon', 'Ben McKee']",122,3,FALSE,FALSE,2023,7,TRUE,FALSE,1.8419,0.0214,10.66666667,0,3.496507561,0,0,0,233781,16950,77927,5650,FALSE
763165,The Burial,2023-10-06,2.1323,7.069,577,FALSE,['Amazon Prime Video'],Margaret Betts,"['Drama', 'History']",32500000,"['Tommy Lee Jones', 'Jamie Foxx', 'Jurnee Smollett']",126,6,FALSE,FALSE,2023,10,FALSE,FALSE,5.9989,0.2153,192.3333333,17.29675068,6.359573869,100,587,0.07,11950889,22056,3983629.667,7352,TRUE
1173842,Beyond the Grave,2023-09-05,1.8566,0,0,FALSE,['Amazon Prime Video'],Serena Dc,['Documentary'],0,"['Serena Dc', 'Andrea Perron', 'Aleksandar Sturanovic']",81,0,FALSE,FALSE,2023,9,FALSE,FALSE,0.1745,0.1745,0,0,0,0,0,0,45006,440,15002,146.6666667,FALSE
758336,Love Again,2023-05-05,2.5299,6.7,446,TRUE,['Hulu'],Jim Strouse,"['Romance', 'Drama', 'Comedy']",9000000,"['Priyanka Chopra Jonas', 'Sam Heughan', 'Céline Dion']",104,3,FALSE,FALSE,2023,5,TRUE,FALSE,4.9072,0.3336,148.6666667,16.01273525,6.102558595,100,1323,0.19,15474625,62575,5158208.333,20858.33333,TRUE
926680,Breakout,2023-04-11,2.7637,5.1,33,FALSE,['Amazon Prime Video'],Brandon Slagle,"['Action', 'Thriller']",0,"['Kristos Andrews', 'Louis Mandylor', 'Tom Sizemore']",85,1,FALSE,FALSE,2023,4,FALSE,FALSE,1.7301,0.4457,11,0,3.526360525,0,0,0,754486,965,251495.3333,321.6666667,FALSE
1083854,The Dirty 3rd: Next Generation,2023-01-16,1.4381,2,2,TRUE,['Amazon Prime Video'],Nahala Johnson,['Crime'],100000,"['Clifton Powell', 'Kendrick Smith', 'Dakarai Akil']",106,1,FALSE,FALSE,2023,1,FALSE,FALSE,0.9577,0.3404,0.6666666667,11.51293546,1.098612289,0,0,0,178251,1503,59417,501,FALSE
1134607,The Marry Me Pact,2023-10-15,2.4286,5.5,10,FALSE,['Amazon Prime Video'],Bruno Hernández,"['TV Movie', 'Comedy', 'Romance']",0,"['Meggan Kaiser', 'Tyler Harlow', 'Brian D. Long']",90,4,FALSE,FALSE,2023,10,FALSE,FALSE,0.7578,0.0071,3.333333333,0,2.397895273,100,100,0,55681,269,18560.33333,89.66666667,FALSE
1094256,Chantilly Bridge,2023-03-24,2.5503,5.3,7,FALSE,['Amazon Prime Video'],Linda Yellen,['Drama'],0,"['Lindsay Crouse', 'Jill Eikenberry', 'Patricia Richardson']",86,1,FALSE,TRUE,2023,3,FALSE,FALSE,1.8678,0.0987,2.333333333,0,2.079441542,0,0,0,29708,53,9902.666667,17.66666667,FALSE
1089225,The Road Dog,2023-09-01,1.934,4.1,8,FALSE,['Amazon Prime Video'],Greg Glienna,"['Drama', 'Comedy']",0,"['Doug Stanhope', 'Khrystyne Haje', 'Greg Fitzsimmons']",105,2,FALSE,FALSE,2023,9,FALSE,FALSE,0.4353,0.5512,2.666666667,0,2.197224577,0,0,0,86333,623,28777.66667,207.6666667,FALSE
1123521,Donyale Luna: Supermodel,2023-06-15,2.2043,3.25,4,FALSE,['HBO Max'],Nailah Jefferson,['Documentary'],0,"['Donyale Luna', 'Dream Cazzaniga', 'Luigi Cazzaniga']",95,4,FALSE,FALSE,2023,6,TRUE,FALSE,0.1569,0.077,1.333333333,0,1.609437912,100,100,0,540166,17614,180055.3333,5871.333333,FALSE
1143710,Lang Lang Plays Disney,2023-09-15,2.0955,6.3,11,FALSE,['Disney Plus'],Liz Clare,"['Music', 'Documentary']",0,"['Lang Lang', 'André de Ridder', 'Gina Alice Redlinger']",60,1,FALSE,FALSE,2023,9,FALSE,FALSE,0.2048,0.2801,3.666666667,0,2.48490665,0,0,0,64579,759,21526.33333,253,FALSE
1177533,The Haunting Lodge,2023-10-17,1.7565,3.3,3,FALSE,['Amazon Prime Video'],Kendall Whelpton,"['Documentary', 'Thriller', 'Horror']",0,"['Kendall Whelpton', 'Vera Whelpton', 'Jill Morris']",67,1,FALSE,FALSE,2023,10,FALSE,FALSE,0.0696,0.0492,1,0,1.386294361,0,0,0,12290,87,4096.666667,29,FALSE
976699,Cinnamon,2023-06-11,1.9999,6.6,14,FALSE,['Amazon Prime Video'],Bryian Keith Montgomery Jr.,"['Thriller', 'Crime', 'Drama']",0,"['Damon Wayans', 'Hailey Kilgore', 'David Iacono']",91,1,FALSE,FALSE,2023,6,TRUE,FALSE,2.054,0.0168,4.666666667,0,2.708050201,100,812,0.3,188607,1900,62869,633.3333333,FALSE
1011918,Another Happy Day,2023-12-09,2.2119,5.5,2,FALSE,['Amazon Prime Video'],Nora Fiffer,['Comedy'],0,"['Lauren Lapkus', 'Marilyn Dodds Frank', 'Jean Elie']",91,1,FALSE,FALSE,2023,12,FALSE,TRUE,1.696,0.0492,0.6666666667,0,1.098612289,0,0,0,82594,283,27531.33333,94.33333333,FALSE
1179558,15 Cameras,2023-10-13,2.3236,5.775,40,FALSE,['Amazon Prime Video'],Danny Madden,"['Horror', 'Thriller']",0,"['Will Madden', 'Angela Wong Carbone', 'James Babson']",89,1,FALSE,TRUE,2023,10,FALSE,FALSE,0.8122,0.1297,13.33333333,0,3.713572067,100,406,0,148258,662,49419.33333,220.6666667,FALSE
1081793,The Family Meeting,2023-02-02,1.756,2,1,FALSE,['HBO Max'],Rebecca Usoro,['N/A'],0,"['Okieriete Onaodowan', 'Saidah Arrika Ekulona', 'Georgina Elizabeth Okon']",15,0,FALSE,FALSE,2023,2,FALSE,FALSE,0.8687,0.0143,0.3333333333,0,0.6931471806,0,0,0,1942,37,647.3333333,12.33333333,FALSE
1127943,A Christmas Vintage,2023-11-01,2.5,5.727,11,FALSE,['Amazon Prime Video'],Lexi Giovagnoli,"['TV Movie', 'Comedy', 'Romance']",0,"['Karlee Eldridge', 'Ignacyo Matynia', 'Maddison Bullock']",90,2,FALSE,FALSE,2023,11,FALSE,TRUE,0.4358,0.6602,3.666666667,0,2.48490665,100,158,0,77693,694,25897.66667,231.3333333,FALSE
765904,Linoleum,2023-03-17,2.1403,6.351,74,FALSE,['Hulu'],Colin West,"['Science Fiction', 'Comedy', 'Drama']",0,"['Jim Gaffigan', 'Rhea Seehorn', 'Katelyn Nacon']",101,3,FALSE,FALSE,2023,3,FALSE,FALSE,8.9867,0.3014,24.66666667,0,4.317488114,100,871,0.34,262370,3469,87456.66667,1156.333333,FALSE
846185,The Crusades,2023-07-07,2.3416,5.4,8,FALSE,['Amazon Prime Video'],Leo Milano,"['Comedy', 'Drama']",0,"['Rudy Pankow', 'Khalil Everage', 'Indiana Massara']",101,0,FALSE,FALSE,2023,7,TRUE,FALSE,2.5979,0.0592,2.666666667,0,2.197224577,100,232,0,131136,838,43712,279.3333333,FALSE
953365,Moving On,2023-03-17,1.6708,5.807,102,FALSE,['Netflix'],Paul Weitz,"['Comedy', 'Drama']",0,"['Jane Fonda', 'Lily Tomlin', 'Malcolm McDowell']",85,4,FALSE,FALSE,2023,3,FALSE,FALSE,4.0322,0.4239,34,0,4.634728988,100,940,0.14,428033,1269,142677.6667,423,FALSE
1119568,King Charles III: The New Monarchy,2023-05-02,1.5998,6,1,FALSE,['Amazon Prime Video'],Tara Pirnia,['Documentary'],0,"['Guy Mayfield', 'Victoria Arbiter', 'Katie Nicholl']",68,0,FALSE,FALSE,2023,5,TRUE,FALSE,0.089,0.3137,0.3333333333,0,0.6931471806,0,0,0,1634,12,544.6666667,4,FALSE
862557,The Hill,2023-08-18,1.9717,7.668,291,TRUE,['Netflix'],Jeff Celentano,"['History', 'Drama']",0,"['Colin Ford', 'Dennis Quaid', 'Joelle Carter']",121,4,FALSE,FALSE,2023,8,TRUE,FALSE,3.6634,0.2771,97,0,5.676753802,100,1199,0.26,4468385,2132,1489461.667,710.6666667,TRUE
1440153,The Arrival,2023-10-15,2.4246,5,1,FALSE,['Amazon Prime Video'],Alyssa Rallo Bennett,['Drama'],0,"['Vivian Helvajian', 'Nikolas Elrifi', 'Nick Hamparyan']",71,1,FALSE,FALSE,2023,10,FALSE,FALSE,0.0338,0.0143,0.3333333333,0,0.6931471806,100,1740,0.79,27106529,145577,9035509.667,48525.66667,TRUE
753336,Origin,2023-12-08,2.3909,6.631,65,FALSE,['Hulu'],Ava DuVernay,['Drama'],38000000,"['Aunjanue Ellis-Taylor', 'Niecy Nash-Betts', 'Jon Bernthal']",141,1,FALSE,FALSE,2023,12,FALSE,TRUE,5.7006,0.9383,21.66666667,17.45309674,4.189654742,100,1741,0.69,2239853,12299,746617.6667,4099.666667,FALSE
632065,House Party,2023-01-13,2.2534,5.6,115,TRUE,['HBO Max'],Calmatic,['Comedy'],0,"['Jacob Latimore', 'Tosin Cole', 'Karen Obilom']",100,1,FALSE,FALSE,2023,1,FALSE,FALSE,0.8469,0.0946,38.33333333,0,4.753590191,0,0,0,840563,12916,280187.6667,4305.333333,FALSE
1155859,Senior Year: Love Never Fails,2023-09-29,1.6151,1.5,2,TRUE,['Amazon Prime Video'],Jude Okwudiafor Johnson,"['Drama', 'Family', 'Romance']",0,"['Heidi Montag', 'Vernon Davis', 'Denise Boutte']",107,1,FALSE,FALSE,2023,9,FALSE,FALSE,0.9389,0.0143,0.6666666667,0,1.098612289,0,0,0,73173,174,24391,58,FALSE
1215153,Trevor Noah: Where Was I,2023-12-19,1.7266,6.154,52,FALSE,['Netflix'],David Paul Meyer,"['Comedy', 'Documentary']",0,['Trevor Noah'],68,0,FALSE,FALSE,2023,12,FALSE,TRUE,0.8571,0.1016,17.33333333,0,3.970291914,100,100,0,16719,492,5573,164,FALSE
985617,Reality,2023-05-16,2.5137,6.424,543,FALSE,['HBO Max'],Tina Satter,"['Drama', 'Thriller']",0,"['Sydney Sweeney', 'Josh Hamilton', 'Marchánt Davis']",83,7,FALSE,FALSE,2023,5,TRUE,FALSE,18.8964,0.2122,181,0,6.298949247,100,1030,0.28,2618709,11653,872903,3884.333333,TRUE
835767,Gunfight at Rio Bravo,2023-01-13,2.1041,6.474,78,FALSE,['Amazon Prime Video'],Joe Cornet,"['Western', 'Action']",0,"['Alexander Nevsky', 'Olivier Gruner', 'Joe Cornet']",80,2,FALSE,TRUE,2023,1,FALSE,FALSE,0.6607,0.0143,26,0,4.369447852,0,0,0,162224,245,54074.66667,81.66666667,FALSE
931852,Love in Aruba,2021-11-23,1.9488,7.1,17,FALSE,['Amazon Prime Video'],Brian Brough,"['Romance', 'Comedy', 'TV Movie', 'Drama']",0,"['Sashleigha Hightower', 'David McConnell', 'Scarlett Hazen']",90,4,FALSE,FALSE,2021,11,FALSE,TRUE,1.3137,0.3514,3.4,0,2.890371758,0,0,0,107589,781,21517.8,156.2,FALSE
1006462,The Flood,2023-07-14,1.9493,6.17,277,FALSE,['Hulu'],Brandon Slagle,"['Action', 'Mystery', 'Thriller', 'Horror']",0,"['Casper Van Dien', 'Nicky Whelan', 'Louis Mandylor']",93,6,FALSE,FALSE,2023,7,TRUE,FALSE,3.0567,0.4457,92.33333333,0,5.627621114,100,935,0.17,3651862,26184,1217287.333,8728,FALSE
843889,Space Oddity,2023-03-31,2.6149,6.061,57,TRUE,['Hulu'],Kyra Sedgwick,"['Comedy', 'Romance', 'Science Fiction', 'Drama']",0,"['Kyle Allen', 'Alexandra Shipp', 'Kevin Bacon']",94,4,FALSE,FALSE,2023,3,FALSE,FALSE,6.8867,2.7166,19,0,4.060443011,100,477,0.39,1115575,9549,371858.3333,3183,FALSE
1092329,Journey to Bethlehem,2023-11-10,1.9511,7.809,89,TRUE,['Hulu'],Adam Anders,"['Family', 'Drama']",6000000,"['Fiona Palomo', 'Milo Manheim', 'Omid Djalili']",99,4,FALSE,FALSE,2023,11,FALSE,TRUE,3.7082,0.2488,29.66666667,15.60727019,4.49980967,100,1135,0.21,394961,6108,131653.6667,2036,FALSE
1116488,The Shepherd,2023-08-10,2.0004,6.835,112,FALSE,['Disney Plus'],Iain Softley,"['Drama', 'Fantasy', 'Action']",0,"['Ben Radcliffe', 'John Travolta', 'Steven Mackintosh']",39,3,FALSE,FALSE,2023,8,TRUE,FALSE,5.4333,0.4459,37.33333333,0,4.727387819,100,848,0,2127651,17702,709217,5900.666667,FALSE
870358,Merry Little Batman,2023-12-08,2.4165,6.6,163,FALSE,['Amazon Prime Video'],Mike Roth,"['Animation', 'Action', 'Family', 'Comedy']",0,"['Yonas Kibreab', 'Luke Wilson', 'James Cromwell']",97,2,FALSE,FALSE,2023,12,FALSE,TRUE,2.6567,0.0071,54.33333333,0,5.099866428,100,422,0,571738,25644,190579.3333,8548,FALSE
1085103,Clock,2023-03-28,2.1186,5.55,251,FALSE,['Hulu'],Alexis Jacknow,"['Horror', 'Thriller']",0,"['Dianna Agron', 'Melora Hardin', 'Jay Ali']",92,1,FALSE,FALSE,2023,3,FALSE,FALSE,2.1811,0.1862,83.66666667,0,5.529429088,100,1599,0.67,584052,1985,194684,661.6666667,FALSE
1001500,The Starling Girl,2023-05-12,2.1314,6.322,73,FALSE,['Amazon Prime Video'],Laurel Parmet,['Drama'],0,"['Eliza Scanlen', 'Lewis Pullman', 'Wrenn Schmidt']",116,3,FALSE,FALSE,2023,5,TRUE,FALSE,3.7956,0.2046,24.33333333,0,4.304065093,100,100,0,644420,2468,214806.6667,822.6666667,FALSE
1193892,Don Rickles Live in Casino Rama 2010,2023-09-07,1.4593,10,1,FALSE,['Amazon Prime Video'],Tony Oppedisano,"['Comedy', 'Documentary']",0,"['Don Rickles', 'Tony Oppedisano']",62,2,FALSE,FALSE,2023,9,FALSE,FALSE,1.5305,0.1154,0.3333333333,0,0.6931471806,0,0,0,166708,2349,55569.33333,783,FALSE
1100845,Dare to Say Yes,2023-07-13,1.3914,5.5,9,TRUE,['Amazon Prime Video'],Lindsay Hartley,"['TV Movie', 'Romance', 'Comedy']",0,"['Amy Douglass', 'Jordan Sanders', 'Diana Garle']",90,3,FALSE,FALSE,2023,7,TRUE,FALSE,0.467,0.8815,3,0,2.302585093,0,0,0,19528,93,6509.333333,31,FALSE
1113278,It's a Wonderful Knife,2023-11-10,1.9919,5.083,162,TRUE,['Hulu'],Tyler MacIntyre,"['Horror', 'Comedy']",0,"['Jane Widdop', 'Jess McLeod', 'Joel McHale']",87,2,FALSE,FALSE,2023,11,FALSE,TRUE,2.324,0.1385,54,0,5.093750201,100,608,0.17,232671,2255,77557,751.6666667,FALSE
1119332,Hidden Murder Island,2023-04-27,2.4072,5.857,7,FALSE,['Hulu'],Damián Romay,"['Thriller', 'TV Movie']",0,"['Andrea Bogart', 'Donny Boaz', 'Allie Forsberg']",88,1,FALSE,FALSE,2023,4,FALSE,FALSE,1.0021,0.2241,2.333333333,0,2.079441542,0,0,0,8754,27,2918,9,FALSE
1143770,Oppenheimer After Trinity,2023-04-22,1.5224,7.7,3,FALSE,['Amazon Prime Video'],Trent J. Di Giulio,['Documentary'],0,"['J. Robert Oppenheimer', 'Charles Oppenheimer']",58,1,FALSE,FALSE,2023,4,FALSE,FALSE,0.2119,0.0642,1,0,1.386294361,100,100,0,917,3,305.6666667,1,FALSE
1200251,Lonesome Soldier,2023-11-03,2.1287,5.7,3,TRUE,['Amazon Prime Video'],Nino Aldi,"['Drama', 'War', 'Thriller']",0,"['John Ashton', 'Allison McAtee', 'Alexander Randazzo']",109,1,FALSE,FALSE,2023,11,FALSE,TRUE,0.9614,0.0833,1,0,1.386294361,0,0,0,137202,300,45734,100,FALSE
1087040,Money Shot: The Pornhub Story,2023-03-15,2.5028,5.751,334,FALSE,['Netflix'],Suzanne Hillinger,['Documentary'],0,"['Noelle Perdue', 'Michael Stabile', 'Siri Dahl']",95,1,FALSE,FALSE,2023,3,FALSE,FALSE,0.3476,0.0764,111.3333333,0,5.814130532,100,100,0,3017720,10642,1005906.667,3547.333333,FALSE
1010639,The Sweet East,2023-12-01,2.1873,6.6,85,TRUE,['Hulu'],Sean Price Williams,"['Comedy', 'Drama', 'Fantasy']",0,"['Talia Ryder', 'Earl Cave', 'Simon Rex']",104,2,FALSE,FALSE,2023,12,FALSE,TRUE,1.4618,0.2761,28.33333333,0,4.454347296,100,193,0,165196,1609,55065.33333,536.3333333,FALSE
1093994,One Ranger,2023-05-05,2.0975,6.127,110,FALSE,['Amazon Prime Video'],Jesse V. Johnson,"['Action', 'Thriller']",0,"['Thomas Jane', 'Dominique Tipper', 'John Malkovich']",95,2,FALSE,FALSE,2023,5,TRUE,FALSE,4.3558,0.9005,36.66666667,0,4.709530201,100,491,0,720643,2489,240214.3333,829.6666667,FALSE
1172674,The Rat Catcher,2023-09-29,1.9859,6.607,474,FALSE,['Netflix'],Wes Anderson,['Comedy'],0,"['Richard Ayoade', 'Ralph Fiennes', 'Rupert Friend']",17,2,FALSE,FALSE,2023,9,FALSE,FALSE,5.8363,2.3958,158,0,6.163314804,0,0,0,66043,386,22014.33333,128.6666667,FALSE
1148027,New Life,2024-05-03,1.5804,6.023,132,FALSE,['Hulu'],John Rosman,"['Horror', 'Thriller', 'Mystery', 'Science Fiction']",0,"['Sonya Walger', 'Hayley Erin', 'Tony Amendola']",84,2,FALSE,FALSE,2024,5,TRUE,FALSE,1.5323,0.3525,66,0,4.890349128,0,0,0,313981,1067,156990.5,533.5,FALSE
1158251,Crypto Shadows,2024-01-16,1.2343,0,0,FALSE,['Amazon Prime Video'],James Fox,"['Science Fiction', 'Thriller']",0,"['Mikayla Iverson', 'Charla Bocchicchio', 'Dano Colón']",85,0,FALSE,FALSE,2024,1,FALSE,FALSE,0.2625,0.2052,0,0,0,0,0,0,7432,14,3716,7,FALSE
1107136,The Space Race,2023-06-12,1.568,7,1,FALSE,['Disney Plus'],Lisa Cortés,['Documentary'],0,"['Guion Bluford', 'Ed Dwight Jr.', 'Charles Bolden']",91,4,FALSE,FALSE,2023,6,TRUE,FALSE,0.0588,0.2119,0.3333333333,0,0.6931471806,0,0,0,54282,823,18094,274.3333333,FALSE
1153020,Herd,2023-10-13,2.0945,3.9,16,TRUE,['Amazon Prime Video'],Steven Pierce,"['Horror', 'Action']",0,"['Ellen Adair', 'Mitzi Akaha', 'Jeremy Holm']",97,1,FALSE,FALSE,2023,10,FALSE,FALSE,0.9053,0.0143,5.333333333,0,2.833213344,100,645,0,111502,204,37167.33333,68,FALSE
1262124,Impulse,2023-03-05,2.2687,6.677,31,FALSE,['Amazon Prime Video'],Patrick Flaherty,"['Thriller', 'Action']",0,"['Dajana Gudic', 'Nick Cassavetes', 'Paul Johansson']",98,1,FALSE,FALSE,2023,3,FALSE,FALSE,1.2669,0.0525,10.33333333,0,3.465735903,100,192,0,16824884,45008,5608294.667,15002.66667,FALSE
1112231,Peter & the Wolf,2023-10-19,2.0635,6.3,15,FALSE,['HBO Max'],Elliot Dear,"['Animation', 'Adventure', 'Family', 'Fantasy']",0,"['Gavin Friday', 'Bono']",33,2,FALSE,FALSE,2023,10,FALSE,FALSE,1.0612,0.0759,5,0,2.772588722,0,0,0,88598,1301,29532.66667,433.6666667,FALSE
1166714,Mickey and Friends: Trick or Treats,2023-10-01,2.0102,7.1,40,FALSE,['Disney Plus'],David H. Brooks,"['Animation', 'Family']",0,"['Bret Iwan', 'Tony Anselmo', 'Bill Farmer']",22,2,FALSE,FALSE,2023,10,FALSE,FALSE,0.8742,0.762,13.33333333,0,3.713572067,0,0,0,370083,857,123361,285.6666667,FALSE
800089,Maggie Moore(s),2023-06-16,1.9925,5.77,163,FALSE,['Amazon Prime Video'],John Slattery,"['Mystery', 'Comedy']",0,"['Jon Hamm', 'Tina Fey', 'Micah Stock']",99,3,FALSE,FALSE,2023,6,TRUE,FALSE,8.6567,2.8649,54.33333333,0,5.099866428,0,0,0,1102509,6176,367503,2058.666667,FALSE
1193603,Shohei Ohtani: Beyond the Dream,2023-11-17,1.4742,5.9,10,FALSE,"['Disney Plus', 'Hulu']",Toru Tokikawa,['Documentary'],0,"['Shohei Ohtani', 'Hideki Matsui', 'Yu Darvish']",100,1,FALSE,FALSE,2023,11,FALSE,TRUE,0.262,0.053,3.333333333,0,2.397895273,0,0,0,36269,349,12089.66667,116.3333333,FALSE
974383,End of the Rope,2023-03-24,1.8955,5.692,13,TRUE,['Amazon Prime Video'],Charlie Griak,"['Crime', 'Drama', 'Western']",0,"['Joseph Gray', 'Nick Saxton', 'Joseph Bezenek']",139,1,FALSE,FALSE,2023,3,FALSE,FALSE,0.293,0.102,4.333333333,0,2.63905733,0,0,0,97189,376,32396.33333,125.3333333,FALSE
1005731,What Comes Around,2023-08-04,1.2445,5.7,83,TRUE,['Hulu'],Amy Redford,"['Drama', 'Thriller']",0,"['Summer Phoenix', 'Grace Van Dien', 'Jesse García']",83,3,FALSE,FALSE,2023,8,TRUE,FALSE,3.5292,1.3027,27.66666667,0,4.430816799,0,0,0,409052,1455,136350.6667,485,FALSE
540549,Monica,2023-05-12,1.7977,5.6,44,FALSE,['Hulu'],Andrea Pallaoro,['Drama'],1700000,"['Trace Lysette', 'Patricia Clarkson', 'Emily Browning']",113,10,FALSE,FALSE,2023,5,TRUE,FALSE,3.9665,0.0448,14.66666667,14.3461394,3.80666249,100,1143,0.28,337073,1627,112357.6667,542.3333333,FALSE
844026,Frybread Face and Me,2023-11-24,2.1231,6,12,FALSE,['Netflix'],Billy Luther,"['Drama', 'Comedy']",0,"['Keir Tallman', 'Charley Hogan', 'Sarah H. Natani']",82,8,FALSE,FALSE,2023,11,FALSE,TRUE,0.1547,0.1372,4,0,2.564949357,100,459,0,75489,712,25163,237.3333333,FALSE
1119823,Aaron Carter: The Little Prince of Pop,2023-05-01,1.2992,6.313,16,FALSE,['Hulu'],Jeffrey Thomas,"['Documentary', 'Music', 'TV Movie']",0,"['Aaron Carter', 'AJ McLean', 'Melanie Martin']",57,2,FALSE,FALSE,2023,5,TRUE,FALSE,0.4749,0.6649,5.333333333,0,2.833213344,0,0,0,12442,59,4147.333333,19.66666667,FALSE
1213602,Creep Box,2023-01-24,2.106,4.75,4,TRUE,['Amazon Prime Video'],Patrick Biesemans,"['Science Fiction', 'Drama']",0,"['Geoffrey Cantor', 'Katie Kuang', 'Dan Cordle']",98,1,FALSE,FALSE,2023,1,FALSE,FALSE,0.5261,0.0482,1.333333333,0,1.609437912,0,0,0,52360,102,17453.33333,34,FALSE
729120,Cassandro,2023-09-15,2.4459,6.648,125,FALSE,['Amazon Prime Video'],Roger Ross Williams,['Drama'],0,"['Gael García Bernal', 'Roberta Colindrez', 'Perla de la Rosa']",107,5,FALSE,FALSE,2023,9,FALSE,FALSE,2.9673,0.1566,41.66666667,0,4.836281907,100,929,0,6108867,4796,2036289,1598.666667,TRUE
1162445,Never Give Up,2023-09-01,2.1846,0,0,TRUE,['Amazon Prime Video'],Rob Loos,"['Family', 'Drama']",0,"['Harrison Stone', 'Roland Evan', 'Drew Waters']",80,2,FALSE,FALSE,2023,9,FALSE,FALSE,0.9913,0.0631,0,0,0,100,498,0.37,13413,167,4471,55.66666667,FALSE
1125161,A Wandering Path: The Story of Gilead Media,2023-06-26,1.5515,7,1,FALSE,['Amazon Prime Video'],Michael Dimmitt,['Documentary'],25000,"['Michael Dimmitt', 'John Pata', 'Emma Ruth Rundle']",98,1,FALSE,FALSE,2023,6,TRUE,FALSE,2.2537,0.0379,0.3333333333,10.1266711,0.6931471806,0,0,0,399,12,133,4,FALSE
1088233,Time Bomb Y2K,2023-03-03,2.2255,5.524,21,FALSE,['HBO Max'],Brian Becker,['Documentary'],0,['N/A'],81,2,FALSE,FALSE,2023,3,FALSE,FALSE,0.2205,0.0538,7,0,3.091042453,0,0,0,154886,1218,51628.66667,406,FALSE
1123187,Signs of Your Heart,2023-11-01,1.3715,7,8,FALSE,['Amazon Prime Video'],Jevon Whetter,"['TV Movie', 'Comedy', 'Romance']",0,"['Kelli McNeil-Yellen', 'Kyle Justin Leatherberry', 'Carla Cloud']",90,4,FALSE,FALSE,2023,11,FALSE,TRUE,1.357,0.0604,2.666666667,0,2.197224577,100,100,0,48920,352,16306.66667,117.3333333,FALSE
815136,Alone at Night,2023-01-20,2.0475,3.982,29,FALSE,['Hulu'],Jimmy Giannopoulos,"['Horror', 'Mystery', 'Thriller']",0,"['Ashley Benson', 'Jon Foster', 'Sky Ferreira']",89,5,FALSE,FALSE,2023,1,FALSE,FALSE,1.7279,0.0281,9.666666667,0,3.401197382,100,636,0,29216,203,9738.666667,67.66666667,FALSE
1087749,Disney NHL Big City Greens Classic,2023-03-14,1.3447,2,1,FALSE,['Disney Plus'],,"['Animation', 'TV Movie']",0,"['Chris Houghton', 'Marieve Herington', 'Zeno Robinson']",140,4,FALSE,TRUE,2023,3,FALSE,FALSE,0.7771,0,0.3333333333,0,0.6931471806,0,0,0,9094,170,3031.333333,56.66666667,FALSE
1149108,The Modelizer,2023-07-14,2.0346,4.7,3,FALSE,['Amazon Prime Video'],Keoni Waxman,"['Comedy', 'Romance']",0,"['Julia Nickson', 'Byron Mann', 'Nichkhun Horvejkul']",96,5,FALSE,FALSE,2023,7,TRUE,FALSE,1.6031,0.8164,1,0,1.386294361,0,0,0,144983,656,48327.66667,218.6666667,FALSE
1187822,The Domino Revival,2023-10-24,1.7361,0,0,FALSE,['Amazon Prime Video'],Mike Signorelli,['Documentary'],0,"['Mike Signorelli', 'Julie Signorelli', 'Isaiah Saldivar']",125,0,FALSE,FALSE,2023,10,FALSE,FALSE,0.0143,0.0143,0,0,0,100,323,0,47893,2213,15964.33333,737.6666667,FALSE
1019961,"Mother, May I?",2023-07-21,1.7429,5.2,43,FALSE,['Amazon Prime Video'],Laurence Vannicelli,"['Horror', 'Thriller']",0,"['Kyle Gallner', 'Holland Roden', 'Chris Mulkey']",99,3,FALSE,FALSE,2023,7,TRUE,FALSE,2.5902,0.052,14.33333333,0,3.784189634,0,0,0,253995,810,84665,270,FALSE
1057762,Fuzzy Head,2023-01-20,1.9963,3.429,7,FALSE,['Amazon Prime Video'],Wendy McColm,['Thriller'],0,"['Alicia Witt', 'Wendy McColm', 'Tolliver']",84,2,FALSE,FALSE,2023,1,FALSE,FALSE,3.3295,0.3325,2.333333333,0,2.079441542,0,0,0,11272,595,3757.333333,198.3333333,FALSE
1164826,Cookie Monster's Bake Sale,2023-08-10,1.807,0,0,FALSE,['HBO Max'],Benjamin Lehmann,['Family'],0,['Eddie Jackson'],22,1,FALSE,FALSE,2023,8,TRUE,FALSE,0.1278,0.0214,0,0,0,0,0,0,172129,193,57376.33333,64.33333333,FALSE
1047703,Sincerely Truly Christmas,2023-12-03,1.5799,5.4,5,FALSE,['Hulu'],Sean Cisterna,"['TV Movie', 'Comedy', 'Romance']",0,"['Jake Epstein', 'Paula Brancati', 'Richard Waugh']",90,4,FALSE,FALSE,2023,12,FALSE,TRUE,1.7185,0.4839,1.666666667,0,1.791759469,0,0,0,18671,63,6223.666667,21,FALSE
1158232,Alien Sharks: Strange New Worlds,2023-07-24,1.3372,8,2,FALSE,['HBO Max'],Jason Strougo,['Documentary'],0,"['Forrest Galante', 'Christine De Silva']",42,0,FALSE,FALSE,2023,7,TRUE,FALSE,0.238,0.0214,0.6666666667,0,1.098612289,0,0,0,17287,0,5762.333333,0,FALSE
1099013,Mae Martin: SAP,2023-03-28,1.7448,5.3,19,FALSE,['Netflix'],Abbi Jacobson,['Comedy'],0,['Mae Martin'],70,1,FALSE,FALSE,2023,3,FALSE,FALSE,2.1565,1.402,6.333333333,0,2.995732274,0,0,0,137936,1152,45978.66667,384,FALSE
920125,White Men Can't Jump,2023-05-11,1.6894,6.371,284,FALSE,['Hulu'],Calmatic,"['Comedy', 'Drama']",0,"['Sinqua Walls', 'Jack Harlow', 'Lance Reddick']",101,3,TRUE,FALSE,2023,5,TRUE,FALSE,2.2639,0.0946,94.66666667,0,5.65248918,0,0,0,4785174,29904,1595058,9968,FALSE
1150537,"Justice League x RWBY: Super Heroes & Huntsmen, Part Two",2023-10-17,1.1481,6.521,48,FALSE,['HBO Max'],Kerry Shawcross,"['Animation', 'Action', 'Fantasy', 'Adventure']",0,"['Troy Baker', 'Travis Willingham', 'Laura Bailey']",75,2,FALSE,TRUE,2023,10,FALSE,FALSE,2.0709,0.271,16,0,3.891820298,0,0,0,395764,10018,131921.3333,3339.333333,FALSE
1166824,A Vineyard Christmas,2023-11-03,1.9529,5.7,10,FALSE,"['Netflix', 'Amazon Prime Video']",Ana Valine,"['TV Movie', 'Comedy', 'Romance']",0,"['Victor Zinck', 'Jr.', 'Nikki McKenzie', 'Brittany Clough']",90,3,FALSE,FALSE,2023,11,FALSE,TRUE,1.3639,0.0379,3.333333333,0,2.397895273,0,0,0,34850,179,11616.66667,59.66666667,FALSE
1237526,Deal of a Lifetime,2023-10-28,1.4294,6.5,2,FALSE,['Amazon Prime Video'],Lev Pakman,"['Comedy', 'Drama']",0,"['David Cross', 'Greg Mullavey', 'Connor Ausman']",13,0,FALSE,FALSE,2023,10,FALSE,FALSE,0.4206,0.2525,0.6666666667,0,1.098612289,0,0,0,1335,3,445,1,FALSE
965073,88,2023-02-17,1.9628,5.7,7,FALSE,['Amazon Prime Video'],Eromose,"['Drama', 'Thriller', 'Mystery']",0,"['Brandon Victor Dixon', 'Naturi Naughton', 'Orlando Jones']",122,0,FALSE,FALSE,2023,2,FALSE,FALSE,1.6732,0.2697,2.333333333,0,2.079441542,100,756,0.23,64321,357,21440.33333,119,FALSE
1165918,Megalodon: The Frenzy,2023-08-18,1.7731,2.9,23,FALSE,['Amazon Prime Video'],Brendan Petrizzo,"['Action', 'Adventure', 'Horror', 'Science Fiction']",0,"['Eric Roberts', 'Caroline Williams', 'Jessica Chancellor']",82,3,FALSE,TRUE,2023,8,TRUE,FALSE,4.2801,0.159,7.666666667,0,3.17805383,100,100,0,473405,1315,157801.6667,438.3333333,FALSE
1190025,Dante's Hotel,2023-10-20,1.4591,4,12,FALSE,['Amazon Prime Video'],Anthony C. Ferrante,"['Horror', 'Thriller']",0,"['AnnaLynne McCord', 'Moon Bloodgood', 'Ted Raimi']",98,2,FALSE,FALSE,2023,10,FALSE,FALSE,1.9166,0.2766,4,0,2.564949357,0,0,0,54884,195,18294.66667,65,FALSE
995805,Bermuda Island,2023-01-20,1.8792,3.065,24,FALSE,['Amazon Prime Video'],Adam Werth,"['Action', 'Adventure', 'Horror', 'Mystery', 'Thriller', 'Drama']",0,"['Tom Sizemore', 'Noel Gugliemi', 'John Wells']",86,4,FALSE,FALSE,2023,1,FALSE,FALSE,2.6438,0.2294,8,0,3.218875825,100,100,0,119268,0,39756,0,FALSE
1083885,Consent,2023-02-07,1.9248,3.333,3,FALSE,['Amazon Prime Video'],Nadira Amrani,['Drama'],0,"['Lashay Anderson', 'Tom Victor', 'Rhea Norwood']",47,2,FALSE,FALSE,2023,2,FALSE,FALSE,0.2492,0.0563,1,0,1.386294361,100,1017,0,45083,122,15027.66667,40.66666667,FALSE
862968,Pain Hustlers,2023-10-20,1.6286,6.652,725,FALSE,['Netflix'],David Yates,['Drama'],0,"['Emily Blunt', 'Chris Evans', ""Catherine O'Hara""]",122,2,FALSE,FALSE,2023,10,FALSE,FALSE,21.9714,0.8443,241.6666667,0,6.587550015,100,724,0.1,7702425,16314,2567475,5438,TRUE
1456161,A Rose in Concrete,2023-01-01,1.5365,0,0,TRUE,['Amazon Prime Video'],Tae Daaz,['Drama'],0,"['Robert Ramirez', 'Lew Hopson', 'Brian Epps']",103,1,FALSE,FALSE,2023,1,FALSE,FALSE,0.432,0,0,0,0,0,0,0,391,0,130.3333333,0,FALSE
1167828,St. Vierja Academy,2023-09-21,1.7142,0,0,FALSE,['Amazon Prime Video'],José Antonio Stoute,['Drama'],0,"['Andres Marin', 'Diego Alvarez', 'Edward Jose Ramos']",105,2,FALSE,FALSE,2023,9,FALSE,FALSE,0.0143,0.0214,0,0,0,0,0,0,3088,72,1029.333333,24,FALSE
1183623,The Drone that Saved Christmas,2023-09-23,1.3332,4,1,FALSE,['Amazon Prime Video'],Miriam Bavly,['Comedy'],0,"['Miguel A. Núñez Jr.', 'Rodney Perry', 'Rashan Ali']",91,0,FALSE,FALSE,2023,9,FALSE,FALSE,1.3658,0.0071,0.3333333333,0,0.6931471806,100,100,0,1471,14,490.3333333,4.666666667,FALSE
920654,Devil's Peak,2023-02-17,1.5581,5.522,45,FALSE,['Hulu'],Ben Young,"['Mystery', 'Thriller', 'Drama', 'Crime']",0,"['Billy Bob Thornton', 'Hopper Penn', ""Brian d'Arcy James""]",98,6,FALSE,FALSE,2023,2,FALSE,FALSE,7.884,0.0143,15,0,3.828641396,100,496,0,183353,582,61117.66667,194,FALSE
869612,Master Gardener,2023-05-19,1.6232,6.009,316,FALSE,['Hulu'],Paul Schrader,"['Drama', 'Crime', 'Mystery', 'Thriller']",4100000,"['Joel Edgerton', 'Sigourney Weaver', 'Quintessa Swindell']",111,4,FALSE,FALSE,2023,5,TRUE,FALSE,6.6205,0.8923,105.3333333,15.22649778,5.758901774,100,1132,0,924490,5382,308163.3333,1794,FALSE
1185832,Yeti Massacre,2023-09-23,2.0813,4.5,2,FALSE,['HBO Max'],John O'Mahony,['Documentary'],0,"['Vinny Balbo', 'Aaron Bell', 'Bryce Johnson']",84,1,FALSE,FALSE,2023,9,FALSE,FALSE,0.1592,0.9258,0.6666666667,0,1.098612289,0,0,0,39585,553,13195,184.3333333,FALSE
1081400,The Mill,2023-10-09,1.1572,5.753,83,FALSE,['Hulu'],Sean King O'Grady,"['Science Fiction', 'Horror']",0,"['Lil Rel Howery', 'Pat Healy', 'Karen Obilom']",106,5,FALSE,FALSE,2023,10,FALSE,FALSE,1.0516,0.1048,27.66666667,0,4.430816799,100,1176,0.08,757384,2708,252461.3333,902.6666667,FALSE
1093227,Lost in Tomorrow,2023-02-15,1.8111,4.5,2,FALSE,['Amazon Prime Video'],Kellen Gibbs,"['Science Fiction', 'Drama']",0,"['Charity Rose', 'Julia Parker', 'Richard Neil']",82,0,FALSE,FALSE,2023,2,FALSE,FALSE,0.8371,0.0143,0.6666666667,0,1.098612289,0,0,0,21691,50,7230.333333,16.66666667,FALSE
1123113,After the Bite,2023-06-21,2.0264,6.3,15,FALSE,['HBO Max'],Ivy Meeropol,['Documentary'],0,"['Lisa Sette', 'Greg Skomal', 'Meg Winton']",88,3,FALSE,FALSE,2023,6,TRUE,FALSE,0.1329,0.1733,5,0,2.772588722,0,0,0,829601,5655,276533.6667,1885,FALSE
1081609,Schoolhouse Rock! 50th Anniversary Singalong,2023-02-01,1.4632,6,2,FALSE,['Disney Plus'],R.J. Durell,"['Music', 'Comedy', 'Family', 'Documentary', 'TV Movie']",0,"['Ryan Seacrest', 'Julianne Hough', 'Kal Penn']",41,1,FALSE,FALSE,2023,2,FALSE,FALSE,1.815,0.306,0.6666666667,0,1.098612289,0,0,0,3163,50,1054.333333,16.66666667,FALSE
1203695,Holiday Twist,2023-12-01,1.7389,6.3,6,TRUE,['Amazon Prime Video'],Stephanie Garvin,"['Comedy', 'Romance']",0,"['Kelly Stables', 'Brian Thomas Smith', 'Hugh Sheridan']",105,0,FALSE,FALSE,2023,12,FALSE,TRUE,1.288,0.1528,2,0,1.945910149,0,0,0,54198,385,18066,128.3333333,FALSE
1103448,Half Sisters,2023-04-16,1.848,5.1,7,FALSE,['Amazon Prime Video'],Devin Fei-Fan Tau,"['Thriller', 'Horror', 'Mystery']",0,"['Kristy Dawn Dinsmore', 'Sydney Winbush', 'Darielle Mason']",78,2,FALSE,FALSE,2023,4,FALSE,FALSE,0.483,0.0404,2.333333333,0,2.079441542,0,0,0,63957,110,21319,36.66666667,FALSE
1053914,That's a Wrap,2023-08-25,2.4579,3.6,9,FALSE,['Amazon Prime Video'],Marcel Walz,['Horror'],0,"['Cerina Vincent', 'Monique Parent', 'Sarah French']",95,2,FALSE,FALSE,2023,8,TRUE,FALSE,2.1476,0.6508,3,0,2.302585093,0,0,0,22047,52,7349,17.33333333,FALSE
1094537,Colorado Christmas,2023-10-15,1.7576,6.25,8,FALSE,['Amazon Prime Video'],Elgin Cahill,"['Drama', 'Music', 'Romance']",0,"['Luba Bocian', 'Brit Ellerman', 'Diana DeGarmo']",94,0,FALSE,FALSE,2023,10,FALSE,FALSE,0.3033,0.0437,2.666666667,0,2.197224577,100,100,0,21216,159,7072,53,FALSE
1186238,Merry Good Enough,2023-10-12,1.4842,5,2,FALSE,['Amazon Prime Video'],Caroline Keene,"['Comedy', 'Drama']",0,"['Raye Levine', 'Joel Murray', 'Susan Gallagher']",98,3,FALSE,FALSE,2023,10,FALSE,FALSE,1.3394,0.0143,0.6666666667,0,1.098612289,0,0,0,83483,54,27827.66667,18,FALSE
1243324,A Taste of Praise,2023-08-01,1.89,1.5,2,FALSE,['Amazon Prime Video'],Greg Hodson,['N/A'],75000,"['Eddie McClintock', ""Kera O'Bryon"", 'Courtne Alyssa Moran']",77,0,FALSE,FALSE,2023,8,TRUE,FALSE,1.247,0.0143,0.6666666667,11.22525673,1.098612289,0,0,0,2554,31,851.3333333,10.33333333,FALSE
1011869,Reba McEntire's The Hammer,2023-01-07,1.269,6.741,27,FALSE,['Hulu'],Jeff Beesley,"['Drama', 'Mystery', 'Thriller']",0,"['Reba McEntire', 'Melissa Peterman', 'Rex Linn']",85,3,FALSE,FALSE,2023,1,FALSE,FALSE,2.1883,0.5743,9,0,3.33220451,100,100,0,419519,2986,139839.6667,995.3333333,FALSE
960469,Natty Knocks,2023-07-21,1.7116,5.1,32,FALSE,['Amazon Prime Video'],Dwight H. Little,"['Horror', 'Thriller']",0,"['Bill Moseley', 'Danielle Harris', 'Robert Englund']",90,0,FALSE,FALSE,2023,7,TRUE,FALSE,1.9338,2.271,10.66666667,0,3.496507561,0,0,0,169939,456,56646.33333,152,FALSE
1224458,Claudia Oshry: Lean In,2023-12-29,1.3739,0,0,FALSE,['Amazon Prime Video'],John P. Campbell,['Comedy'],0,['Claudia Oshry'],73,2,FALSE,FALSE,2023,12,FALSE,TRUE,0.0756,0.0589,0,0,0,0,0,0,45293,618,15097.66667,206,FALSE
1024773,It Lives Inside,2023-09-22,1.6176,5.708,272,TRUE,['Hulu'],Bishal Dutta,"['Horror', 'Mystery']",0,"['Megan Suri', 'Neeru Bajwa', 'Mohana Krishnan']",99,3,FALSE,FALSE,2023,9,FALSE,FALSE,1.8573,0,90.66666667,0,5.609471795,0,0,0,7222947,48744,2407649,16248,FALSE
1234652,Trinity's Triumph,2023-04-27,1.6458,0,0,TRUE,['Amazon Prime Video'],Michael J. Wickham,['Drama'],500000,"['Melissa Bolona', 'Davis Hall', 'Adriel Irizarry']",86,0,FALSE,FALSE,2023,4,FALSE,FALSE,0.8464,0.0286,0,13.12236538,0,0,0,0,1919,14,639.6666667,4.666666667,FALSE
1381434,Angel Mine,2023-08-08,1.6205,0,0,FALSE,['Amazon Prime Video'],Josh Menning,"['Drama', 'Romance']",0,"['Angela Cole', 'Tori Gideon', 'Meggie Jenny']",91,0,FALSE,FALSE,2023,8,TRUE,FALSE,1.5704,0.0818,0,0,0,0,0,0,139876,431,46625.33333,143.6666667,FALSE
1058638,Birth/Rebirth,2023-08-18,1.4247,6.372,148,FALSE,['Hulu'],Laura Moss,"['Horror', 'Mystery', 'Thriller', 'Drama', 'Science Fiction']",0,"['Marin Ireland', 'Judy Reyes', 'A.J. Lister']",99,3,FALSE,FALSE,2023,8,TRUE,FALSE,2.1413,1.0382,49.33333333,0,5.003946306,100,100,0,450053,2001,150017.6667,667,FALSE
1000728,Minnesota Mean,2023-04-13,1.703,0,0,FALSE,['Amazon Prime Video'],Dawn Mikkelson,['Documentary'],0,['N/A'],81,1,FALSE,FALSE,2023,4,FALSE,FALSE,0.2205,0.0193,0,0,0,0,0,0,2254,32,751.3333333,10.66666667,FALSE
1202146,Holiday Boyfriend,2023-11-24,2.1639,6,2,FALSE,['Amazon Prime Video'],Paul Collett,"['Comedy', 'Romance']",0,"['Natassia Malthe', 'Louis Mandylor', 'Sally Kirkland']",84,1,FALSE,FALSE,2023,11,FALSE,TRUE,2.181,0.1423,0.6666666667,0,1.098612289,0,0,0,29561,78,9853.666667,26,FALSE
1215862,Weird Al: Never Off Beat,2023-04-01,1.6453,1,2,FALSE,['Amazon Prime Video'],Roxane Schlumberger,"['Documentary', 'Music']",0,"['Sharon Feingold', ""'Weird Al' Yankovic""]",60,0,FALSE,FALSE,2023,4,FALSE,FALSE,0.519,0.1936,0.6666666667,0,1.098612289,0,0,0,79,1,26.33333333,0.3333333333,FALSE
1100862,Stuart Goldsmith: I Need You Alive,2023-02-23,1.8928,5.5,2,FALSE,['Amazon Prime Video'],Eric Abrams,['Comedy'],0,['Stuart Goldsmith'],65,0,FALSE,FALSE,2023,2,FALSE,FALSE,0.1211,0.1726,0.6666666667,0,1.098612289,0,0,0,137306,2220,45768.66667,740,FALSE
1101437,The Last Page,2023-03-17,1.0821,8,2,FALSE,['Amazon Prime Video'],Rob Diamond,['Drama'],0,"['Madison Bills', 'Adam Hightower', 'Sashleigha Hightower']",126,1,FALSE,FALSE,2023,3,FALSE,FALSE,1.3137,0.7819,0.6666666667,0,1.098612289,100,100,0,17013,51,5671,17,FALSE
1071866,Space Pups,2023-05-16,2.0354,7.4,16,FALSE,['Amazon Prime Video'],Jason Murphy,"['Adventure', 'Family', 'Science Fiction']",0,"['Myron Donley', 'Riley Madison Fuller', 'Elijah Green']",93,3,FALSE,FALSE,2023,5,TRUE,FALSE,0.0561,0,5.333333333,0,2.833213344,0,0,0,108022,326,36007.33333,108.6666667,FALSE
1072409,What's My Name Again?,2023-07-18,1.0939,10,1,FALSE,['Amazon Prime Video'],Spencer Zender,"['Comedy', 'Drama']",0,"['Ryan Winn', 'Allison Byrnes', 'Nick Schultz']",113,1,FALSE,FALSE,2023,7,TRUE,FALSE,0.0791,0.1635,0.3333333333,0,0.6931471806,0,0,0,3610,16,1203.333333,5.333333333,FALSE
858408,Dog Gone,2023-01-13,1.1932,6.217,191,FALSE,['Netflix'],Stephen Herek,"['Family', 'Adventure', 'Drama']",0,"['Johnny Berchtold', 'Rob Lowe', 'Kimberly Williams-Paisley']",95,2,FALSE,FALSE,2023,1,FALSE,FALSE,2.9454,1.2155,63.66666667,0,5.257495372,100,774,0.06,1094328,6866,364776,2288.666667,FALSE
982813,The Seven Faces of Jane,2023-01-13,0.9192,5,12,FALSE,['Amazon Prime Video'],Xan Cassavetes,['Drama'],0,"['Gillian Jacobs', 'Breeda Wool', 'Anthony Skordi']",93,1,FALSE,FALSE,2023,1,FALSE,FALSE,2.2887,0.2369,4,0,2.564949357,0,0,0,42500,335,14166.66667,111.6666667,FALSE
1068141,Mighty Morphin Power Rangers: Once & Always,2023-04-19,1.2576,6.541,281,FALSE,['Netflix'],Charlie Haskell,"['Action', 'Adventure', 'Science Fiction', 'Family']",0,"['David Yost', 'Walter Jones', 'Charlie Kersh']",55,2,FALSE,FALSE,2023,4,FALSE,FALSE,0.5027,0.3396,93.66666667,0,5.641907071,0,0,0,6246359,113876,2082119.667,37958.66667,FALSE
1032621,The Honeymoon Pact,2023-02-09,0.9728,6.125,8,FALSE,['Amazon Prime Video'],Jason Bourque,"['TV Movie', 'Comedy', 'Drama', 'Romance']",0,"['Debs Howard', 'Edward Ruttle', 'Kiran Madahar']",90,3,FALSE,FALSE,2023,2,FALSE,FALSE,1.5352,0.574,2.666666667,0,2.197224577,0,0,0,107554,802,35851.33333,267.3333333,FALSE
1142373,A Royal Makeover,2024-03-10,1.8154,5.727,11,FALSE,['Amazon Prime Video'],Damián Romay,"['TV Movie', 'Comedy', 'Romance', 'Family']",0,"['Veronica Long', 'Ricky Martinez', 'Raúl Arrieta']",90,2,FALSE,FALSE,2024,3,FALSE,FALSE,1.8653,0.2241,5.5,0,2.48490665,0,0,0,41424,135,20712,67.5,FALSE
1113460,Peppermint: So-SIGH-ety Effects,2023-04-18,1.4056,1,1,FALSE,['Amazon Prime Video'],Brian Volk-Weiss,['Comedy'],0,['Peppermint'],49,0,FALSE,FALSE,2023,4,FALSE,FALSE,0.5894,0.3144,0.3333333333,0,0.6931471806,0,0,0,2245,58,748.3333333,19.33333333,FALSE
1075519,The Locksmith,2023-02-03,1.6785,5.913,98,FALSE,['Hulu'],Nicolas Harvard,"['Thriller', 'Mystery', 'Action', 'Crime', 'Drama']",0,"['Ryan Phillippe', 'Kate Bosworth', 'Madeleine Guilbot']",91,3,FALSE,FALSE,2023,2,FALSE,FALSE,3.1997,0.1521,32.66666667,0,4.59511985,100,688,0,773086,604,257695.3333,201.3333333,FALSE
935069,Cypher,2023-11-24,1.8081,6.4,7,FALSE,['Hulu'],Chris Moukarbel,"['Documentary', 'Music', 'Drama']",0,"['Tierra Whack', 'Chris Moukarbel', 'Vanya Asher']",81,4,FALSE,FALSE,2023,11,FALSE,TRUE,0.7715,0.4828,2.333333333,0,2.079441542,100,167,0,8525,100,2841.666667,33.33333333,FALSE
1010124,Confessions of a Good Samaritan,2023-03-10,1.0154,0,0,FALSE,['Netflix'],Penny Lane,['Documentary'],0,['Penny Lane'],105,5,FALSE,FALSE,2023,3,FALSE,FALSE,2.2409,2.2409,0,0,0,0,0,0,3158,28,1052.666667,9.333333333,FALSE
703451,Your Place or Mine,2023-02-10,1.533,6.284,821,FALSE,['Netflix'],Aline Brosh McKenna,"['Romance', 'Comedy']",0,"['Reese Witherspoon', 'Ashton Kutcher', 'Jesse Williams']",109,3,FALSE,FALSE,2023,2,FALSE,FALSE,4.2433,0.3135,273.6666667,0,6.711740395,0,0,0,7407061,67455,2469020.333,22485,TRUE
1195473,A Cowboy Christmas Romance,2023-12-09,1.5038,7,10,FALSE,"['Netflix', 'Hulu']",Jake Helgren,"['TV Movie', 'Comedy', 'Romance']",0,"['Jana Kramer', 'Adam Senn', 'Mary-Margaret Humes']",85,1,FALSE,FALSE,2023,12,FALSE,TRUE,1.2746,0.319,3.333333333,0,2.397895273,100,134,0,314255,1120,104751.6667,373.3333333,FALSE
1114975,My Christmas Hero,2023-11-24,1.728,7.4,13,FALSE,['Amazon Prime Video'],Martin Wood,"['TV Movie', 'Drama', 'Romance']",0,"['Candace Cameron Bure', 'Gabriel Hogan', 'Irene Reynolds']",85,6,FALSE,FALSE,2023,11,FALSE,TRUE,1.6078,0,4.333333333,0,2.63905733,100,281,0,21738,160,7246,53.33333333,FALSE
1126032,I will not take care of you.,2023-09-12,1.5705,7.3,3,FALSE,['Amazon Prime Video'],Evan Cannon,"['Drama', 'Horror']",0,"['Joey Jupiter-Levin', 'John Brodsky', 'Luc Clopton']",90,1,FALSE,FALSE,2023,9,FALSE,FALSE,0.1816,0.0261,1,0,1.386294361,0,0,0,13397,1028,4465.666667,342.6666667,FALSE
1151703,Island Escape,2023-08-08,1.6505,4.632,19,FALSE,['Amazon Prime Video'],Bruce Wemple,"['Horror', 'Action', 'Science Fiction']",0,"['Chris Cimperman', 'Grant Schumacher', 'Ariella Mastroianni']",86,2,FALSE,FALSE,2023,8,TRUE,FALSE,0.1784,0.2468,6.333333333,0,2.995732274,100,639,0,53215,272,17738.33333,90.66666667,FALSE
1170966,The Great Turkey Town Miracle,2023-11-10,1.1095,5,1,TRUE,['Amazon Prime Video'],Angus Benfield,['Family'],0,"['Cameron Arnett', 'Corey Cannon', 'Angus Benfield']",83,2,FALSE,FALSE,2023,11,FALSE,TRUE,0.4353,0.4353,0.3333333333,0,0.6931471806,0,0,0,22920,201,7640,67,FALSE
1165485,aka Mr. Chow,2023-10-20,1.746,6.9,7,FALSE,['HBO Max'],Nick Hooker,['Documentary'],0,"['Peter Blake', 'Julian Schnabel', 'Edward Ruscha']",90,2,FALSE,FALSE,2023,10,FALSE,FALSE,0.8004,0.985,2.333333333,0,2.079441542,0,0,0,276024,4020,92008,1340,FALSE
1071950,Love by Design,2023-09-07,1.4971,4.5,6,FALSE,['Amazon Prime Video'],Jared Cohn,"['TV Movie', 'Comedy', 'Romance']",0,"['Jackie Moore', 'Jack Pearson', 'Joey Lawrence']",90,3,FALSE,FALSE,2023,9,FALSE,FALSE,4.0943,0,2,0,1.945910149,0,0,0,326802,13260,108934,4420,FALSE
1130276,Succubus,2024-09-24,34.1648,8.886,206,FALSE,['Amazon Prime Video'],R.J. Daniel Hanna,"['Horror', 'Thriller']",0,"['Brendan Bradley', 'Rachel Cook', 'Olivia Grace Applegate']",103,3,FALSE,FALSE,2024,9,FALSE,FALSE,3.1279,0.1174,103,0,5.332718793,100,1183,0.28,319037,955,159518.5,477.5,TRUE
1241982,Moana 2,2024-11-27,31.2532,7.019,2827,TRUE,['Disney Plus'],David G. Derrick Jr.,"['Family', 'Comedy', 'Adventure', 'Animation', 'Fantasy']",150000000,"['Auliʻi Cravalho', 'Dwayne Johnson', 'Hualālai Chung']",100,2,FALSE,TRUE,2024,11,FALSE,TRUE,6.2114,0.228,1413.5,18.82614586,7.947325027,100,998,0.2,22573433,206615,11286716.5,103307.5,TRUE
1022789,Inside Out 2,2024-06-14,29.2719,7.548,6310,TRUE,['Disney Plus'],Kelsey Mann,"['Animation', 'Adventure', 'Comedy', 'Family']",200000000,"['Amy Poehler', 'Maya Hawke', 'Kensington Tallman']",97,1,FALSE,TRUE,2024,6,TRUE,FALSE,14.3767,0.7925,3155,19.11382793,8.750049422,100,1258,0.2,68821271,575993,34410635.5,287996.5,TRUE
786892,Furiosa: A Mad Max Saga,2024-05-24,30.733,7.459,4554,TRUE,['HBO Max'],George Miller,"['Action', 'Science Fiction', 'Adventure']",168000000,"['Anya Taylor-Joy', 'Chris Hemsworth', 'Tom Burke']",149,3,FALSE,TRUE,2024,5,TRUE,FALSE,8.7648,1.3075,2277,18.93947454,8.42398081,100,374,0.05,29710140,234349,14855070,117174.5,TRUE
693134,Dune: Part Two,2024-03-01,28.2247,8.133,7289,TRUE,['HBO Max'],Denis Villeneuve,"['Science Fiction', 'Adventure']",190000000,"['Timothée Chalamet', 'Zendaya', 'Rebecca Ferguson']",167,1,FALSE,TRUE,2024,3,FALSE,FALSE,9.4193,2.7082,3644.5,19.06253464,8.894258825,100,1209,0.21,30794405,435881,15397202.5,217940.5,TRUE
533535,Deadpool & Wolverine,2024-07-26,30.4489,7.567,8026,TRUE,['Disney Plus'],Shawn Levy,"['Action', 'Comedy', 'Science Fiction']",200000000,"['Ryan Reynolds', 'Hugh Jackman', 'Emma Corrin']",128,6,TRUE,TRUE,2024,7,TRUE,FALSE,7.7104,3.0436,4013,19.11382793,8.990566138,100,1140,0.2,39370314,583354,19685157,291677,TRUE
845781,Red One,2024-11-15,28.7166,7.026,2798,TRUE,['Amazon Prime Video'],Jake Kasdan,"['Action', 'Comedy', 'Fantasy']",250000000,"['Dwayne Johnson', 'Chris Evans', 'Lucy Liu']",124,4,FALSE,FALSE,2024,11,FALSE,TRUE,7.2785,0.8,1399,19.33697148,7.93701749,100,1389,0.94,23467723,111892,11733861.5,55946,TRUE
402431,Wicked,2024-11-22,28.7743,6.925,2703,TRUE,['Amazon Prime Video'],Jon M. Chu,"['Drama', 'Romance', 'Fantasy']",150000000,"['Cynthia Erivo', 'Ariana Grande', 'Michelle Yeoh']",162,2,TRUE,TRUE,2024,11,FALSE,TRUE,4.541,0.973,1351.5,18.82614586,7.902487437,100,1086,0.14,24584519,315679,12292259.5,157839.5,TRUE
1032823,Trap,2024-08-02,16.6644,6.251,2555,TRUE,['HBO Max'],M. Night Shyamalan,"['Crime', 'Thriller']",30000000,"['Josh Hartnett', 'Ariel Donoghue', 'Saleka Night Shyamalan']",105,1,FALSE,FALSE,2024,8,TRUE,FALSE,4.1599,2.3584,1277.5,17.21670797,7.846198815,100,966,0.24,28708283,130846,14354141.5,65423,TRUE
823464,Godzilla x Kong: The New Empire,2024-03-29,23.7566,7.07,4429,TRUE,['HBO Max'],Adam Wingard,"['Action', 'Adventure', 'Science Fiction']",150000000,"['Rebecca Hall', 'Brian Tyree Henry', 'Dan Stevens']",115,1,FALSE,TRUE,2024,3,FALSE,FALSE,3.9081,1.0104,2214.5,18.82614586,8.396154863,100,837,0.11,39075489,810644,19537744.5,405322,TRUE
1084222,Operation Blood Hunt,2024-10-04,19.8147,6.7,52,FALSE,['Amazon Prime Video'],Louis Mandylor,"['Action', 'Adventure', 'Horror']",0,"[""Quinton 'Rampage' Jackson"", 'Jonathan Rhys Meyers', 'Louis Mandylor']",94,3,FALSE,FALSE,2024,10,FALSE,FALSE,3.8713,1.7301,26,0,3.970291914,100,197,1,422412,988,211206,494,FALSE
519182,Despicable Me 4,2024-07-03,20.6753,7.006,2997,TRUE,['Netflix'],Chris Renaud,"['Family', 'Comedy', 'Animation', 'Science Fiction']",100000000,"['Steve Carell', 'Kristen Wiig', 'Will Ferrell']",94,2,TRUE,TRUE,2024,7,TRUE,FALSE,3.6425,0.0535,1498.5,18.42068075,8.005700679,100,1471,0.25,29696630,295173,14848315,147586.5,TRUE
939243,Sonic the Hedgehog 3,2024-12-20,22.0597,7.642,3059,TRUE,['Amazon Prime Video'],Jeff Fowler,"['Action', 'Science Fiction', 'Comedy', 'Family']",122000000,"['Jim Carrey', 'Ben Schwartz', 'Keanu Reeves']",110,6,TRUE,TRUE,2024,12,FALSE,TRUE,10.1837,0.4385,1529.5,18.61953161,8.026170195,100,1442,0.23,29969644,388651,14984822,194325.5,TRUE
558449,Gladiator II,2024-11-22,17.8048,6.648,4057,TRUE,['Amazon Prime Video'],Ridley Scott,"['Action', 'Adventure', 'Drama']",310000000,"['Paul Mescal', 'Denzel Washington', 'Pedro Pascal']",148,3,TRUE,TRUE,2024,11,FALSE,TRUE,11.9419,2.7653,2028.5,19.55208286,8.30844552,100,1150,0.28,24433076,188815,12216538,94407.5,TRUE
912649,Venom: The Last Dance,2024-10-25,18.9739,6.672,3906,TRUE,['Netflix'],Kelly Marcel,"['Action', 'Science Fiction', 'Adventure']",120000000,"['Tom Hardy', 'Chiwetel Ejiofor', 'Juno Temple']",109,5,FALSE,TRUE,2024,10,FALSE,FALSE,8.4397,1.0735,1953,18.60300231,8.270525095,100,1262,0.18,40287411,620770,20143705.5,310385,TRUE
1064213,Anora,2024-10-18,18.7173,7.053,2800,TRUE,['Hulu'],Sean Baker,"['Drama', 'Comedy', 'Romance']",6000000,"['Mikey Madison', 'Mark Eydelshteyn', 'Yura Borisov']",139,2,FALSE,FALSE,2024,10,FALSE,FALSE,2.9396,1.8234,1400,15.60727019,7.937731775,100,1576,0.61,5522269,19223,2761134.5,9611.5,TRUE
866398,The Beekeeper,2024-01-12,15.7761,7.268,3917,TRUE,['Amazon Prime Video'],David Ayer,"['Action', 'Crime', 'Thriller']",35000000,"['Jason Statham', 'Emmy Raver-Lampman', 'Josh Hutcherson']",106,3,FALSE,TRUE,2024,1,FALSE,FALSE,16.1735,1.2961,1958.5,17.37085865,8.273336599,100,1571,0.55,19722596,90341,9861298,45170.5,TRUE
762509,Mufasa: The Lion King,2024-12-20,18.1863,7.336,2468,TRUE,['Disney Plus'],Barry Jenkins,"['Adventure', 'Family', 'Animation']",200000000,"['Aaron Pierre', 'Kelvin Harrison', 'Jr.', 'Tiffany Boone']",118,1,TRUE,TRUE,2024,12,FALSE,TRUE,2.1597,0.0239,1234,19.11382793,7.811568489,100,1307,0.21,35386662,316732,17693331,158366,TRUE
929590,Civil War,2024-04-12,15.6888,6.853,3981,TRUE,['HBO Max'],Alex Garland,"['War', 'Action', 'Drama']",50000000,"['Kirsten Dunst', 'Wagner Moura', 'Cailee Spaeny']",109,3,FALSE,FALSE,2024,4,FALSE,FALSE,6.6084,1.4918,1990.5,17.72753358,8.289539485,100,1001,0.13,26952269,167283,13476134.5,83641.5,TRUE
1184918,The Wild Robot,2024-09-27,18.209,8.317,5563,TRUE,['Netflix'],Chris Sanders,"['Animation', 'Science Fiction', 'Family', 'Adventure', 'Drama']",78000000,"[""Lupita Nyong'o"", 'Pedro Pascal', 'Kit Connor']",102,1,FALSE,TRUE,2024,9,FALSE,FALSE,11.9419,1.8961,2781.5,18.1722194,8.624072553,100,1483,0.45,21766218,202039,10883109,101019.5,TRUE
917496,Beetlejuice Beetlejuice,2024-09-06,15.2872,6.956,2889,TRUE,['HBO Max'],Tim Burton,"['Comedy', 'Fantasy', 'Horror']",99000000,"['Michael Keaton', 'Winona Ryder', ""Catherine O'Hara""]",105,6,FALSE,TRUE,2024,9,FALSE,FALSE,9.6401,3.2205,1444.5,18.41063042,7.969011781,100,897,0.14,22077531,172662,11038765.5,86331,TRUE
933260,The Substance,2024-09-20,18.3108,7.144,5447,TRUE,['HBO Max'],Coralie Fargeat,"['Horror', 'Science Fiction', 'Thriller', 'Drama']",17500000,"['Demi Moore', 'Margaret Qualley', 'Dennis Quaid']",141,3,FALSE,FALSE,2024,9,FALSE,FALSE,7.0623,0.977,2723.5,16.6777115,8.603003848,0,0,0,17452475,75232,8726237.5,37616,TRUE
1156593,Your Fault,2024-12-26,16.1218,7.131,1465,FALSE,['Amazon Prime Video'],Domingo González,"['Drama', 'Romance']",0,"['Nicole Wallace', 'Gabriel Guevara', 'Marta Hazas']",118,2,FALSE,TRUE,2024,12,FALSE,TRUE,10.288,0.0256,732.5,0,7.290292882,100,599,0.05,1012566,3879,506283,1939.5,TRUE
539972,Kraven the Hunter,2024-12-13,12.9871,6.466,2129,TRUE,['Netflix'],J.C. Chandor,"['Action', 'Adventure', 'Thriller']",130000000,"['Aaron Taylor-Johnson', 'Ariana DeBose', 'Fred Hechinger']",127,3,FALSE,FALSE,2024,12,FALSE,TRUE,4.5672,4.9141,1064.5,18.68304502,7.663877259,100,902,0.1,5795722,90595,2897861,45297.5,TRUE
634492,Madame Web,2024-02-14,13.4088,5.317,2420,TRUE,['Disney Plus'],S.J. Clarkson,"['Action', 'Fantasy']",80000000,"['Dakota Johnson', 'Sydney Sweeney', 'Isabela Merced']",117,2,FALSE,FALSE,2024,2,FALSE,FALSE,18.8964,0.9095,1210,18.19753721,7.791935957,100,904,0.08,31382696,163232,15691348,81616,TRUE
1186532,The Forge,2024-08-23,14.2938,8.276,310,TRUE,['Netflix'],Alex Kendrick,"['Drama', 'Family']",5000000,"['Aspen Kennedy Wilson', 'Priscilla C. Shirer', 'Cameron Arnett']",123,3,FALSE,FALSE,2024,8,TRUE,FALSE,1.5675,0.6236,155,15.42494867,5.739792912,100,1313,0.18,1448537,13899,724268.5,6949.5,TRUE
1064375,Paradox Effect,2024-09-24,14.5829,5.492,66,FALSE,['Amazon Prime Video'],Scott Weintrob,"['Action', 'Thriller']",0,"['Olga Kurylenko', 'Harvey Keitel', 'Oliver Trevena']",88,1,FALSE,FALSE,2024,9,FALSE,FALSE,5.4681,0.1329,33,0,4.204692619,0,0,0,528117,933,264058.5,466.5,FALSE
1226578,Longlegs,2024-07-12,12.927,6.559,2365,TRUE,['Hulu'],Osgood Perkins,"['Crime', 'Horror', 'Thriller']",10000000,"['Maika Monroe', 'Nicolas Cage', 'Blair Underwood']",101,5,FALSE,FALSE,2024,7,TRUE,FALSE,7.0942,0.7289,1182.5,16.11809575,7.768956045,0,0,0,19129319,78202,9564659.5,39101,TRUE
653346,Kingdom of the Planet of the Apes,2024-05-10,14.7551,7.056,4009,TRUE,['HBO Max'],Wes Ball,"['Science Fiction', 'Adventure', 'Action']",160000000,"['Owen Teague', 'Freya Allan', 'Kevin Durand']",145,3,TRUE,TRUE,2024,5,TRUE,FALSE,4.8837,0.8747,2004.5,18.89068438,8.29654652,0,0,0,23677485,232834,11838742.5,116417,TRUE
1034541,Terrifier 3,2024-10-11,12.6236,6.814,1831,TRUE,['Amazon Prime Video'],Damien Leone,"['Horror', 'Thriller']",2000000,"['Lauren LaVera', 'David Howard Thornton', 'Samantha Scaffidi']",125,5,FALSE,TRUE,2024,10,FALSE,FALSE,1.6266,1.5492,915.5,14.50865824,7.513163545,0,0,0,10507735,110562,5253867.5,55281,TRUE
639720,IF,2024-05-17,12.7108,7,1491,TRUE,['Amazon Prime Video'],John Krasinski,"['Comedy', 'Fantasy', 'Family']",110000000,"['Cailey Fleming', 'Ryan Reynolds', 'John Krasinski']",104,3,TRUE,FALSE,2024,5,TRUE,FALSE,7.7104,5.2315,745.5,18.51599093,7.307872781,0,0,0,25237082,38063,12618541,19031.5,TRUE
573435,Bad Boys: Ride or Die,2024-06-07,14.0745,7.345,3141,TRUE,['Netflix'],Adil El Arbi,"['Action', 'Comedy', 'Crime', 'Thriller', 'Adventure']",100000000,"['Will Smith', 'Martin Lawrence', 'Vanessa Hudgens']",115,4,FALSE,TRUE,2024,6,TRUE,FALSE,5.1275,0.8987,1570.5,18.42068075,8.052614819,0,0,0,10011524,120816,5005762,60408,TRUE
1138194,Heretic,2024-11-08,11.8728,6.973,2336,TRUE,['HBO Max'],Scott Beck,"['Horror', 'Thriller']",10000000,"['Hugh Grant', 'Sophie Thatcher', 'Chloe East']",111,4,FALSE,FALSE,2024,11,FALSE,TRUE,4.6677,0.8607,1168,16.11809575,7.756623335,0,0,0,21904396,162144,10952198,81072,TRUE
1097549,Babygirl,2024-12-25,12.8858,5.705,1033,TRUE,['HBO Max'],Halina Reijn,"['Drama', 'Romance']",20000000,"['Nicole Kidman', 'Harris Dickinson', 'Antonio Banderas']",115,3,FALSE,FALSE,2024,12,FALSE,TRUE,7.6125,1.2839,516.5,16.81124288,6.941190055,0,0,0,18128895,78725,9064447.5,39362.5,TRUE
870360,The Day the Earth Blew Up: A Looney Tunes Movie,2025-03-14,10.5319,7.667,184,TRUE,['HBO Max'],Peter Browngardt,"['Family', 'Comedy', 'Adventure', 'Animation', 'Science Fiction']",15000000,"['Eric Bauza', 'Candi Milo', 'Peter MacNicol']",91,1,FALSE,FALSE,2025,3,FALSE,FALSE,2.0643,0.2572,184,16.52356083,5.220355825,0,0,0,2139170,6639,2139170,6639,TRUE
549509,The Brutalist,2024-12-20,10.914,6.964,1445,TRUE,['HBO Max'],Brady Corbet,"['Drama', 'History']",9600000,"['Adrien Brody', 'Felicity Jones', 'Guy Pearce']",215,9,FALSE,FALSE,2024,12,FALSE,TRUE,4.0406,1.0388,722.5,16.07727376,7.276556403,0,0,0,7353538,52736,3676769,26368,TRUE
359410,Road House,2024-03-08,10.495,6.94,2790,FALSE,['Amazon Prime Video'],Doug Liman,"['Action', 'Thriller']",85000000,"['Jake Gyllenhaal', 'Billy Magnussen', 'Travis Van Winkle']",121,2,FALSE,TRUE,2024,3,FALSE,FALSE,8.8143,0.9197,1395,18.25816183,7.934155234,0,0,0,24203858,244575,12101929,122287.5,TRUE
426063,Nosferatu,2024-12-25,10.6844,6.697,3296,TRUE,['Amazon Prime Video'],Robert Eggers,"['Horror', 'Fantasy']",50000000,"['Lily-Rose Depp', 'Nicholas Hoult', 'Bill Skarsgård']",133,4,FALSE,FALSE,2024,12,FALSE,TRUE,18.1172,1.2636,1648,17.72753358,8.100768243,0,0,0,22216659,144908,11108329.5,72454,TRUE
1100782,Smile 2,2024-10-18,10.8896,6.595,1919,TRUE,['Amazon Prime Video'],Parker Finn,"['Horror', 'Mystery']",28000000,"['Naomi Scott', 'Rosemarie DeWitt', 'Lukas Gage']",127,3,TRUE,TRUE,2024,10,FALSE,FALSE,3.9702,0.9686,959.5,17.1477151,7.560080465,0,0,0,15327844,45395,7663922,22697.5,TRUE
748783,The Garfield Movie,2024-05-24,11.7478,7.02,1366,TRUE,['Netflix'],Mark Dindal,"['Family', 'Comedy', 'Adventure', 'Animation']",60000000,"['Chris Pratt', 'Samuel L. Jackson', 'Hannah Waddingham']",101,7,FALSE,TRUE,2024,5,TRUE,FALSE,9.6726,0.3932,683,17.90985514,7.220373837,0,0,0,15022002,157514,7511001,78757,TRUE
763215,Damsel,2024-03-08,11.1673,6.99,2625,FALSE,['Netflix'],Juan Carlos Fresnadillo,"['Fantasy', 'Action', 'Adventure']",60000000,"['Millie Bobby Brown', 'Brooke Carter', 'Nick Robinson']",107,3,FALSE,FALSE,2024,3,FALSE,FALSE,15.6006,0.2821,1312.5,17.90985514,7.873217055,0,0,0,14884120,152164,7442060,76082,TRUE
1064028,Subservience,2024-09-13,10.2803,6.627,907,FALSE,['Netflix'],SK Dale,"['Science Fiction', 'Horror', 'Thriller']",4400000,"['Megan Fox', 'Michele Morrone', 'Madeline Zima']",105,3,FALSE,FALSE,2024,9,FALSE,FALSE,8.3184,0.2591,453.5,15.29711533,6.811244379,0,0,0,791449,4228,395724.5,2114,TRUE
970450,Werewolves,2024-12-06,10.7273,5.9,457,TRUE,['Hulu'],Steven C. Miller,"['Action', 'Horror', 'Thriller']",0,"['Frank Grillo', 'Katrina Law', 'Ilfenesh Hadera']",93,3,FALSE,FALSE,2024,12,FALSE,TRUE,4.308,0.4368,228.5,0,6.126869184,0,0,0,1537939,21963,768969.5,10981.5,TRUE
967847,Ghostbusters: Frozen Empire,2024-03-22,8.5929,6.479,1991,TRUE,['Netflix'],Gil Kenan,"['Fantasy', 'Adventure', 'Comedy']",100000000,"['Mckenna Grace', 'Paul Rudd', 'Carrie Coon']",115,2,FALSE,TRUE,2024,3,FALSE,FALSE,10.0859,0.5463,995.5,18.42068075,7.596894438,0,0,0,5879470,94596,2939735,47298,TRUE
698687,Transformers One,2024-09-20,9.7605,8,1462,TRUE,['Amazon Prime Video'],Josh Cooley,"['Animation', 'Science Fiction', 'Adventure', 'Family']",75000000,"['Chris Hemsworth', 'Brian Tyree Henry', 'Scarlett Johansson']",104,6,FALSE,FALSE,2024,9,FALSE,FALSE,24.8595,0.7755,731,18.13299868,7.288244401,0,0,0,3445788,75481,1722894,37740.5,TRUE
843527,The Idea of You,2024-05-02,8.301,7.336,1823,FALSE,['Amazon Prime Video'],Michael Showalter,"['Romance', 'Drama', 'Comedy']",0,"['Anne Hathaway', 'Nicholas Galitzine', 'Ella Rubin']",116,5,FALSE,FALSE,2024,5,TRUE,FALSE,11.6934,0.5568,911.5,0,7.508787171,0,0,0,15786587,98543,7893293.5,49271.5,TRUE
718821,Twisters,2024-07-19,8.8271,6.798,2736,TRUE,['Amazon Prime Video'],Lee Isaac Chung,"['Action', 'Thriller']",155000000,"['Daisy Edgar-Jones', 'Glen Powell', 'Anthony Ramos']",123,4,TRUE,TRUE,2024,7,TRUE,FALSE,6.2036,0.7251,1368,18.85893568,7.914617709,0,0,0,25553820,101573,12776910,50786.5,TRUE
592983,Spellbound,2024-11-22,7.9849,6.6,285,FALSE,['Netflix'],Vicky Jenson,"['Animation', 'Fantasy', 'Family', 'Adventure', 'Comedy']",0,"['Rachel Zegler', 'Miguel Bernardeau', 'Giovanna Bush']",111,2,FALSE,FALSE,2024,11,FALSE,TRUE,2.4938,1.0276,142.5,0,5.655991811,0,0,0,11787125,11504,5893562.5,5752,TRUE
948549,Love Lies Bleeding,2024-03-08,9.144,6.579,873,TRUE,['HBO Max'],Rose Glass,"['Crime', 'Romance', 'Thriller', 'Drama']",10000000,"['Kristen Stewart', ""Katy O'Brian"", 'Ed Harris']",104,4,FALSE,FALSE,2024,3,FALSE,FALSE,4.9595,0.6361,436.5,16.11809575,6.773080376,0,0,0,7156433,53019,3578216.5,26509.5,TRUE
1248753,Amber Alert,2024-09-27,9.2226,7.046,219,TRUE,['Hulu'],Kerry Bellessa,"['Thriller', 'Drama']",0,"['Hayden Panettiere', 'Tyler James Williams', 'Kevin Dunn']",91,3,FALSE,FALSE,2024,9,FALSE,FALSE,4.5578,0.0692,109.5,0,5.393627546,0,0,0,1536473,9369,768236.5,4684.5,FALSE
889737,Joker: Folie à Deux,2024-10-04,8.021,5.41,2704,TRUE,"['Amazon Prime Video', 'HBO Max']",Todd Phillips,"['Drama', 'Crime', 'Thriller']",190000000,"['Joaquin Phoenix', 'Lady Gaga', 'Brendan Gleeson']",138,3,FALSE,TRUE,2024,10,FALSE,FALSE,4.3612,0.0327,1352,19.06253464,7.902857191,0,0,0,34711830,532654,17355915,266327,TRUE
831815,Saving Bikini Bottom: The Sandy Cheeks Movie,2024-08-02,7.4911,6.037,136,FALSE,['Netflix'],Liza Johnson,"['Family', 'Comedy', 'Adventure', 'Animation']",100000000,"['Carolyn Lawrence', 'Tom Kenny', 'Clancy Brown']",87,1,FALSE,FALSE,2024,8,TRUE,FALSE,4.4825,0.5983,68,18.42068075,4.919980926,0,0,0,1666115,28306,833057.5,14153,FALSE
762441,A Quiet Place: Day One,2024-06-28,7.8585,6.684,3066,TRUE,['Amazon Prime Video'],Michael Sarnoski,"['Horror', 'Science Fiction', 'Thriller']",67000000,"[""Lupita Nyong'o"", 'Joseph Quinn', 'Alex Wolff']",100,3,TRUE,FALSE,2024,6,TRUE,FALSE,9.1688,0.5239,1533,18.02020319,8.028455164,0,0,0,29711186,325101,14855593,162550.5,TRUE
1029235,Azrael,2024-09-27,8.6909,5.942,377,FALSE,['Hulu'],E.L. Katz,"['Action', 'Horror', 'Thriller']",12000000,"['Samara Weaving', 'Vic Carmen Sonne', 'Katariina Unt']",86,2,FALSE,FALSE,2024,9,FALSE,FALSE,4.771,0.901,188.5,16.30041729,5.934894196,0,0,0,4993878,9232,2496939,4616,TRUE
937287,Challengers,2024-04-26,8.7507,6.93,2476,TRUE,['Amazon Prime Video'],Luca Guadagnino,"['Drama', 'Romance']",55000000,"['Zendaya', 'Mike Faist', ""Josh O'Connor""]",132,4,FALSE,FALSE,2024,4,FALSE,FALSE,11.9388,1.2641,1238,17.82284376,7.814803429,0,0,0,2117092,12928,1058546,6464,TRUE
974453,Absolution,2024-11-01,7.2598,5.9,480,TRUE,['Hulu'],Hans Petter Moland,"['Action', 'Crime', 'Thriller', 'Mystery']",30000000,"['Liam Neeson', 'Ron Perlman', 'Yolonda Ross']",112,3,FALSE,FALSE,2024,11,FALSE,TRUE,6.9994,0.3669,240,17.21670797,6.17586727,0,0,0,1608992,8154,804496,4077,TRUE
1371727,Sing: Thriller,2024-10-16,8.5722,7.173,194,FALSE,['Netflix'],Garth Jennings,"['Animation', 'Family', 'Comedy', 'Music']",0,"['Matthew McConaughey', 'Tori Kelly', 'Nick Kroll']",11,2,TRUE,FALSE,2024,10,FALSE,FALSE,7.886,0.8396,97,0,5.272999559,0,0,0,1112163,13660,556081.5,6830,FALSE
955916,Lift,2024-01-10,6.8437,6.44,1383,FALSE,['Netflix'],F. Gary Gray,"['Action', 'Comedy', 'Crime']",0,"['Kevin Hart', 'Gugu Mbatha-Raw', 'Sam Worthington']",107,3,FALSE,FALSE,2024,1,FALSE,FALSE,8.654,0.9551,691.5,0,7.232733136,0,0,0,34872640,59134,17436320,29567,TRUE
1005331,Carry-On,2024-12-05,7.8599,6.897,2525,FALSE,['Netflix'],Jaume Collet-Serra,"['Thriller', 'Action']",47000000,"['Taron Egerton', 'Jason Bateman', 'Sofia Carson']",120,2,FALSE,FALSE,2024,12,FALSE,TRUE,6.5904,0.5771,1262.5,17.66565818,7.834392303,0,0,0,7355314,87739,3677657,43869.5,TRUE
839033,The Lord of the Rings: The War of the Rohirrim,2024-12-13,6.3503,6.558,744,TRUE,['HBO Max'],Kenji Kamiyama,"['Animation', 'Fantasy', 'Adventure', 'Action']",30000000,"['Brian Cox', 'Gaia Wise', 'Luke Pasqualino']",134,6,FALSE,FALSE,2024,12,FALSE,TRUE,3.1062,1.2318,372,17.21670797,6.613384218,0,0,0,23728256,135177,11864128,67588.5,TRUE
1234811,Our Little Secret,2024-11-27,6.7913,6.3,545,FALSE,['Netflix'],Stephen Herek,"['Romance', 'Comedy', 'Drama']",0,"['Lindsay Lohan', 'Ian Harding', 'Kristin Chenoweth']",101,2,FALSE,FALSE,2024,11,FALSE,TRUE,2.8178,1.2155,272.5,0,6.302618976,0,0,0,1747362,22562,873681,11281,TRUE
1163029,Popular Theory,2024-02-09,6.4772,7.176,17,TRUE,['Amazon Prime Video'],Ali Scher,"['Family', 'Comedy', 'Science Fiction']",0,"['Sophia Reid-Gantzert', 'Lincoln Lambert', 'Chloe East']",88,0,FALSE,FALSE,2024,2,FALSE,FALSE,2.1889,0.1861,8.5,0,2.890371758,0,0,0,343071,338,171535.5,169,FALSE
971606,Out of My Mind,2024-01-19,6.7549,7.81,79,FALSE,['Disney Plus'],Amber Sealey,['Drama'],0,"['Phoebe-Rae Taylor', 'Rosemarie DeWitt', 'Luke Kirby']",107,3,FALSE,FALSE,2024,1,FALSE,FALSE,1.4147,0.0604,39.5,0,4.382026635,0,0,0,4635963,49107,2317981.5,24553.5,TRUE
974576,Conclave,2024-10-25,8.3768,7.194,3065,TRUE,['Amazon Prime Video'],Edward Berger,"['Drama', 'Thriller']",20000000,"['Ralph Fiennes', 'Stanley Tucci', 'John Lithgow']",120,3,FALSE,FALSE,2024,10,FALSE,FALSE,5.8363,0.0143,1532.5,16.81124288,8.028129059,0,0,0,25609442,43423,12804721,21711.5,TRUE
1114513,Speak No Evil,2024-09-13,9.1323,7.179,1830,TRUE,['Amazon Prime Video'],James Watkins,"['Horror', 'Thriller']",15000000,"['James McAvoy', 'Mackenzie Davis', 'Scoot McNairy']",110,1,FALSE,FALSE,2024,9,FALSE,FALSE,4.2164,1.2474,915,16.52356083,7.512617545,0,0,0,21639558,44925,10819779,22462.5,TRUE
1014590,Upgraded,2024-02-07,7.1661,7.2,955,FALSE,['Amazon Prime Video'],Carlson Young,"['Romance', 'Comedy']",0,"['Camila Mendes', 'Archie Renaux', 'Marisa Tomei']",105,5,FALSE,FALSE,2024,2,FALSE,FALSE,5.4814,1.1321,477.5,0,6.862757913,0,0,0,9610565,49372,4805282.5,24686,TRUE
1098378,Your Monster,2024-10-25,6.9482,6.556,81,TRUE,['HBO Max'],Caroline Lindy,"['Romance', 'Comedy', 'Horror']",0,"['Melissa Barrera', 'Tommy Dewey', 'Edmund Donovan']",104,2,FALSE,FALSE,2024,10,FALSE,FALSE,1.9801,1.6483,40.5,0,4.406719247,0,0,0,854358,8957,427179,4478.5,FALSE
1300962,The Beast Within,2024-07-26,7.2576,5.709,212,TRUE,['Amazon Prime Video'],Alexander J. Farrell,"['Horror', 'Drama', 'Thriller']",0,"['Kit Harington', 'Ashleigh Cummings', 'Caoilinn Springall']",97,2,FALSE,FALSE,2024,7,TRUE,FALSE,3.5531,0.1387,106,0,5.361292166,0,0,0,1688313,4809,844156.5,2404.5,FALSE
974262,Descendants: The Rise of Red,2024-07-12,6.7893,6.758,451,FALSE,['Disney Plus'],Jennifer Phang,"['Fantasy', 'Adventure', 'Family', 'Comedy']",0,"['Kylie Cantrall', 'Malia Baker', 'Ruby Rose Turner']",92,4,FALSE,TRUE,2024,7,TRUE,FALSE,2.158,0.3407,225.5,0,6.11368218,0,0,0,10853136,38933,5426568,19466.5,TRUE
972614,Knox Goes Away,2024-03-15,5.2062,6.954,450,FALSE,['HBO Max'],Michael Keaton,"['Action', 'Crime', 'Thriller']",963703,"['Michael Keaton', 'Al Pacino', 'Marcia Gay Harden']",114,4,FALSE,FALSE,2024,3,FALSE,FALSE,4.3054,4.0184,225,13.77853947,6.11146734,0,0,0,535572,3896,267786,1948,TRUE
748167,Uglies,2024-09-13,6.2768,5.762,869,FALSE,['Netflix'],McG,"['Science Fiction', 'Adventure', 'Action']",0,"['Joey King', 'Brianne Tju', 'Keith Powers']",100,4,FALSE,FALSE,2024,9,FALSE,FALSE,6.7688,0.8347,434.5,0,6.768493212,0,0,0,4284845,53877,2142422.5,26938.5,TRUE
666035,Wanted Man,2024-01-19,6.3185,6.622,94,FALSE,"['Netflix', 'Hulu']",Dolph Lundgren,['Action'],0,"['Dolph Lundgren', 'Christina Villa', 'Kelsey Grammer']",85,4,FALSE,FALSE,2024,1,FALSE,FALSE,5.1077,5.1077,47,0,4.553876892,0,0,0,787909,1568,393954.5,784,FALSE
774531,Young Woman and the Sea,2024-05-31,6.7012,7.9,393,FALSE,['Disney Plus'],Joachim Rønning,"['History', 'Drama']",40000000,"['Daisy Ridley', 'Tilda Cobham-Hervey', 'Stephen Graham']",129,2,TRUE,FALSE,2024,5,TRUE,FALSE,3.9189,1.0734,196.5,17.50439004,5.976350909,0,0,0,2380481,12631,1190240.5,6315.5,TRUE
1308757,Dead Sea,2024-07-26,7.2044,6.284,206,FALSE,['Hulu'],Phil Volken,"['Crime', 'Horror', 'Thriller']",0,"['Isabel Gravitt', 'Alexander Wraith', 'Dean Cameron']",88,2,FALSE,FALSE,2024,7,TRUE,FALSE,1.4221,0.5754,103,0,5.332718793,0,0,0,829656,1739,414828,869.5,FALSE
1079810,The Long Game,2024-04-12,6.1869,7,80,TRUE,['Netflix'],Julio Quintana,"['Drama', 'Family']",0,"['Jay Hernandez', 'Dennis Quaid', 'Cheech Marin']",110,5,FALSE,FALSE,2024,4,FALSE,FALSE,3.6634,0.1674,40,0,4.394449155,0,0,0,747949,4016,373974.5,2008,FALSE
1035048,Elevation,2024-11-08,6.6329,6.459,841,FALSE,['HBO Max'],George Nolfi,"['Action', 'Science Fiction', 'Thriller']",18000000,"['Anthony Mackie', 'Morena Baccarin', 'Maddie Hasson']",91,4,FALSE,FALSE,2024,11,FALSE,TRUE,11.1641,0.942,420.5,16.70588237,6.735780014,0,0,0,2680883,4888,1340441.5,2444,TRUE
873967,The Devil’s Trap,2024-11-01,7.3857,7.6,5,TRUE,['Amazon Prime Video'],Mike Mendez,"['Horror', 'Thriller']",0,"['Bruce Dern', 'Sofia Nistratova', 'Nick Davi']",90,1,FALSE,FALSE,2024,11,FALSE,TRUE,3.1036,0.3057,2.5,0,1.791759469,0,0,0,8853,42,4426.5,21,FALSE
1327537,Dead Money,2024-09-13,6.4438,5.3,6,TRUE,['Hulu'],Luc Walpoth,"['Thriller', 'Crime']",0,"['Emile Hirsch', 'David Keith', 'India Eisley']",100,1,FALSE,FALSE,2024,9,FALSE,FALSE,2.9899,0.3093,3,0,1.945910149,0,0,0,145641,1135,72820.5,567.5,FALSE
1022690,Ricky Stanicky,2024-02-21,6.7812,6.534,729,FALSE,['Amazon Prime Video'],Peter Farrelly,['Comedy'],0,"['Zac Efron', 'John Cena', 'Andrew Santino']",112,5,FALSE,FALSE,2024,2,FALSE,FALSE,7.1304,1.4252,364.5,0,6.593044534,0,0,0,22949444,66383,11474722,33191.5,TRUE
826510,Harold and the Purple Crayon,2024-08-02,6.3563,6.683,328,TRUE,['Netflix'],Carlos Saldanha,"['Family', 'Comedy', 'Adventure', 'Fantasy']",40000000,"['Zachary Levi', 'Lil Rel Howery', 'Zooey Deschanel']",90,3,FALSE,FALSE,2024,8,TRUE,FALSE,7.8671,0.5135,164,17.50439004,5.796057751,0,0,0,14732573,33112,7366286.5,16556,TRUE
1038263,Maria,2024-11-27,5.3247,6.4,407,FALSE,['Netflix'],Pablo Larraín,"['History', 'Drama', 'Music']",0,"['Angelina Jolie', 'Pierfrancesco Favino', 'Alba Rohrwacher']",124,4,FALSE,FALSE,2024,11,FALSE,TRUE,12.0787,0.5027,203.5,0,6.011267174,0,0,0,335061,3005,167530.5,1502.5,TRUE
914243,The Listener,2024-03-29,6.742,5.55,20,FALSE,['Amazon Prime Video'],Steve Buscemi,['Drama'],0,"['Tessa Thompson', 'Logan Marshall-Green', 'Derek Cecil']",97,4,FALSE,FALSE,2024,3,FALSE,FALSE,3.9113,5.3297,10,0,3.044522438,0,0,0,185861,578,92930.5,289,FALSE
1116490,Cash Out,2024-04-26,6.0601,6.2,224,FALSE,['Hulu'],Randall Emmett,"['Action', 'Thriller']",0,"['John Travolta', 'Kristin Davis', 'Lukas Haas']",90,7,FALSE,TRUE,2024,4,FALSE,FALSE,5.4333,0.4755,112,0,5.416100402,0,0,0,541154,1270,270577,635,FALSE
646683,The Exorcism,2024-06-21,6.3643,5,395,TRUE,['Hulu'],Joshua John Miller,"['Horror', 'Thriller']",22000000,"['Russell Crowe', 'Ryan Simpkins', 'Sam Worthington']",96,2,FALSE,FALSE,2024,6,TRUE,FALSE,8.654,0.511,197.5,16.90655306,5.981414211,0,0,0,2576990,8405,1288495,4202.5,TRUE
661539,A Complete Unknown,2024-12-25,6.2363,7.099,1280,TRUE,['Hulu'],James Mangold,"['Drama', 'Music']",65000000,"['Timothée Chalamet', 'Edward Norton', 'Elle Fanning']",140,7,FALSE,FALSE,2024,12,FALSE,TRUE,21.3255,0.8961,640,17.98989784,7.155396302,0,0,0,11222667,47369,5611333.5,23684.5,TRUE
1200469,Cold Betrayal,2024-03-08,6.7414,0,0,FALSE,['Amazon Prime Video'],Myles Clohessy,"['Crime', 'Thriller', 'Drama']",0,"['Peter Greene', 'Candi Boyd', 'Byron Clohessy']",87,0,FALSE,FALSE,2024,3,FALSE,FALSE,23.693,0.4851,0,0,0,0,0,0,11420,54,5710,27,FALSE
978592,Sleeping Dogs,2024-03-21,6.0991,7.008,527,TRUE,['Hulu'],Adam Cooper,"['Mystery', 'Thriller', 'Crime', 'Drama']",0,"['Russell Crowe', 'Karen Gillan', 'Marton Csokas']",112,8,FALSE,FALSE,2024,3,FALSE,FALSE,4.834,0.0261,263.5,0,6.269096284,0,0,0,1690508,5470,845254,2735,TRUE
1023922,MaXXXine,2024-07-05,5.9305,6.321,1317,TRUE,['HBO Max'],Ti West,"['Horror', 'Thriller']",10000000,"['Mia Goth', 'Elizabeth Debicki', 'Moses Sumney']",103,3,FALSE,TRUE,2024,7,TRUE,FALSE,4.2243,0.8928,658.5,16.11809575,7.183870715,0,0,0,13942291,197933,6971145.5,98966.5,TRUE
1355755,An Almost Christmas Story,2024-10-14,4.9971,7.089,84,FALSE,['Disney Plus'],David Lowery,"['Animation', 'Adventure', 'Fantasy', 'Family']",0,"['Cary Christopher', 'Estella Madrigal', 'Jim Gaffigan']",24,4,FALSE,FALSE,2024,10,FALSE,FALSE,1.0216,0.0823,42,0,4.442651256,0,0,0,15706,273,7853,136.5,FALSE
1010161,The Clean Up Crew,2024-08-20,5.6822,5.5,42,FALSE,['Amazon Prime Video'],Jon Keeyes,"['Action', 'Crime', 'Thriller']",0,"['Jonathan Rhys Meyers', 'Swen Temmel', 'Ekaterina Baker']",95,2,FALSE,FALSE,2024,8,TRUE,FALSE,3.8713,0.2244,21,0,3.761200116,0,0,0,391557,1903,195778.5,951.5,FALSE
1037113,Snack Shack,2024-03-15,6.1857,7.169,201,FALSE,['Amazon Prime Video'],Adam Rehmeier,['Comedy'],3000000,"['Conor Sherry', 'Gabriel LaBelle', 'Mika Abdalla']",112,3,FALSE,FALSE,2024,3,FALSE,FALSE,3.2867,0.3206,100.5,14.91412318,5.308267697,0,0,0,1886925,10714,943462.5,5357,FALSE
1215162,Kill 'em All 2,2024-09-24,5.597,6.7,161,FALSE,['Netflix'],Valeri Milev,"['Action', 'Crime', 'Thriller']",0,"['Jean-Claude Van Damme', 'Jacqueline Fernandez', 'Andrei Lenart']",85,2,FALSE,TRUE,2024,9,FALSE,FALSE,8.8483,0.2577,80.5,0,5.087596335,0,0,0,803552,5026,401776,2513,FALSE
934632,Rebel Moon - Part Two: The Scargiver,2024-04-19,5.4362,6.078,1380,FALSE,['Netflix'],Zack Snyder,"['Science Fiction', 'Action', 'Adventure']",83000000,"['Sofia Boutella', 'Michiel Huisman', 'Ed Skrein']",121,2,FALSE,TRUE,2024,4,FALSE,FALSE,4.0474,4.897,690,18.23435118,7.230563153,0,0,0,10292488,38891,5146244,19445.5,TRUE
974635,Hit Man,2024-05-24,7.1303,6.797,1468,FALSE,['Netflix'],Richard Linklater,"['Comedy', 'Romance', 'Crime']",8800000,"['Glen Powell', 'Adria Arjona', 'Austin Amelio']",116,7,FALSE,FALSE,2024,5,TRUE,FALSE,6.2036,1.42,734,15.99026239,7.292337176,0,0,0,1173029,6580,586514.5,3290,TRUE
1170824,American Star,2024-01-26,5.9201,5.63,54,TRUE,['Hulu'],Gonzalo López-Gallego,"['Thriller', 'Mystery', 'Drama']",0,"['Ian McShane', 'Nora Arnezeder', 'Adam Nagaitis']",107,8,FALSE,FALSE,2024,1,FALSE,FALSE,4.2005,0.1276,27,0,4.007333185,0,0,0,597490,948,298745,474,FALSE
1397934,Adult Swim Yule Log 2: Branchin' Out,2024-12-07,5.6224,5.2,6,FALSE,['HBO Max'],Casper Kelly,"['Horror', 'Comedy', 'Romance']",0,"['Andrea Laing', 'Michael Shenefelt', 'Sharon Blackwood']",88,4,FALSE,TRUE,2024,12,FALSE,TRUE,0.3509,0.3801,3,0,1.945910149,0,0,0,1210,5,605,2.5,FALSE
932420,Code 8 Part II,2024-02-28,6.1406,6.361,662,FALSE,['Netflix'],Jeff Chan,"['Science Fiction', 'Action', 'Crime']",0,"['Robbie Amell', 'Stephen Amell', 'Alex Mallari Jr.']",101,2,FALSE,TRUE,2024,2,FALSE,FALSE,3.9376,0.3289,331,0,6.49677499,0,0,0,2470277,28795,1235138.5,14397.5,TRUE
1013850,A Real Pain,2024-11-01,5.3248,6.8,1235,TRUE,['Hulu'],Jesse Eisenberg,"['Comedy', 'Drama']",3000000,"['Jesse Eisenberg', 'Kieran Culkin', 'Will Sharpe']",90,5,FALSE,FALSE,2024,11,FALSE,TRUE,5.414,5.414,617.5,14.91412318,7.119635638,0,0,0,6822094,41213,3411047,20606.5,TRUE
1068260,Dead Wrong,2024-05-21,6.2603,2.8,6,FALSE,['Amazon Prime Video'],Rick Bieber,"['Crime', 'Mystery', 'Drama', 'Thriller']",0,"['Derek Smith', 'Cress Williams', 'Katrina Bowden']",110,1,FALSE,FALSE,2024,5,TRUE,FALSE,2.7884,0.2548,3,0,1.945910149,0,0,0,96422,285,48211,142.5,FALSE
1047373,The Silent Hour,2024-10-11,4.8667,6.47,247,FALSE,['Hulu'],Brad Anderson,"['Crime', 'Thriller', 'Action']",0,"['Joel Kinnaman', 'Sandra Mae Frank', 'Mekhi Phifer']",99,3,FALSE,FALSE,2024,10,FALSE,FALSE,3.8274,1.3669,123.5,0,5.513428746,0,0,0,2588435,26819,1294217.5,13409.5,TRUE
858017,I Saw the TV Glow,2024-05-03,4.7835,6.063,591,TRUE,['HBO Max'],Jane Schoenbrun,"['Drama', 'Horror']",10000000,"['Justice Smith', 'Jack Haven', 'Ian Foreman']",100,4,FALSE,FALSE,2024,5,TRUE,FALSE,3.6532,0.2307,295.5,16.11809575,6.383506635,0,0,0,4795893,61528,2397946.5,30764,TRUE
827931,Time Cut,2024-10-30,5.3095,5.631,554,FALSE,['Netflix'],Hannah Macpherson,"['Horror', 'Science Fiction', 'Thriller']",0,"['Madison Bailey', 'Antonia Gentry', 'Griffin Gluck']",90,1,FALSE,FALSE,2024,10,FALSE,FALSE,2.4543,0.0311,277,0,6.318968114,0,0,0,1677838,22828,838919,11414,TRUE
1093995,Chief of Station,2024-05-03,6.1854,6.115,217,FALSE,['Hulu'],Jesse V. Johnson,"['Action', 'Thriller']",0,"['Aaron Eckhart', 'Olga Kurylenko', 'Alex Pettyfer']",93,7,FALSE,FALSE,2024,5,TRUE,FALSE,5.4681,0.9005,108.5,0,5.384495063,0,0,0,877763,2002,438881.5,1001,FALSE
1396558,Bloody Axe Wound,2024-12-27,4.1205,5.317,30,FALSE,['Hulu'],Matthew John Lawrence,"['Horror', 'Comedy']",0,"['Sari Arambulo', 'Jeffrey Dean Morgan', 'Billy Burke']",83,2,FALSE,FALSE,2024,12,FALSE,TRUE,6.0984,0.1173,15,0,3.433987204,0,0,0,69755,666,34877.5,333,FALSE
1046120,The Shade,2024-09-20,6.104,5.143,14,TRUE,['Amazon Prime Video'],Tyler Chipman,"['Drama', 'Horror', 'Thriller']",0,"['Chris Galust', 'Mariel Molino', 'Dylan McTee']",127,1,FALSE,FALSE,2024,9,FALSE,FALSE,1.2639,0.1195,7,0,2.708050201,0,0,0,73198,957,36599,478.5,FALSE
1328402,The People In The Walls,2024-08-01,5.5634,5.2,6,FALSE,['Amazon Prime Video'],Michael Crum,"['Horror', 'Thriller', 'Mystery']",0,"['Natalia Santacoloma', 'Donny Boaz', 'Cole Crum']",93,1,FALSE,FALSE,2024,8,TRUE,FALSE,1.0021,0.0687,3,0,1.945910149,0,0,0,29776,0,14888,0,FALSE
804616,Something in the Water,2024-05-03,5.4279,5.642,296,FALSE,['Hulu'],Hayley Easton Street,"['Thriller', 'Horror']",0,"['Hiftu Quasem', 'Natalie Mitson', 'Lauren Lyle']",86,2,FALSE,FALSE,2024,5,TRUE,FALSE,1.4154,0.1962,148,0,5.693732139,0,0,0,1532254,6844,766127,3422,FALSE
1115623,The Last Kumite,2024-06-11,5.2945,6.815,119,FALSE,['Amazon Prime Video'],Ross W. Clarkson,"['Action', 'Thriller']",1303000,"['Mathis Landwehr', 'Kurt McKinney', 'Billy Blanks']",105,1,FALSE,FALSE,2024,6,TRUE,FALSE,1.2643,0.5393,59.5,14.08018062,4.787491743,0,0,0,142090,1299,71045,649.5,FALSE
1139829,Orion and the Dark,2024-02-02,5.1538,6.5,604,FALSE,['Netflix'],Sean Charmatz,"['Animation', 'Family', 'Comedy', 'Fantasy', 'Adventure']",0,"['Jacob Tremblay', 'Paul Walter Hauser', 'Angela Bassett']",90,1,FALSE,FALSE,2024,2,FALSE,FALSE,3.3416,0.2269,302,0,6.405228458,0,0,0,2193868,20155,1096934,10077.5,TRUE
1259329,Bad Faith,2024-01-10,5.2449,7,6,FALSE,['Amazon Prime Video'],Stephen Ujlaki,['Documentary'],0,"['Peter Coyote', 'Anne Nelson', 'William J. Barber II']",89,2,FALSE,FALSE,2024,1,FALSE,FALSE,1.1886,0.1264,3,0,1.945910149,0,0,0,265140,1469,132570,734.5,FALSE
437342,The First Omen,2024-04-05,5.4471,6.845,1213,TRUE,['Hulu'],Arkasha Stevenson,['Horror'],30000000,"['Nell Tiger Free', 'Ralph Ineson', 'Sônia Braga']",119,2,TRUE,TRUE,2024,4,FALSE,FALSE,3.0633,0.44,606.5,17.21670797,7.101675972,0,0,0,10309692,34272,5154846,17136,TRUE
614933,Atlas,2024-05-24,5.826,6.699,1472,FALSE,['Netflix'],Brad Peyton,"['Science Fiction', 'Action']",100000000,"['Jennifer Lopez', 'Simu Liu', 'Sterling K. Brown']",118,4,FALSE,FALSE,2024,5,TRUE,FALSE,3.0406,0.8212,736,18.42068075,7.295056416,0,0,0,13059387,44959,6529693.5,22479.5,TRUE
1129598,Prey,2024-03-15,5.5816,6.016,344,FALSE,['Hulu'],Mukunda Michael Dewil,"['Action', 'Thriller', 'Horror']",0,"['Ryan Phillippe', 'Emile Hirsch', 'Mena Suvari']",86,3,FALSE,FALSE,2024,3,FALSE,FALSE,3.1223,0.0717,172,0,5.843544417,0,0,0,16143791,122554,8071895.5,61277,TRUE
395817,The Thicket,2024-09-05,5.4048,6.5,134,TRUE,['Amazon Prime Video'],Elliott Lester,"['Western', 'Crime', 'Thriller']",0,"['Peter Dinklage', 'Juliette Lewis', 'Levon Hawke']",105,6,FALSE,FALSE,2024,9,FALSE,FALSE,4.6628,0.0409,67,0,4.905274778,0,0,0,565875,2680,282937.5,1340,FALSE
840705,Blink Twice,2024-08-23,6.4531,6.687,1695,TRUE,['Amazon Prime Video'],Zoë Kravitz,"['Mystery', 'Thriller']",20000000,"['Naomi Ackie', 'Channing Tatum', 'Alia Shawkat']",102,4,FALSE,FALSE,2024,8,TRUE,FALSE,5.1002,4.7409,847.5,16.81124288,7.436027816,0,0,0,13677839,42000,6838919.5,21000,TRUE
938614,Late Night with the Devil,2024-03-22,4.4482,7.115,1897,TRUE,['Hulu'],Cameron Cairnes,['Horror'],2000000,"['David Dastmalchian', 'Laura Gordon', 'Ian Bliss']",93,6,FALSE,FALSE,2024,3,FALSE,FALSE,2.9709,0.2486,948.5,14.50865824,7.548555979,0,0,0,3097655,30094,1548827.5,15047,TRUE
1025596,Blood for Dust,2024-04-19,5.3114,5.9,73,FALSE,['Hulu'],Rod Blackhurst,"['Action', 'Crime', 'Thriller']",0,"['Scoot McNairy', 'Kit Harington', 'Josh Lucas']",98,8,FALSE,FALSE,2024,4,FALSE,FALSE,3.5531,0.5716,36.5,0,4.304065093,0,0,0,224159,1205,112079.5,602.5,FALSE
1051891,Thelma,2024-06-21,4.8955,6.94,350,TRUE,['Hulu'],Josh Margolin,"['Action', 'Comedy', 'Adventure']",5000000,"['June Squibb', 'Fred Hechinger', 'Richard Roundtree']",98,3,FALSE,FALSE,2024,6,TRUE,FALSE,2.1703,0.5707,175,15.42494867,5.860786223,0,0,0,2452592,10222,1226296,5111,TRUE
1079091,It Ends with Us,2024-08-09,4.8502,6.968,1774,TRUE,['Netflix'],Justin Baldoni,"['Drama', 'Romance']",25000000,"['Blake Lively', 'Justin Baldoni', 'Jenny Slate']",131,3,FALSE,FALSE,2024,8,TRUE,FALSE,4.3976,1.5745,887,17.03438642,7.481555702,0,0,0,36548611,168540,18274305.5,84270,TRUE
1243381,Mary,2024-12-06,4.2677,6.228,184,FALSE,['Netflix'],D.J. Caruso,"['Drama', 'History', 'Action']",0,"['Noa Cohen', 'Ido Tako', 'Anthony Hopkins']",112,9,FALSE,FALSE,2024,12,FALSE,TRUE,5.0543,0.5977,92,0,5.220355825,0,0,0,2659315,53863,1329657.5,26931.5,TRUE
846947,The Manifestation,2024-03-19,5.8071,7.8,2,FALSE,['Amazon Prime Video'],Geert Heetebrij,"['Thriller', 'Mystery']",0,"['Inbar Lavi', 'Jack Kesy', 'Usman Ally']",85,2,FALSE,FALSE,2024,3,FALSE,FALSE,2.8311,0.0143,1,0,1.098612289,0,0,0,3380735,22371,1690367.5,11185.5,TRUE
673593,Mean Girls,2024-01-12,5.7263,5.928,675,TRUE,['Netflix'],Arturo Perez Jr.,['Comedy'],36000000,"['Angourie Rice', 'Reneé Rapp', 'Auliʻi Cravalho']",113,3,TRUE,FALSE,2024,1,FALSE,FALSE,2.551,0.0673,337.5,17.39902952,6.516193076,0,0,0,14402867,81078,7201433.5,40539,TRUE
1366200,The Girl Who Wasn't Dead,2024-10-05,3.8225,5.875,8,FALSE,['Hulu'],Simone Stock,"['Drama', 'Crime', 'TV Movie']",0,"['Lyndsy Fonseca', 'Emma Tremblay', 'Kyle Clark']",86,1,FALSE,FALSE,2024,10,FALSE,FALSE,2.9264,0.1496,4,0,2.197224577,0,0,0,9140,0,4570,0,FALSE
1062198,Fresh Kills,2024-06-14,5.5739,6.1,19,TRUE,['Hulu'],Jennifer Esposito,"['Drama', 'Crime']",0,"['Emily Bader', ""Odessa A'zion"", 'Jennifer Esposito']",120,3,FALSE,FALSE,2024,6,TRUE,FALSE,4.0973,3.3734,9.5,0,2.995732274,0,0,0,49699,489,24849.5,244.5,FALSE
1275176,"Arnold & Sly: Rivals, Friends, Icons",2024-04-23,5.261,9.3,6,FALSE,['Hulu'],David Thies,['Documentary'],0,"['Sylvester Stallone', 'Arnold Schwarzenegger', 'Harvey Levin']",43,1,FALSE,FALSE,2024,4,FALSE,FALSE,9.098,0.0071,3,0,1.945910149,0,0,0,430674,5057,215337,2528.5,FALSE
1275903,Outstanding: A Comedy Revolution,2024-06-07,4.4843,6.2,10,FALSE,['Netflix'],Page Hurwitz,"['Documentary', 'Comedy']",0,"['Lily Tomlin', ""Rosie O'Donnell"", 'Sandra Bernhard']",100,3,FALSE,FALSE,2024,6,TRUE,FALSE,1.1344,0.2121,5,0,2.397895273,0,0,0,64212,930,32106,465,FALSE
1090007,First Shift,2024-08-30,5.3503,5.676,34,FALSE,['Amazon Prime Video'],Uwe Boll,"['Crime', 'Thriller', 'Action']",0,"['Gino Anthony Pesi', 'Kristen Renton', 'James McMenamin']",89,1,FALSE,TRUE,2024,8,TRUE,FALSE,1.2293,1.0315,17,0,3.555348061,0,0,0,239292,318,119646,159,FALSE
1278722,Group Therapy,2024-06-06,5.2518,8,2,FALSE,['Amazon Prime Video'],Neil Berkeley,['Documentary'],0,"['Tig Notaro', 'Neil Patrick Harris', 'Mike Birbiglia']",86,1,FALSE,FALSE,2024,6,TRUE,FALSE,2.1327,0.2404,1,0,1.098612289,0,0,0,13716,122,6858,61,FALSE
1391409,Biggest Heist Ever,2024-12-06,4.7594,6,26,FALSE,['Netflix'],Chris Smith,"['Documentary', 'Crime']",0,['N/A'],87,1,FALSE,FALSE,2024,12,FALSE,TRUE,0.2205,0.4704,13,0,3.295836866,0,0,0,281066,2399,140533,1199.5,FALSE
1061699,The Six Triple Eight,2024-12-06,3.7564,7.539,600,FALSE,['Netflix'],Tyler Perry,"['Drama', 'War', 'History']",0,"['Kerry Washington', 'Sam Waterston', 'Susan Sarandon']",130,4,FALSE,FALSE,2024,12,FALSE,TRUE,3.546,2.1573,300,0,6.398594935,0,0,0,3002537,27213,1501268.5,13606.5,TRUE
1275899,Slave Play. Not a Movie. A Play.,2024-06-10,5.3502,0,0,FALSE,['HBO Max'],Jeremy O. Harris,['Documentary'],0,"['Jeremy O. Harris', 'Amauta Firmino', 'Annie McNamara']",79,1,FALSE,FALSE,2024,6,TRUE,FALSE,1.4967,1.4967,0,0,0,0,0,0,52494,551,26247,275.5,FALSE
997892,The Island of Lost Girls,2023-10-03,4.1444,5.3,6,FALSE,['Amazon Prime Video'],Ann-Marie Schmidt,"['Family', 'Adventure', 'Thriller']",0,"['Avila Schmidt', 'Autumn Schmidt', 'Scarlet Schmidt']",104,1,FALSE,FALSE,2023,10,FALSE,FALSE,0.0362,0.0214,2,0,1.945910149,0,0,0,27697,98,9232.333333,32.66666667,FALSE
1336414,The Program,2024-12-16,5.5525,5.3,9,FALSE,['Amazon Prime Video'],James Fox,['Documentary'],0,"['Peter Coyote', 'Chris Mellon', 'David Grusch']",102,2,FALSE,FALSE,2024,12,FALSE,TRUE,1.1886,0.2052,4.5,0,2.302585093,0,0,0,52808,388,26404,194,FALSE
1094138,Jackpot!,2024-08-13,4.7982,6.384,743,FALSE,['Amazon Prime Video'],Paul Feig,"['Comedy', 'Action']",0,"['Awkwafina', 'John Cena', 'Simu Liu']",107,3,FALSE,FALSE,2024,8,TRUE,FALSE,7.1304,1.6402,371.5,0,6.612041035,0,0,0,7275942,63334,3637971,31667,TRUE
1016848,The Front Room,2024-09-06,4.8307,5.066,114,TRUE,['HBO Max'],Max Eggers,['Horror'],3500000,"['Brandy Norwood', 'Andrew Burnap', 'Kathryn Hunter']",95,3,FALSE,FALSE,2024,9,FALSE,FALSE,2.0091,0.5569,57,15.06827381,4.744932128,0,0,0,6794346,38820,3397173,19410,TRUE
1381216,Lake Jesup: Bonecrusher's Revenge,2024-05-01,4.1247,5,7,TRUE,['Amazon Prime Video'],Michael Houston King,"['Horror', 'Comedy', 'Adventure']",1250000,"['Derek Russo', 'Jeff Benninghofen', 'Michael Houston King']",87,2,FALSE,FALSE,2024,5,TRUE,FALSE,0.1723,0.1723,3.5,14.03865491,2.079441542,0,0,0,69931,119,34965.5,59.5,FALSE
1341132,Christmas Wreaths and Ribbons,2024-10-12,4.7002,5.917,12,FALSE,['Amazon Prime Video'],Brittany Wiscombe,"['TV Movie', 'Comedy', 'Romance']",0,"['Kristin Wollett', 'Casey Elliott', 'Sabrina Cofield']",83,2,FALSE,FALSE,2024,10,FALSE,FALSE,1.0007,0.3406,6,0,2.564949357,0,0,0,32191,234,16095.5,117,FALSE
1134094,The Woods Are Real,2024-03-12,3.4109,3.25,8,FALSE,['Amazon Prime Video'],Alix Lambert,"['Fantasy', 'Horror']",0,"['Matt Dellapina', 'Campbell Scott', 'Chinasa Ogbuagu']",80,2,FALSE,FALSE,2024,3,FALSE,FALSE,1.8348,0.1728,4,0,2.197224577,0,0,0,150157,320,75078.5,160,FALSE
1362915,A Very Merry Beauty Salon,2024-11-07,3.6551,6.4,8,FALSE,"['Netflix', 'Hulu']",Bobby Yan,"['TV Movie', 'Comedy', 'Romance']",0,"['Tia Mowry', 'RonReaco Lee', 'Donna Biscoe']",88,5,FALSE,FALSE,2024,11,FALSE,TRUE,1.614,0.0787,4,0,2.197224577,0,0,0,133576,2090,66788,1045,FALSE
1331375,Dominique,2024-10-11,4.9226,6.7,159,FALSE,['Amazon Prime Video'],Michael S. Ojeda,"['Action', 'Thriller']",0,"['Oksana Orlan', 'Sebastián Carvajal', 'María del Rosario']",94,4,FALSE,FALSE,2024,10,FALSE,FALSE,1.4655,0.3319,79.5,0,5.075173815,0,0,0,1013355,6464,506677.5,3232,FALSE
1082195,The Order,2024-12-06,4.9176,6.589,774,FALSE,['Hulu'],Justin Kurzel,"['Crime', 'Drama', 'Thriller']",20000000,"['Jude Law', 'Nicholas Hoult', 'Tye Sheridan']",116,4,FALSE,FALSE,2024,12,FALSE,TRUE,5.8423,0.627,387,16.81124288,6.652863029,0,0,0,1917048,10323,958524,5161.5,TRUE
1094274,Y2K,2024-12-06,4.5626,5.174,244,TRUE,['HBO Max'],Kyle Mooney,"['Comedy', 'Horror', 'Science Fiction']",15000000,"['Jaeden Martell', 'Rachel Zegler', 'Julian Dennison']",91,3,FALSE,FALSE,2024,12,FALSE,TRUE,3.3586,0.9042,122,16.52356083,5.501258211,0,0,0,4853449,73618,2426724.5,36809,TRUE
934201,The Prank,2024-03-15,4.7071,5.571,14,TRUE,['Amazon Prime Video'],Maureen Bharoocha,"['Comedy', 'Thriller', 'Crime', 'Horror']",0,"['Rita Moreno', 'Connor Kalopsis', 'Ramona Young']",90,2,FALSE,FALSE,2024,3,FALSE,FALSE,1.2631,0.0919,7,0,2.708050201,0,0,0,42604,94,21302,47,FALSE
1340828,A Little Women's Christmas,2024-11-23,3.5617,6.7,6,FALSE,['Amazon Prime Video'],Brandon Clark,"['Comedy', 'Romance', 'Drama']",0,"['Jillian Murray', 'Trevor Donovan', 'Jen Lilley']",83,5,FALSE,FALSE,2024,11,FALSE,TRUE,1.6396,0.0071,3,0,1.945910149,0,0,0,15570,123,7785,61.5,FALSE
1360231,Taken in Plain Sight,2024-09-22,5.0796,5.3,6,FALSE,"['Netflix', 'Hulu']",Cat Hostick,"['Thriller', 'TV Movie']",0,"['Tennille Read', 'Steven Yaffee', 'Allegra Fulton']",86,3,FALSE,FALSE,2024,9,FALSE,FALSE,1.4583,0.4082,3,0,1.945910149,0,0,0,20020,74,10010,37,FALSE
1329336,The Bad Guys: Haunted Heist,2024-10-03,4.8174,6.919,149,FALSE,['Netflix'],Kevin Peaty,"['Animation', 'Comedy']",0,"['Michael Godere', 'Ezekiel Ajeigbe', 'Raul Ceballos']",25,1,FALSE,FALSE,2024,10,FALSE,FALSE,0.4655,0.1642,74.5,0,5.010635294,0,0,0,967304,4225,483652,2112.5,FALSE
1317528,"Corey Rodrigues: Not Complaining, Just Explaining",2024-07-16,4.0136,0,0,FALSE,['Amazon Prime Video'],David Thies,['Comedy'],0,['Corey Rodrigues'],43,1,FALSE,FALSE,2024,7,TRUE,FALSE,0.0286,0.0071,0,0,0,0,0,0,970,30,485,15,FALSE
1281826,One Fast Move,2024-08-08,4.2541,6.637,211,FALSE,['Amazon Prime Video'],Kelly Blatz,"['Action', 'Drama', 'Romance']",0,"['KJ Apa', 'Eric Dane', 'Maia Reficco']",107,2,FALSE,FALSE,2024,8,TRUE,FALSE,3.2422,0.0327,105.5,0,5.356586275,0,0,0,675308,5011,337654,2505.5,FALSE
1106739,Juror #2,2024-11-01,4.9464,6.878,2247,FALSE,['HBO Max'],Clint Eastwood,"['Drama', 'Thriller']",30000000,"['Nicholas Hoult', 'Toni Collette', 'J.K. Simmons']",114,3,FALSE,FALSE,2024,11,FALSE,TRUE,5.8423,5.7481,1123.5,17.21670797,7.717796211,0,0,0,2659221,34921,1329610.5,17460.5,TRUE
280180,Beverly Hills Cop: Axel F,2024-06-20,4.8767,6.664,1342,FALSE,['Netflix'],Mark Molloy,"['Action', 'Comedy', 'Crime']",150000000,"['Eddie Murphy', 'Joseph Gordon-Levitt', 'Taylour Paige']",115,2,FALSE,TRUE,2024,6,TRUE,FALSE,6.5865,0.1617,671,18.82614586,7.202661197,0,0,0,9975701,71737,4987850.5,35868.5,TRUE
1171861,The Last Repair Shop,2024-02-16,5.12,7.463,40,TRUE,['Disney Plus'],Ben Proudfoot,"['Documentary', 'Music']",0,"['Dana Atkinson', 'Duane Michaels', 'Paty Moreno']",40,2,FALSE,FALSE,2024,2,FALSE,FALSE,0.0552,0.2951,20,0,3.713572067,0,0,0,18929,190,9464.5,95,FALSE
680027,Altered Reality,2024-02-16,4.5116,5.6,4,FALSE,['Amazon Prime Video'],Don E. FauntLeRoy,"['Thriller', 'Science Fiction']",0,"['Tobin Bell', 'Charles Agron', 'Lance Henriksen']",99,2,FALSE,FALSE,2024,2,FALSE,FALSE,2.6931,0.6691,2,0,1.609437912,0,0,0,35232,322,17616,161,FALSE
1086747,The Watchers,2024-06-07,4.4783,6.376,1445,TRUE,['HBO Max'],Ishana Night Shyamalan,"['Fantasy', 'Horror', 'Mystery']",30000000,"['Dakota Fanning', 'Georgina Campbell', 'Olwen Fouéré']",102,3,FALSE,FALSE,2024,6,TRUE,FALSE,6.6106,0.3086,722.5,17.21670797,7.276556403,0,0,0,15655308,54275,7827654,27137.5,TRUE
882059,Boy Kills World,2024-04-26,4.2198,6.755,734,TRUE,['Hulu'],Moritz Mohr,"['Crime', 'Thriller', 'Action']",18000000,"['Bill Skarsgård', 'Jessica Rothe', 'H. Jon Benjamin']",110,4,FALSE,FALSE,2024,4,FALSE,FALSE,18.1172,0.3347,367,16.70588237,6.599870499,0,0,0,2598618,35124,1299309,17562,TRUE
931628,A Sacrifice,2024-06-28,4.707,5.622,111,TRUE,['Netflix'],Jordan Scott,"['Thriller', 'Horror']",0,"['Eric Bana', 'Sadie Sink', 'Sylvia Hoeks']",94,6,FALSE,FALSE,2024,6,TRUE,FALSE,14.925,0.0445,55.5,0,4.718498871,0,0,0,930833,8449,465416.5,4224.5,FALSE
1270880,Katt Williams: Woke Foke,2024-05-04,4.8521,5.328,29,FALSE,['Netflix'],Troy Miller,['Comedy'],0,['Katt Williams'],60,0,FALSE,FALSE,2024,5,TRUE,FALSE,2.0306,0.5196,14.5,0,3.401197382,0,0,0,1151816,11398,575908,5699,FALSE
1214469,Ghostlight,2024-06-14,4.5521,7.131,80,TRUE,['Hulu'],Alex Thompson,"['Comedy', 'Drama']",0,"['Keith Kupferer', 'Katherine Mallen Kupferer', 'Tara Mallen']",115,2,FALSE,FALSE,2024,6,TRUE,FALSE,0.5062,0.0071,40,0,4.394449155,0,0,0,443146,2500,221573,1250,FALSE
901060,Seven Cemeteries,2024-10-11,4.5473,4.806,18,FALSE,['Amazon Prime Video'],John Gulager,"['Horror', 'Action', 'Fantasy', 'Thriller']",0,"['Danny Trejo', 'Efren Ramirez', 'Maria Canals-Barrera']",84,3,FALSE,FALSE,2024,10,FALSE,FALSE,3.181,0.8453,9,0,2.944438979,0,0,0,181038,620,90519,310,FALSE
1114926,The Good Half,2024-07-23,3.473,6.1,35,FALSE,['Hulu'],Robert Schwartzman,"['Comedy', 'Drama']",0,"['Nick Jonas', 'Brittany Snow', 'Alexandra Shipp']",96,1,FALSE,FALSE,2024,7,TRUE,FALSE,6.8867,0.7912,17.5,0,3.583518938,0,0,0,608992,2334,304496,1167,FALSE
1041613,Immaculate,2024-03-22,4.4044,6.219,1526,TRUE,['Hulu'],Michael Mohan,"['Horror', 'Mystery', 'Thriller']",9000000,"['Sydney Sweeney', 'Álvaro Morte', 'Simona Tabasco']",89,3,FALSE,FALSE,2024,3,FALSE,FALSE,18.8964,0.3144,763,16.01273525,7.331060305,0,0,0,1034865,3174,517432.5,1587,TRUE
1187125,Last County,2024-03-01,5.3329,5.95,20,FALSE,['Amazon Prime Video'],Barret Mulholland,"['Action', 'Crime', 'Thriller']",0,"['Kaelen Ohm', 'Nicholas Campbell', 'Josh Cruddas']",,0,FALSE,FALSE,2024,3,FALSE,FALSE,1.551,0.0286,10,0,3.044522438,0,0,0,52601,98,26300.5,49,FALSE
1239121,Secret Lives of Orangutans,2024-08-22,3.4048,7.7,17,FALSE,['Netflix'],Huw Cordey,['Documentary'],0,['David Attenborough'],78,1,FALSE,FALSE,2024,8,TRUE,FALSE,1.5735,0.4835,8.5,0,2.890371758,0,0,0,70447,735,35223.5,367.5,FALSE
1028688,Crumb Catcher,2024-07-19,4.6053,6.2,5,FALSE,['Amazon Prime Video'],Chris Skotchdopole,"['Drama', 'Comedy', 'Thriller']",0,"['Rigo Garay', 'Ella Rae Peck', 'John Speredakos']",102,2,FALSE,FALSE,2024,7,TRUE,FALSE,0.9951,0.055,2.5,0,1.791759469,0,0,0,4829,80,2414.5,40,FALSE
1155058,Watchmen: Chapter I,2024-08-13,5.0214,7.401,207,FALSE,['HBO Max'],Brandon Vietti,"['Animation', 'Drama', 'Science Fiction']",0,"['Troy Baker', 'Adrienne Barbeau', 'Corey Burton']",84,3,TRUE,TRUE,2024,8,TRUE,FALSE,2.4528,0.2799,103.5,0,5.33753808,0,0,0,1270583,30783,635291.5,15391.5,FALSE
791042,Levels,2024-11-01,4.8401,5.706,80,TRUE,['Hulu'],Adam Stern,"['Science Fiction', 'Action', 'Thriller']",0,"['Cara Gee', 'Peter Mooney', 'Aaron Abrams']",92,2,FALSE,FALSE,2024,11,FALSE,TRUE,1.3782,0,40,0,4.394449155,0,0,0,426143,1599,213071.5,799.5,FALSE
646097,Rebel Ridge,2024-08-27,4.3805,6.982,1490,FALSE,['Netflix'],Jeremy Saulnier,"['Crime', 'Action', 'Thriller']",0,"['Aaron Pierre', 'Don Johnson', 'AnnaSophia Robb']",132,2,FALSE,FALSE,2024,8,TRUE,FALSE,3.2235,0.5313,745,0,7.307202315,0,0,0,5695512,55344,2847756,27672,TRUE
1122602,Catching Fire: The Story of Anita Pallenberg,2024-05-03,3.6906,7.1,10,TRUE,['Hulu'],Svetlana Zill,['Documentary'],0,"['Anita Pallenberg', 'Keith Richards', 'Angela Richards']",112,2,FALSE,FALSE,2024,5,TRUE,FALSE,0.5422,0.083,5,0,2.397895273,0,0,0,335536,2093,167768,1046.5,FALSE
719221,Tarot,2024-05-03,3.8171,6.406,1310,TRUE,['Netflix'],Spenser Cohen,['Horror'],8000000,"['Harriet Slater', 'Adain Bradley', 'Avantika']",92,5,FALSE,FALSE,2024,5,TRUE,FALSE,1.5622,1.0597,655,15.89495222,7.178545484,0,0,0,17530348,83882,8765174,41941,TRUE
1249385,Ghost Game,2024-10-18,4.8922,3.864,33,FALSE,['Amazon Prime Video'],Jill Gevargizian,"['Horror', 'Thriller']",0,"['Kia Dorsey', 'Zaen Haidar', 'Sam Lukowski']",86,1,FALSE,FALSE,2024,10,FALSE,FALSE,0.1689,0.1397,16.5,0,3.526360525,0,0,0,143178,1565,71589,782.5,FALSE
704239,The Union,2024-08-16,4.5222,6.109,1074,FALSE,['Netflix'],Julian Farino,"['Action', 'Comedy']",0,"['Mark Wahlberg', 'Halle Berry', 'J.K. Simmons']",109,3,FALSE,FALSE,2024,8,TRUE,FALSE,8.2701,0.8486,537,0,6.980075941,0,0,0,7747008,81864,3873504,40932,TRUE
1151949,The Shadow Strays,2024-10-17,4.0815,7.227,291,FALSE,['Netflix'],Timo Tjahjanto,"['Action', 'Crime', 'Thriller']",0,"['Aurora Ribero', 'Hana Malasan', 'Andri Mashadi']",145,2,FALSE,FALSE,2024,10,FALSE,FALSE,4.2045,0.8164,145.5,0,5.676753802,0,0,0,1517758,12602,758879,6301,FALSE
974878,Peter Five Eight,2024-03-22,3.877,4.318,11,TRUE,['Amazon Prime Video'],Michael Zaiko Hall,"['Thriller', 'Comedy', 'Drama']",0,"['Kevin Spacey', 'Jet Jandreau', 'Rebecca De Mornay']",100,2,FALSE,FALSE,2024,3,FALSE,FALSE,2.9006,0.0656,5.5,0,2.48490665,0,0,0,138747,880,69373.5,440,FALSE
1104171,Meet Me Next Christmas,2024-11-06,4.3715,6.358,253,FALSE,['Netflix'],Rusty Cundieff,"['Romance', 'Comedy']",0,"['Christina Milian', 'Devale Ellis', 'Kofi Siriboe']",105,1,FALSE,FALSE,2024,11,FALSE,TRUE,1.688,0.4011,126.5,0,5.537334267,0,0,0,845173,9239,422586.5,4619.5,FALSE
1028196,Nickel Boys,2024-12-13,4.2428,6.615,299,FALSE,['Amazon Prime Video'],RaMell Ross,"['Drama', 'History']",23200000,"['Ethan Herisse', 'Brandon Wilson', 'Aunjanue Ellis-Taylor']",140,4,FALSE,FALSE,2024,12,FALSE,TRUE,1.4406,0.5546,149.5,16.95966288,5.703782475,0,0,0,1437447,7112,718723.5,3556,FALSE
1087092,A Cinderella Christmas Ball,2024-11-29,4.4803,6.114,22,FALSE,['Amazon Prime Video'],Don McBrearty,"['Romance', 'Comedy']",0,"['Danica McKellar', 'Oliver Rice', 'Sarah Orenstein']",86,5,FALSE,FALSE,2024,11,FALSE,TRUE,3.0403,0.3999,11,0,3.135494216,0,0,0,79018,603,39509,301.5,FALSE
1081012,Aftermath,2024-11-01,4.622,6.282,165,FALSE,['Netflix'],Patrick Lussier,"['Action', 'Thriller']",0,"['Dylan Sprouse', 'Mason Gooding', 'Dichen Lachman']",95,1,FALSE,FALSE,2024,11,FALSE,TRUE,3.8691,0.5294,82.5,0,5.111987788,0,0,0,1688092,5641,844046,2820.5,FALSE
1035937,Love's Second Act,2024-05-09,3.4323,8,3,FALSE,['Amazon Prime Video'],Sam Irvin,"['TV Movie', 'Comedy', 'Romance']",0,"['Jodie Sweetin', 'Tilky Jones', 'J. P. Manoux']",90,1,FALSE,FALSE,2024,5,TRUE,FALSE,1.0424,0.4534,1.5,0,1.386294361,0,0,0,9651,94,4825.5,47,FALSE
1122011,A New York Story,2024-09-06,3.7604,4.3,3,FALSE,['Amazon Prime Video'],Fiona Robert,['Drama'],0,"['Fiona Robert', 'Logan Miller', 'Sophia Robert']",94,1,FALSE,FALSE,2024,9,FALSE,FALSE,1.4873,0.2452,1.5,0,1.386294361,0,0,0,38756,139,19378,69.5,FALSE
1299652,Watchmen: Chapter II,2024-11-26,4.0142,7.345,152,FALSE,['HBO Max'],Brandon Vietti,"['Animation', 'Mystery', 'Science Fiction', 'Action']",0,"['Troy Baker', 'Adrienne Barbeau', 'Michael Cerveris']",89,3,TRUE,TRUE,2024,11,FALSE,TRUE,2.4528,0.2799,76,0,5.030437921,0,0,0,324850,3303,162425,1651.5,FALSE
1117126,1 Million Followers,2024-10-25,4.4814,4.6,18,FALSE,['Amazon Prime Video'],Harvey Lowry,['Thriller'],0,"['Evan Williams', 'Shelley Q.', 'Henry Ian Cusick']",101,4,FALSE,FALSE,2024,10,FALSE,FALSE,1.171,0.9876,9,0,2.944438979,0,0,0,114492,609,57246,304.5,FALSE
1231942,Giannis: The Marvelous Journey,2024-02-19,4.0048,7.1,29,FALSE,['Amazon Prime Video'],Kristen Lappas,['Documentary'],0,"['Giannis Antetokounmpo', 'Veronica Antetokounmpo', 'Thanasis Antetokounmpo']",109,2,FALSE,FALSE,2024,2,FALSE,FALSE,0.2654,0.0971,14.5,0,3.401197382,0,0,0,406255,8664,203127.5,4332,FALSE
893397,Butterfly in the Sky,2024-03-17,3.6534,8.2,10,FALSE,['Netflix'],Bradford Thomason,['Documentary'],0,"['LeVar Burton', 'Twila Liggett', 'Ed Wiseman']",87,4,FALSE,FALSE,2024,3,FALSE,FALSE,0.9679,0.0832,5,0,2.397895273,0,0,0,165150,8606,82575,4303,FALSE
1257586,The Hangman,2024-05-30,4.1409,5.798,57,FALSE,['Amazon Prime Video'],Bruce Wemple,"['Horror', 'Thriller']",0,"['LeJon Woods', 'Daniel Martin Berkey', 'Lindsey Dresbach']",98,2,FALSE,FALSE,2024,5,TRUE,FALSE,0.5291,0.2468,28.5,0,4.060443011,0,0,0,422184,1628,211092,814,FALSE
989662,A Different Man,2024-09-20,4.5313,6.9,376,TRUE,['HBO Max'],Aaron Schimberg,"['Comedy', 'Drama']",0,"['Sebastian Stan', 'Renate Reinsve', 'Adam Pearson']",112,3,FALSE,FALSE,2024,9,FALSE,FALSE,4.2998,0.8246,188,0,5.932245187,0,0,0,3896427,45669,1948213.5,22834.5,TRUE
1155828,Sing Sing,2024-07-12,3.7272,7.498,300,FALSE,['HBO Max'],Greg Kwedar,['Drama'],2000000,"['Colman Domingo', 'Clarence Maclin', 'Sean San Jose']",107,3,FALSE,FALSE,2024,7,TRUE,FALSE,3.0775,0.5811,150,14.50865824,5.707110265,0,0,0,3078376,39484,1539188,19742,FALSE
1389038,Mickey and the Very Many Christmases,2024-12-01,3.6413,6.588,17,FALSE,['Disney Plus'],Greg Rankin,"['Animation', 'Adventure', 'Comedy', 'Family']",0,"['Bret Iwan', 'Kaitlyn Robrock', 'Bill Farmer']",22,3,FALSE,FALSE,2024,12,FALSE,TRUE,0.797,0.0579,8.5,0,2.890371758,0,0,0,1482950,1551,741475,775.5,FALSE
1029654,Cold Copy,2024-01-26,4.2072,5.239,23,FALSE,['Netflix'],Roxine Helberg,"['Mystery', 'Thriller', 'Drama']",0,"['Bel Powley', 'Tracee Ellis Ross', 'Jacob Tremblay']",96,7,FALSE,FALSE,2024,1,FALSE,FALSE,3.3416,0.2227,11.5,0,3.17805383,0,0,0,389584,2461,194792,1230.5,FALSE
844185,Unfrosted,2024-04-30,3.8669,5.313,335,FALSE,['Netflix'],Jerry Seinfeld,"['Comedy', 'History']",0,"['Jerry Seinfeld', 'Melissa McCarthy', 'Jim Gaffigan']",97,3,FALSE,FALSE,2024,4,FALSE,FALSE,2.2273,1.1439,167.5,0,5.81711116,0,0,0,5547866,23354,2773933,11677,TRUE
1404687,Christmas Romance at the Roanoke Ranch,2024-12-13,3.4901,0,0,FALSE,['Amazon Prime Video'],Joel Paul Reisig,"['Romance', 'Drama']",0,"['Kristen Ryda', 'James Dickey', 'Kathy Garver']",90,1,FALSE,FALSE,2024,12,FALSE,TRUE,0.7663,0.2355,0,0,0,0,0,0,887,5,443.5,2.5,FALSE
1096342,Beautiful Wedding,2024-01-24,4.2522,5.52,296,FALSE,['Hulu'],Roger Kumble,"['Romance', 'Comedy', 'Drama']",0,"['Dylan Sprouse', 'Virginia Gardner', 'Austin North']",95,2,FALSE,TRUE,2024,1,FALSE,FALSE,3.8691,0.5738,148,0,5.693732139,0,0,0,2228302,12700,1114151,6350,FALSE
1007826,The Underdoggs,2024-01-25,3.8111,7.008,192,FALSE,['Amazon Prime Video'],Charles Stone III,['Comedy'],30000000,"['Snoop Dogg', 'Tika Sumpter', 'Elias Ferguson']",96,5,FALSE,FALSE,2024,1,FALSE,FALSE,2.7714,0.3326,96,17.21670797,5.262690189,0,0,0,10538300,19014,5269150,9507,FALSE
1019411,Space Cadet,2024-07-04,4.2118,5.469,277,FALSE,['Amazon Prime Video'],Liz W. Garcia,['Comedy'],0,"['Emma Roberts', 'Tom Hopper', 'Poppy Liu']",110,2,FALSE,FALSE,2024,7,TRUE,FALSE,5.8527,0.335,138.5,0,5.627621114,0,0,0,551046,3156,275523,1578,FALSE
1008953,Incoming,2024-08-23,3.6492,6.2,324,FALSE,['Netflix'],Dave Chernin,['Comedy'],0,"['Mason Thames', 'Ramon Reed', 'Raphael Alejandro']",92,3,FALSE,FALSE,2024,8,TRUE,FALSE,5.683,0.4042,162,0,5.783825182,0,0,0,834486,8629,417243,4314.5,FALSE
1273196,Jim Henson Idea Man,2024-05-31,3.4107,7.761,44,FALSE,['Disney Plus'],Ron Howard,['Documentary'],0,"['Jim Henson', 'Frank Oz', 'Dave Goelz']",108,2,FALSE,FALSE,2024,5,TRUE,FALSE,1.919,3.5095,22,0,3.80666249,0,0,0,3226739,25697,1613369.5,12848.5,FALSE
1358745,Civil Christmas,2024-07-02,3.6996,0,0,FALSE,['Amazon Prime Video'],Joel Paul Reisig,['Drama'],0,"['Sophie Bolen', 'Kyle Patrick', 'Andrew Dawe-Collins']",70,0,FALSE,FALSE,2024,7,TRUE,FALSE,0.6367,0.2355,0,0,0,0,0,0,7031,84,3515.5,42,FALSE
1397117,A Brooklyn Love Story,2024-12-13,3.3567,0,0,FALSE,['Amazon Prime Video'],Steven Feder,"['Comedy', 'Romance']",0,"['Michael Morano', 'Katie McCarty', 'Dan Grimaldi']",107,0,FALSE,FALSE,2024,12,FALSE,TRUE,0.6982,0.1259,0,0,0,0,0,0,14759,44,7379.5,22,FALSE
639857,The Absence of Eden,2024-04-12,2.818,5.094,16,FALSE,['Hulu'],Marco Perego Saldana,"['Thriller', 'Drama', 'Romance', 'Crime']",0,"['Zoe Saldaña', 'Garrett Hedlund', 'Adria Arjona']",97,4,FALSE,FALSE,2024,4,FALSE,FALSE,9.7002,0.2165,8,0,2.833213344,0,0,0,214837,485,107418.5,242.5,FALSE
1355030,Ilana Glazer: Human Magic,2024-12-20,3.4028,5.2,9,FALSE,['Hulu'],Jeff Tomsic,['Comedy'],0,['Ilana Glazer'],56,2,FALSE,FALSE,2024,12,FALSE,TRUE,0.7765,0.619,4.5,0,2.302585093,0,0,0,26355,207,13177.5,103.5,FALSE
1353263,The Bibi Files,2024-10-15,3.6568,6.942,26,FALSE,['Amazon Prime Video'],Alexis Bloom,['Documentary'],0,"['Benjamin Netanyahu', 'Ehud Olmert', 'Nir Hefetz']",115,2,FALSE,FALSE,2024,10,FALSE,FALSE,1.1338,0.1238,13,0,3.295836866,0,0,0,93394,1719,46697,859.5,FALSE
1144911,Skincare,2024-08-16,3.5092,6.034,104,TRUE,['Hulu'],Austin Peters,"['Thriller', 'Drama', 'Comedy', 'Mystery']",0,"['Elizabeth Banks', 'Lewis Pullman', 'Michaela Jaé Rodriguez']",96,4,FALSE,FALSE,2024,8,TRUE,FALSE,4.2699,0.0565,52,0,4.65396035,0,0,0,1753834,2182,876917,1091,FALSE
1039659,Winner,2024-09-13,4.4065,6.984,64,FALSE,['Hulu'],Susanna Fogel,"['Comedy', 'Drama']",0,"['Emilia Jones', 'Connie Britton', 'Zach Galifianakis']",103,5,FALSE,FALSE,2024,9,FALSE,FALSE,4.4441,0.6806,32,0,4.17438727,0,0,0,83377,1542,41688.5,771,FALSE
1381388,Holiday Hold-Up,2024-10-08,3.1074,8,3,FALSE,['Amazon Prime Video'],Michael Moreci,"['Comedy', 'Crime']",0,"['John Pirruccello', 'Jeremy Holm', 'Agnes Albright']",89,1,FALSE,FALSE,2024,10,FALSE,FALSE,0.5835,0.0574,1.5,0,1.386294361,0,0,0,9567,51,4783.5,25.5,FALSE
1416380,Beyond Prognosis,2024-10-01,1.984,0,0,FALSE,['Amazon Prime Video'],Morgan le Faucheur,['Documentary'],0,['Yannis Pelé'],55,0,FALSE,FALSE,2024,10,FALSE,FALSE,0,0.0404,0,0,0,0,0,0,4104,28,2052,14,FALSE
1303875,Chestnut vs. Kobayashi: Unfinished Beef,2024-09-02,3.4684,3.5,2,FALSE,['Netflix'],Ryan Polito,['N/A'],0,"['Joey Chestnut', 'Takeru Kobayashi', 'Nikki Garcia']",71,0,FALSE,FALSE,2024,9,FALSE,FALSE,1.0638,0.2429,1,0,1.098612289,0,0,0,69880,1080,34940,540,FALSE
1201734,Algea: God of Pain,2023-10-26,3.0612,6.656,77,FALSE,['Amazon Prime Video'],JD Allen,"['Horror', 'Science Fiction', 'Thriller']",0,"['Jason K. Wixom', 'Sonny Grimsley', 'Duane Finley']",100,5,FALSE,FALSE,2023,10,FALSE,FALSE,0.6162,0.0465,25.66666667,0,4.356708827,0,0,0,46638,133,15546,44.33333333,FALSE
1129025,Power of the Dream,2024-06-13,3.6955,6.5,2,FALSE,['Amazon Prime Video'],Dawn Porter,['Documentary'],0,"['Sue Bird', 'Jemele Hill', 'Nneka Ogwumike']",93,4,FALSE,FALSE,2024,6,TRUE,FALSE,0.5932,0.3822,1,0,1.098612289,0,0,0,33828,359,16914,179.5,FALSE
574451,Turtles All the Way Down,2024-04-27,3.1285,7.3,197,FALSE,['HBO Max'],Hannah Marks,"['Drama', 'Romance']",0,"['Isabela Merced', 'Cree Cicchino', 'Judy Reyes']",111,2,FALSE,FALSE,2024,4,FALSE,FALSE,6.9673,1.7531,98.5,0,5.288267031,0,0,0,1935414,41086,967707,20543,FALSE
1051896,Arcadian,2024-04-12,3.4821,6.052,783,TRUE,['Hulu'],Benjamin Brewer,"['Action', 'Horror', 'Thriller']",0,"['Nicolas Cage', 'Jaeden Martell', 'Maxwell Jenkins']",92,5,FALSE,FALSE,2024,4,FALSE,FALSE,7.0942,0.1556,391.5,0,6.66440902,0,0,0,733877,3956,366938.5,1978,FALSE
1278633,America's Burning,2024-06-09,3.4484,0,1,FALSE,['Amazon Prime Video'],David Smick,['Documentary'],0,['Michael Douglas'],83,1,FALSE,FALSE,2024,6,TRUE,FALSE,4.1662,0.1029,0.5,0,0.6931471806,0,0,0,127571,2639,63785.5,1319.5,FALSE
1171833,Carol Doda Topless at the Condor,2024-03-22,3.4325,7,2,TRUE,['Amazon Prime Video'],Jonathan Parker,['Documentary'],0,"['Carol Doda', 'Pete Mattioli', 'Benita Mattioli']",100,2,FALSE,FALSE,2024,3,FALSE,FALSE,0.0379,0.2387,1,0,1.098612289,0,0,0,2232800,1768,1116400,884,FALSE
1013776,The Grab,2024-06-14,4.1418,7.9,10,TRUE,['Hulu'],Gabriela Cowperthwaite,['Documentary'],0,['N/A'],104,5,FALSE,FALSE,2024,6,TRUE,FALSE,0.2205,0.1579,5,0,2.397895273,0,0,0,223157,2474,111578.5,1237,FALSE
1201176,Easter Bloody Easter,2024-03-26,3.4578,4.731,13,FALSE,['Amazon Prime Video'],Diane Foster,"['Horror', 'Comedy', 'Fantasy']",0,"['Diane Foster', 'Kelly Grant', 'Allison Lobel']",103,2,FALSE,FALSE,2024,3,FALSE,FALSE,0.4621,0.4621,6.5,0,2.63905733,0,0,0,74923,505,37461.5,252.5,FALSE
999849,Late Bloomers,2024-06-07,3.9665,6.6,25,TRUE,['Amazon Prime Video'],Lisa Steen,['Comedy'],0,"['Karen Gillan', 'Małgorzata Zajączkowska', 'Jermaine Fowler']",89,8,FALSE,FALSE,2024,6,TRUE,FALSE,4.834,0.5757,12.5,0,3.258096538,0,0,0,83301,356,41650.5,178,FALSE
1094974,Take Cover,2024-10-04,3.6915,6.368,170,FALSE,['Hulu'],Nick McKinless,"['Action', 'Thriller']",0,"['Scott Adkins', 'Jack Parr', 'Alice Eve']",89,0,FALSE,FALSE,2024,10,FALSE,FALSE,6.4683,0.5932,85,0,5.141663557,0,0,0,672228,1764,336114,882,FALSE
1087822,Hellboy: The Crooked Man,2024-10-08,3.6968,5.215,494,FALSE,['Hulu'],Brian Taylor,"['Fantasy', 'Horror', 'Action']",20000000,"['Jack Kesy', 'Jefferson White', 'Adeline Rudolph']",100,5,FALSE,FALSE,2024,10,FALSE,FALSE,2.1064,0.062,247,16.81124288,6.204557763,0,0,0,1701144,30134,850572,15067,FALSE
1014661,House of Spoils,2024-09-21,3.6067,5.524,145,FALSE,['Amazon Prime Video'],Danielle Krudy,"['Horror', 'Thriller']",0,"['Ariana DeBose', 'Barbie Ferreira', 'Arian Moayed']",101,4,FALSE,FALSE,2024,9,FALSE,FALSE,3.256,0.2072,72.5,0,4.983606622,0,0,0,7835182,4429,3917591,2214.5,FALSE
1322500,Alien Weekend,2024-04-20,3.948,5.8,8,FALSE,['Amazon Prime Video'],Taylor King,"['Comedy', 'Science Fiction']",0,"['Jada Krueger', 'Ashlynn Celia Cox', 'Nicole Capobianco']",95,1,FALSE,FALSE,2024,4,FALSE,FALSE,0.0629,0.1891,4,0,2.197224577,0,0,0,28659,145,14329.5,72.5,FALSE
1341123,Christmas Under the Northern Lights,2024-11-09,3.5243,6.324,17,FALSE,['Amazon Prime Video'],Ernie Barbarash,"['TV Movie', 'Romance', 'Comedy']",0,"['Jill Wagner', 'Bruce Boxleitner', 'Jesse Hutch']",89,4,FALSE,FALSE,2024,11,FALSE,TRUE,3.1746,0.4661,8.5,0,2.890371758,0,0,0,72981,522,36490.5,261,FALSE
1153913,Departing Seniors,2024-02-02,4.0799,5.333,15,FALSE,['Amazon Prime Video'],Clare Cooney,"['Horror', 'Comedy', 'Mystery']",0,"['Ignacio Diaz-Silverio', 'Ireon Roach', 'Yani Gellman']",85,4,FALSE,FALSE,2024,2,FALSE,FALSE,1.5306,0.2215,7.5,0,2.772588722,0,0,0,34854,356,17427,178,FALSE
636706,Spaceman,2024-02-23,3.8086,6.712,969,FALSE,['Netflix'],Johan Renck,"['Science Fiction', 'Adventure', 'Drama']",40000000,"['Adam Sandler', 'Paul Dano', 'Carey Mulligan']",108,3,FALSE,FALSE,2024,2,FALSE,FALSE,4.6758,0.8033,484.5,17.50439004,6.877296071,0,0,0,9433570,88090,4716785,44045,TRUE
940139,Here,2024-11-01,3.5387,6.54,582,TRUE,['Netflix'],Robert Zemeckis,['Drama'],40000000,"['Tom Hanks', 'Robin Wright', 'Paul Bettany']",104,2,FALSE,FALSE,2024,11,FALSE,TRUE,15.4337,2.4413,291,17.50439004,6.368187186,0,0,0,6507707,71081,3253853.5,35540.5,TRUE
1370168,Nature of the Crime,2024-11-13,3.4918,5.5,2,FALSE,['HBO Max'],Ricki Stern,['Documentary'],0,"['Todd Scott', 'Chad Campbell', 'Carlos Rebollo']",89,2,FALSE,FALSE,2024,11,FALSE,TRUE,0.0493,0.2717,1,0,1.098612289,0,0,0,42902,294,21451,147,FALSE
1337997,Anuja,2024-06-08,3.6977,6.476,62,FALSE,['Netflix'],Adam J. Graves,['Drama'],0,"['Sajda Pathan', 'Ananya Shanbhag', 'Nagesh Bhonsle']",23,3,FALSE,FALSE,2024,6,TRUE,FALSE,0.7472,0.1496,31,0,4.143134726,0,0,0,213529,2651,106764.5,1325.5,FALSE
1111794,The Holiday Exchange,2024-10-01,3.2152,4.5,2,FALSE,['Amazon Prime Video'],Jake Helgren,['Romance'],0,"['Taylor Frey', 'Rick Cosnett', 'Samer Salem']",89,1,FALSE,FALSE,2024,10,FALSE,FALSE,1.2378,0.319,1,0,1.098612289,0,0,0,13681,73,6840.5,36.5,FALSE
718014,Hold Your Breath,2024-09-28,3.931,5.9,254,FALSE,['Hulu'],Will Joines,"['Horror', 'Thriller', 'Drama']",0,"['Sarah Paulson', 'Amiah Miller', 'Annaleigh Ashford']",94,3,FALSE,FALSE,2024,9,FALSE,FALSE,3.8767,0.2251,127,0,5.541263545,0,0,0,2288239,7662,1144119.5,3831,FALSE
1276964,Hidden Blessings,2024-08-30,3.6393,0,0,FALSE,['Amazon Prime Video'],James Arnold Taylor,['Drama'],0,"['Jason Marsden', 'James Arnold Taylor', 'Vanessa Marshall']",107,3,FALSE,FALSE,2024,8,TRUE,FALSE,1.6733,1.1866,0,0,0,0,0,0,3627,191,1813.5,95.5,FALSE
1337133,Ghosts of Red Ridge,2024-12-03,3.5495,4.9,11,FALSE,['Amazon Prime Video'],Stefan Colson,"['Western', 'Horror']",0,"['Owen Williams', 'Trent Culkin', 'Griffin Wade']",81,1,FALSE,FALSE,2024,12,FALSE,TRUE,0.2227,0.3786,5.5,0,2.48490665,0,0,0,92022,135,46011,67.5,FALSE
1276948,Not Just a Goof,2024-05-04,3.4547,7.182,11,FALSE,['Disney Plus'],Christopher Ninness,['Documentary'],0,"['Kevin Lima', 'Bill Farmer', 'Jason Marsden']",87,1,FALSE,FALSE,2024,5,TRUE,FALSE,1.6733,0.0387,5.5,0,2.48490665,0,0,0,671907,22822,335953.5,11411,FALSE
976734,Canary Black,2024-10-24,3.7545,6.224,458,FALSE,['Amazon Prime Video'],Pierre Morel,"['Action', 'Thriller', 'Crime']",0,"['Kate Beckinsale', 'Rupert Friend', 'Saffron Burrows']",103,4,FALSE,FALSE,2024,10,FALSE,FALSE,7.6403,1.0023,229,0,6.12905021,0,0,0,10525428,26705,5262714,13352.5,TRUE
1374740,WWII: Operation Phoenix,2024-12-03,3.9436,6.7,3,FALSE,['Amazon Prime Video'],Wesley Mellott,"['War', 'Action']",0,"['Amanda Shafer', 'Costas Mandylor', 'Richard Lyntton']",107,0,FALSE,FALSE,2024,12,FALSE,TRUE,1.5338,0.0143,1.5,0,1.386294361,0,0,0,39227,358,19613.5,179,FALSE
1360677,The Devil's Climb,2024-10-17,2.9323,7.633,30,FALSE,['Disney Plus'],Renan Öztürk,"['Documentary', 'Adventure']",0,"['Alex Honnold', 'Tommy Caldwell']",75,2,FALSE,FALSE,2024,10,FALSE,FALSE,0.6642,0.3496,15,0,3.433987204,0,0,0,233772,1450,116886,725,FALSE
616446,Brothers,2024-10-10,3.3028,5.961,306,FALSE,['Amazon Prime Video'],Max Barbakow,"['Action', 'Comedy', 'Crime']",0,"['Josh Brolin', 'Peter Dinklage', 'Glenn Close']",89,4,FALSE,FALSE,2024,10,FALSE,FALSE,7.6158,0.3659,153,0,5.726847748,0,0,0,3502754,31300,1751377,15650,FALSE
1365083,Witch Hunter,2024-10-04,3.9473,1.3,3,TRUE,['Amazon Prime Video'],Marc Gottlieb,"['Fantasy', 'Action', 'Adventure', 'Horror']",0,"['Doug Bradley', 'George Pakola', 'Bix Krieger']",80,1,FALSE,FALSE,2024,10,FALSE,FALSE,0.7856,0.2672,1.5,0,1.386294361,0,0,0,145374,217,72687,108.5,FALSE
1328907,Beauty and the Billionaire: Bali,2024-07-05,3.4932,6.7,10,FALSE,['Amazon Prime Video'],Brian Brough,"['Comedy', 'Romance']",0,"['Charlotte Hemmings', 'Samuel Whitten', 'Joel Bishop']",91,2,FALSE,TRUE,2024,7,TRUE,FALSE,0.5452,0.3514,5,0,2.397895273,0,0,0,68671,450,34335.5,225,FALSE
1000780,Bleeding Love,2024-02-16,3.5149,6.4,19,FALSE,['Amazon Prime Video'],Emma Westenberg,['Drama'],0,"['Clara McGregor', 'Ewan McGregor', 'Kim Zimmer']",96,4,FALSE,FALSE,2024,2,FALSE,FALSE,3.7925,0.1162,9.5,0,2.995732274,0,0,0,522785,4752,261392.5,2376,FALSE
836972,He Went That Way,2024-01-05,3.9086,5.413,52,FALSE,['Hulu'],Jeff Darling,"['Thriller', 'Crime', 'Drama']",0,"['Jacob Elordi', 'Zachary Quinto', 'Patrick J. Adams']",96,3,FALSE,FALSE,2024,1,FALSE,FALSE,8.645,0.161,26,0,3.970291914,0,0,0,1705103,17938,852551.5,8969,FALSE
1129508,Escape from Germany,2024-04-11,3.7258,6,18,TRUE,['Amazon Prime Video'],T.C. Christensen,"['History', 'Drama', 'War']",1000000,"['Paul Wuthrich', 'Sebastian Michael Barr', 'David McConnell']",97,1,FALSE,FALSE,2024,4,FALSE,FALSE,1.2269,0.4727,9,13.81551156,2.944438979,0,0,0,83016,629,41508,314.5,FALSE
1063877,Don't Move,2024-10-25,3.1051,6.3,914,FALSE,['Netflix'],Adam Schindler,"['Horror', 'Thriller']",0,"['Kelsey Asbille', 'Finn Wittrock', 'Moray Treadwell']",92,3,FALSE,FALSE,2024,10,FALSE,FALSE,5.9549,0.0297,457,0,6.818924065,0,0,0,5289543,44443,2644771.5,22221.5,TRUE
869291,Cuckoo,2024-08-02,2.9611,5.7,435,TRUE,['Hulu'],Tilman Singer,"['Horror', 'Mystery', 'Thriller']",7000000,"['Hunter Schafer', 'Jan Bluthardt', 'Marton Csokas']",103,4,FALSE,FALSE,2024,8,TRUE,FALSE,3.3383,0.323,217.5,15.76142085,6.077642243,0,0,0,214377,1926,107188.5,963,FALSE
1400489,The Real Full Monty,2024-12-09,3.5809,5.5,2,FALSE,['Hulu'],Sam Wrench,"['Documentary', 'Comedy']",0,"['Anthony Anderson', 'Taye Diggs', 'Dwight Howard']",85,2,FALSE,FALSE,2024,12,FALSE,TRUE,2.0332,0.468,1,0,1.098612289,0,0,0,317,2,158.5,1,FALSE
821499,The Inheritance,2024-07-12,3.1474,5.8,82,FALSE,['Hulu'],Alejandro Brugués,['Horror'],8000000,"['Bob Gunton', 'Peyton List', 'Briana Middleton']",84,1,FALSE,FALSE,2024,7,TRUE,FALSE,3.5366,0.2327,41,15.89495222,4.418840608,0,0,0,547512,1758,273756,879,FALSE
1030317,Pastor's Kid,2024-03-15,3.2891,0,0,TRUE,['Amazon Prime Video'],Benjamin Ironside Koppin,"['Drama', 'Comedy']",0,"['Courtney Bandeko', 'Krista Morin', 'Caleb Thomas']",91,2,FALSE,FALSE,2024,3,FALSE,FALSE,0.8371,0.0509,0,0,0,0,0,0,9291,74,4645.5,37,FALSE
951029,Look Into My Eyes,2024-09-06,2.585,5.706,17,TRUE,['HBO Max'],Lana Wilson,['Documentary'],0,"['Per Erik Borja', 'Eugene Grygo', 'Nikenya Hall']",108,5,FALSE,FALSE,2024,9,FALSE,FALSE,0.0193,0.2149,8.5,0,2.890371758,0,0,0,262165,2564,131082.5,1282,FALSE
1242596,"Rory Scovel: Religion, Sex and a Few Things In Between",2024-02-22,2.4632,5.1,4,FALSE,['HBO Max'],Jeff Tomsic,['Comedy'],0,['Rory Scovel'],73,1,FALSE,FALSE,2024,2,FALSE,FALSE,0.9983,0.619,2,0,1.609437912,0,0,0,46353,579,23176.5,289.5,FALSE
1227816,Red Right Hand,2024-02-23,3.2612,6.658,183,FALSE,['Hulu'],Eshom Nelms,"['Crime', 'Action', 'Thriller']",0,"['Orlando Bloom', 'Andie MacDowell', 'Scott Haze']",111,2,FALSE,FALSE,2024,2,FALSE,FALSE,3.6718,0.5783,91.5,0,5.214935758,0,0,0,1496479,3003,748239.5,1501.5,FALSE
987686,A Family Affair,2024-06-28,3.3447,5.748,685,FALSE,['Netflix'],Richard LaGravenese,"['Romance', 'Comedy']",0,"['Nicole Kidman', 'Zac Efron', 'Joey King']",114,1,FALSE,FALSE,2024,6,TRUE,FALSE,7.6125,1.3283,342.5,0,6.530877628,0,0,0,4737185,38722,2368592.5,19361,TRUE
1276825,Long Gone Heroes,2024-09-20,3.4111,5.767,43,FALSE,['Amazon Prime Video'],John Swab,"['Action', 'War', 'Crime', 'Thriller']",18000000,"['Frank Grillo', 'Josh Hutcherson', 'Melissa Leo']",101,6,FALSE,FALSE,2024,9,FALSE,FALSE,6.109,0.585,21.5,16.70588237,3.784189634,0,0,0,544736,2811,272368,1405.5,FALSE
1265066,The Beach Boys,2024-05-21,2.3796,6.576,33,FALSE,['Disney Plus'],Frank Marshall,"['Documentary', 'Music']",0,"['Brian Wilson', 'Mike Love', 'Al Jardine']",113,2,FALSE,FALSE,2024,5,TRUE,FALSE,0.3244,0.0289,16.5,0,3.526360525,0,0,0,1312561,20500,656280.5,10250,FALSE
1059128,Queer,2024-11-27,3.3673,6.612,455,TRUE,['HBO Max'],Luca Guadagnino,"['Drama', 'Romance']",53400000,"['Daniel Craig', 'Drew Starkey', 'Jason Schwartzman']",138,3,FALSE,FALSE,2024,11,FALSE,TRUE,7.8205,1.2641,227.5,17.79332132,6.12249281,0,0,0,4844983,65684,2422491.5,32842,TRUE
1362454,Six Days in August,2024-10-10,2.9928,6,1,TRUE,['Amazon Prime Video'],Mark N. Goodman,"['History', 'Drama']",0,"['John Donovan Wilson', 'Paul Wuthrich', 'Twyla Wilson']",125,3,FALSE,FALSE,2024,10,FALSE,FALSE,1.2269,0.2219,0.5,0,0.6931471806,0,0,0,80055,775,40027.5,387.5,FALSE
1197840,Bolt from the Blue,2024-09-27,3.3343,5.3,6,FALSE,['Amazon Prime Video'],Jack Martin,"['Science Fiction', 'Comedy', 'Adventure']",0,"['Page Tudyk Gomez', 'Kevin Michael Martin', 'Manny Spero']",91,1,FALSE,FALSE,2024,9,FALSE,FALSE,0.3529,0.0352,3,0,1.945910149,0,0,0,160207,290,80103.5,145,FALSE
1364549,Kylie Brakeman: Linda Hollywood’s Big Night,2024-09-10,2.9448,0,0,FALSE,['Amazon Prime Video'],Jeremy Elder,['Comedy'],0,"['Kylie Brakeman', 'Josh Fleury']",55,1,FALSE,FALSE,2024,9,FALSE,FALSE,0.215,0.0787,0,0,0,0,0,0,2055,60,1027.5,30,FALSE
1294765,Here to Climb,2024-06-18,2.7314,4.333,3,FALSE,['HBO Max'],Ricki Stern,['Documentary'],0,"['Sasha DiGiulian', 'Cedar Wright', 'Alex Honnold']",79,3,FALSE,FALSE,2024,6,TRUE,FALSE,0.6642,0.2717,1.5,0,1.386294361,0,0,0,69367,608,34683.5,304,FALSE
1158874,Sugarcane,2024-08-09,3.5081,6.9,49,TRUE,['Disney Plus'],Emily Kassie,['Documentary'],0,"['Julian Brave NoiseCat', 'Willie Sellars', 'Charlene Belleau']",107,5,FALSE,FALSE,2024,8,TRUE,FALSE,0.1267,0.2823,24.5,0,3.912023005,0,0,0,385400,3496,192700,1748,FALSE
999890,Sweethearts,2024-10-31,3.8217,5.738,86,FALSE,['HBO Max'],Jordan Weiss,['Comedy'],0,"['Kiernan Shipka', 'Nico Hiraga', 'Caleb Hearon']",97,2,FALSE,FALSE,2024,10,FALSE,FALSE,5.5685,0.2102,43,0,4.465908119,0,0,0,1161128,21573,580564,10786.5,FALSE
1062215,Afraid,2024-08-30,2.8608,5.926,461,TRUE,['Netflix'],Chris Weitz,"['Horror', 'Science Fiction', 'Thriller']",12000000,"['John Cho', 'Katherine Waterston', 'Keith Carradine']",84,2,FALSE,FALSE,2024,8,TRUE,FALSE,3.5553,0.6383,230.5,16.30041729,6.135564891,0,0,0,13409782,32311,6704891,16155.5,TRUE
1217343,This Is Me…Now,2024-02-15,3.6144,5.207,87,FALSE,['Amazon Prime Video'],Dave Meyers,"['Drama', 'Music', 'Documentary']",0,"['Jennifer Lopez', 'Ben Affleck', 'Idaliz Christian']",65,2,FALSE,FALSE,2024,2,FALSE,FALSE,15.2126,0.4689,43.5,0,4.477336814,0,0,0,5972010,11500,2986005,5750,FALSE
1182047,The Apprentice,2024-10-11,3.391,6.891,845,TRUE,['Amazon Prime Video'],Ali Abbasi,"['History', 'Drama']",16000000,"['Sebastian Stan', 'Jeremy Strong', 'Martin Donovan']",122,14,FALSE,FALSE,2024,10,FALSE,FALSE,4.2998,1.2033,422.5,16.58809934,6.74051936,0,0,0,1208207,13113,604103.5,6556.5,FALSE
1048241,My Spy The Eternal City,2024-07-18,3.193,6.57,427,FALSE,['Amazon Prime Video'],Peter Segal,"['Action', 'Comedy', 'Family']",0,"['Dave Bautista', 'Chloe Coleman', 'Kristen Schaal']",112,4,FALSE,TRUE,2024,7,TRUE,FALSE,5.7287,1.0657,213.5,0,6.059123196,0,0,0,7432338,68982,3716169,34491,TRUE
1155815,Hate to Love: Nickelback,2024-03-27,3.1721,5.7,14,FALSE,['Netflix'],Leigh Brooks,"['Documentary', 'Music']",0,"['Chad Kroeger', 'Ryan Peake', 'Mike Kroeger']",103,3,FALSE,FALSE,2024,3,FALSE,FALSE,0.572,0.0362,7,0,2.708050201,0,0,0,167139,5201,83569.5,2600.5,FALSE
1232553,The Unbreakable Tatiana Suarez,2024-01-31,3.4633,6.1,8,FALSE,['HBO Max'],Cassius Corrigan,['Documentary'],0,['Tatiana Suarez'],81,2,FALSE,FALSE,2024,1,FALSE,FALSE,0.0721,0.086,4,0,2.197224577,0,0,0,40763,372,20381.5,186,FALSE
1383113,Christmas at Xander Point,2024-11-05,2.9632,3.333,3,FALSE,['Amazon Prime Video'],Durham Harrison,"['Drama', 'Romance']",0,"['Kellie Shanygne Williams', 'Mitchell Lee', 'Abigail Smith']",88,1,FALSE,FALSE,2024,11,FALSE,TRUE,0.5712,0.0071,1.5,0,1.386294361,0,0,0,7721,69,3860.5,34.5,FALSE
1139095,Little Bites,2024-10-04,3.1537,6.058,43,FALSE,['Hulu'],Spider One,['Horror'],0,"['Krsy Fox', 'Jon Sklaroff', 'Elizabeth Phoenix Caro']",106,1,FALSE,FALSE,2024,10,FALSE,FALSE,1.1574,0.5323,21.5,0,3.784189634,0,0,0,148173,1490,74086.5,745,FALSE
947891,My Old Ass,2024-09-13,3.3134,6.829,420,TRUE,['Amazon Prime Video'],Megan Park,"['Comedy', 'Drama']",3000000,"['Maisy Stella', 'Aubrey Plaza', 'Percy Hynes White']",89,2,FALSE,FALSE,2024,9,FALSE,FALSE,4.8202,1.2262,210,14.91412318,6.042632834,0,0,0,7489566,25017,3744783,12508.5,TRUE
971533,Finding Love in Saint Lucia,2024-10-15,2.4896,5.6,10,FALSE,['Amazon Prime Video'],Ryan Dewar,"['TV Movie', 'Comedy', 'Romance']",0,"['Maddison Bullock', 'Philip Boyd', 'Brooke Burfitt']",90,2,FALSE,FALSE,2024,10,FALSE,FALSE,0.8711,1.041,5,0,2.397895273,0,0,0,40159,380,20079.5,190,FALSE
748230,Salem's Lot,2024-09-25,3.2173,6,634,FALSE,['HBO Max'],Gary Dauberman,['Horror'],0,"['Lewis Pullman', 'Makenzie Leigh', 'Jordan Preston Carter']",113,4,FALSE,FALSE,2024,9,FALSE,FALSE,3.7956,0.4165,317,0,6.453624999,0,0,0,5364771,67781,2682385.5,33890.5,TRUE
1236419,Piece by Piece,2024-10-11,3.1982,7.4,130,TRUE,['Netflix'],Morgan Neville,"['Animation', 'Family', 'Music', 'Documentary']",16000000,"['Pharrell Williams', 'Chad Hugo', 'Gwen Stefani']",93,4,FALSE,FALSE,2024,10,FALSE,FALSE,0.9463,0.134,65,16.58809934,4.875197323,0,0,0,14143874,54290,7071937,27145,FALSE
1187107,Love's Fast Lane,2024-01-20,2.4558,5.7,10,FALSE,['Amazon Prime Video'],Ben Meyerson,"['TV Movie', 'Comedy', 'Romance']",0,"['Grace Patterson', 'Thomas Gipson', 'Ella Frazee']",90,2,FALSE,FALSE,2024,1,FALSE,FALSE,0.6438,0.207,5,0,2.397895273,0,0,0,10744,0,5372,0,FALSE
931642,Lights Out,2024-02-16,2.5285,6.934,137,FALSE,['Hulu'],Christian Sesma,"['Action', 'Thriller']",7000000,"['Frank Grillo', 'Mekhi Phifer', 'Jaime King']",90,5,TRUE,FALSE,2024,2,FALSE,FALSE,3.8451,0.2309,68.5,15.76142085,4.927253685,0,0,0,30190630,132685,15095315,66342.5,FALSE
986402,Devil's Knight,2024-10-25,3.3135,4.2,5,FALSE,['Amazon Prime Video'],Adam Werth,"['Fantasy', 'Horror', 'Action']",0,"['Eric Roberts', 'Kevin Sorbo', 'Daniel Baldwin']",90,3,FALSE,FALSE,2024,10,FALSE,FALSE,4.2801,0.2294,2.5,0,1.791759469,0,0,0,89613,0,44806.5,0,FALSE
1252980,Chicken Coop,2024-02-24,2.7219,4.5,4,FALSE,['Amazon Prime Video'],Joseph DeGolyer,"['Comedy', 'Drama', 'Family']",0,"['Noah Kershisnik', 'Mark Bracich', 'Monica Moore Smith']",98,1,FALSE,FALSE,2024,2,FALSE,FALSE,0.2044,0,2,0,1.609437912,0,0,0,102756,56,51378,28,FALSE
835113,Woman of the Hour,2024-10-11,2.6281,6.4,912,FALSE,['Netflix'],Anna Kendrick,"['Crime', 'Drama', 'Thriller']",836057,"['Anna Kendrick', 'Daniel Zovatto', 'Nicolette Robinson']",95,4,FALSE,FALSE,2024,10,FALSE,FALSE,5.2204,5.2204,456,13.63645327,6.816735881,0,0,0,313336,1201,156668,600.5,FALSE
1186023,Don't Turn Out the Lights,2024-09-06,2.3805,4.6,36,TRUE,['Hulu'],Andy Fickman,['Horror'],0,"['Bella DeLong', 'Amber Janea', 'Daryl Tofa']",109,2,FALSE,FALSE,2024,9,FALSE,FALSE,0.3147,0.524,18,0,3.610917913,0,0,0,431144,1938,215572,969,FALSE
1255883,Alex Edelman: Just for Us,2024-11-02,2.9863,7.1,13,FALSE,['HBO Max'],Alex Timbers,['Comedy'],0,['Alex Edelman'],91,1,FALSE,FALSE,2024,11,FALSE,TRUE,0.469,0.2026,6.5,0,2.63905733,0,0,0,118779,709,59389.5,354.5,FALSE
1155089,Justice League: Crisis on Infinite Earths Part One,2024-01-09,3.0303,7.298,379,FALSE,['HBO Max'],Jeff Wamester,"['Animation', 'Science Fiction', 'Action']",70000000,"['Matt Bomer', 'Jensen Ackles', 'Darren Criss']",93,2,FALSE,TRUE,2024,1,FALSE,FALSE,6.7353,0.1925,189.5,18.06400581,5.940171253,0,0,0,1662299,40686,831149.5,20343,FALSE
1239146,Woody Woodpecker Goes to Camp,2024-04-12,3.9186,6.429,183,FALSE,['Netflix'],Jonathan A. Rosenbaum,"['Family', 'Comedy']",15000000,"['Eric Bauza', 'Kevin Michael Richardson', 'Tom Kenny']",101,3,TRUE,TRUE,2024,4,FALSE,FALSE,2.58,0.2051,91.5,16.52356083,5.214935758,0,0,0,854998,4064,427499,2032,FALSE
843617,Players,2024-02-14,3.0862,6.1,298,FALSE,['Netflix'],Trish Sie,"['Romance', 'Comedy']",0,"['Gina Rodriguez', 'Damon Wayans Jr.', 'Tom Ellis']",105,3,FALSE,FALSE,2024,2,FALSE,FALSE,3.1701,0.3668,149,0,5.700443573,0,0,0,6142839,88296,3071419.5,44148,FALSE
932086,Horizon: An American Saga - Chapter 1,2024-06-28,2.6976,6.9,593,TRUE,['HBO Max'],Kevin Costner,"['Western', 'Drama']",50000000,"['Kevin Costner', 'Sienna Miller', 'Sam Worthington']",182,1,FALSE,TRUE,2024,6,TRUE,FALSE,8.7102,8.7102,296.5,17.72753358,6.386879319,0,0,0,8173676,62356,4086838,31178,TRUE
1366853,Expedition Amazon,2024-10-10,1.9335,6.4,10,FALSE,['Disney Plus'],Anna Derryberry,['Documentary'],0,['Alice Braga'],47,1,FALSE,FALSE,2024,10,FALSE,FALSE,3.4929,0.0214,5,0,2.397895273,0,0,0,65619,1003,32809.5,501.5,FALSE
831395,Tuesday,2024-06-07,4.8948,6.824,94,TRUE,['HBO Max'],Daina Oniunas-Pusić,"['Fantasy', 'Drama']",0,"['Julia Louis-Dreyfus', 'Lola Petticrew', 'Arinzé Kene']",110,7,FALSE,FALSE,2024,6,TRUE,FALSE,2.9286,0.0818,47,0,4.553876892,0,0,0,3310331,41250,1655165.5,20625,TRUE
610219,The Fire Inside,2024-12-25,2.74,7.448,58,TRUE,['Amazon Prime Video'],Rachel Morrison,"['Drama', 'History']",12000000,"['Ryan Destiny', 'Brian Tyree Henry', 'Oluniké Adeliyi']",109,1,FALSE,FALSE,2024,12,FALSE,TRUE,1.3503,0.0071,29,16.30041729,4.077537444,0,0,0,5979755,16725,2989877.5,8362.5,FALSE
798612,Shirley,2024-03-15,2.9737,6.802,86,FALSE,['Netflix'],John Ridley,"['History', 'Drama']",0,"['Regina King', 'Lance Reddick', 'Terrence Howard']",117,2,FALSE,FALSE,2024,3,FALSE,FALSE,2.8343,0.5242,43,0,4.465908119,0,0,0,1664502,12703,832251,6351.5,FALSE
1042650,Widow Clicquot,2024-07-19,3.3979,6.688,93,TRUE,['Netflix'],Thomas Napper,['Drama'],0,"['Haley Bennett', 'Tom Sturridge', 'Sam Riley']",91,1,FALSE,FALSE,2024,7,TRUE,FALSE,4.879,0.4892,46.5,0,4.543294782,0,0,0,926408,4424,463204,2212,FALSE
1297970,Sal Vulcano: Terrified,2024-05-31,2.7864,3.6,4,FALSE,['HBO Max'],Eric Abrams,['Comedy'],0,['Sal Vulcano'],72,2,FALSE,FALSE,2024,5,TRUE,FALSE,1.0471,0.1726,2,0,1.609437912,0,0,0,1969018,63164,984509,31582,FALSE
1290287,Hot Frosty,2024-11-13,3.3266,5.9,271,FALSE,['Netflix'],Jerry Ciccoritti,"['Romance', 'Comedy']",0,"['Lacey Chabert', 'Dustin Milligan', 'Katy Mixon']",90,2,FALSE,FALSE,2024,11,FALSE,TRUE,4.3563,0.356,135.5,0,5.605802066,0,0,0,1287872,8780,643936,4390,FALSE
1109940,Accidental Texan,2024-03-08,3.1725,5.9,14,TRUE,['Hulu'],Mark Lambert Bristol,"['Comedy', 'Drama']",10000000,"['Rudy Pankow', 'Thomas Haden Church', 'Carrie-Anne Moss']",103,1,FALSE,FALSE,2024,3,FALSE,FALSE,4.0328,0.233,7,16.11809575,2.708050201,0,0,0,167712,563,83856,281.5,FALSE
1209290,Justice League: Crisis on Infinite Earths Part Three,2024-07-16,2.9278,7.239,305,FALSE,['HBO Max'],Jeff Wamester,"['Animation', 'Science Fiction', 'Action']",0,"['Jensen Ackles', 'Darren Criss', 'Corey Stoll']",99,2,FALSE,TRUE,2024,7,TRUE,FALSE,6.7353,0.1925,152.5,0,5.723585102,0,0,0,1082587,19205,541293.5,9602.5,FALSE
1221396,Self,2024-02-02,3.0798,6.054,46,FALSE,['Disney Plus'],Searit Huluf,"['Animation', 'Family', 'Fantasy']",0,['Searit Huluf'],7,1,FALSE,FALSE,2024,2,FALSE,FALSE,0.1241,0.1241,23,0,3.850147602,0,0,0,22045,127,11022.5,63.5,FALSE
1195425,War Blade,2024-01-09,3.2207,4.5,9,FALSE,['Amazon Prime Video'],Nicholas Winter,"['War', 'Thriller']",0,"['Joseph Millson', 'Ronan Summers', 'Ade Dimberline']",94,0,FALSE,FALSE,2024,1,FALSE,FALSE,0.6359,0.0978,4.5,0,2.302585093,0,0,0,108659,53,54329.5,26.5,FALSE
1396130,Don't Let Him Find You,2024-11-29,2.5193,5.5,7,FALSE,['Hulu'],Christine Conradt,"['Thriller', 'Mystery', 'TV Movie']",0,"['Brianna Cohen', 'Philip Boyd', 'Audrey Lynn-Marie']",90,1,FALSE,FALSE,2024,11,FALSE,TRUE,0.8711,0.2813,3.5,0,2.079441542,0,0,0,4156,0,2078,0,FALSE
1242394,The Hobby: Tales from the Tabletop,2024-03-08,2.5074,4,1,FALSE,['Amazon Prime Video'],Simon Ennis,['Documentary'],0,"['Daryl Andrews', 'Dan Corbett', 'Elizabeth Hargrave']",92,3,FALSE,FALSE,2024,3,FALSE,FALSE,0.1633,0.1236,0.5,0,0.6931471806,0,0,0,5260,86,2630,43,FALSE
1124641,Classified,2024-10-22,3.7591,5.6,178,FALSE,['Hulu'],Roel Reiné,"['Action', 'Thriller']",0,"['Aaron Eckhart', 'Tim Roth', 'Abigail Breslin']",105,6,FALSE,FALSE,2024,10,FALSE,FALSE,3.8867,0.563,89,0,5.187385806,0,0,0,120168,1175,60084,587.5,FALSE
1376359,"Your Friend, Nate Bargatze",2024-12-24,2.9948,6.923,26,FALSE,['Netflix'],Ryan Polito,['Comedy'],0,['Nate Bargatze'],63,2,FALSE,FALSE,2024,12,FALSE,TRUE,0.3951,0.2429,13,0,3.295836866,0,0,0,297402,3187,148701,1593.5,FALSE
1214980,Jacqueline Novak: Get on Your Knees,2024-01-23,3.1902,6,15,FALSE,['Netflix'],Natasha Lyonne,['Comedy'],0,['Jacqueline Novak'],94,3,FALSE,FALSE,2024,1,FALSE,FALSE,0.0666,3.1888,7.5,0,2.772588722,0,0,0,80,0,40,0,FALSE
1063549,Gaga Chromatica Ball,2024-05-23,3.5011,8.4,26,FALSE,['HBO Max'],Lady Gaga,['Music'],0,"['Lady Gaga', 'Tim Stewart', 'Ricky Tillo']",113,3,FALSE,FALSE,2024,5,TRUE,FALSE,1.6553,1.6553,13,0,3.295836866,0,0,0,289887,9130,144943.5,4565,FALSE
999621,BRATS,2024-06-07,3.5562,5.913,52,FALSE,"['Disney Plus', 'Hulu']",Andrew McCarthy,['Documentary'],0,"['Andrew McCarthy', 'Emilio Estevez', 'Ally Sheedy']",92,3,FALSE,FALSE,2024,6,TRUE,FALSE,2.9225,2.6059,26,0,3.970291914,0,0,0,5190287,27790,2595143.5,13895,FALSE
953713,Parachute,2024-04-05,2.8053,6.341,22,FALSE,['Amazon Prime Video'],Brittany Snow,"['Drama', 'Romance']",0,"['Courtney Eaton', 'Thomas Mann', 'Francesca Reale']",108,6,FALSE,FALSE,2024,4,FALSE,FALSE,4.3202,5.631,11,0,3.135494216,0,0,0,392176,5961,196088,2980.5,FALSE
1282960,Detained,2024-08-02,3.2424,5.781,57,FALSE,['Amazon Prime Video'],Felipe Mucci,"['Thriller', 'Mystery', 'Crime']",0,"['Abbie Cornish', 'Laz Alonso', 'Moon Bloodgood']",97,1,FALSE,FALSE,2024,8,TRUE,FALSE,2.8996,0.0847,28.5,0,4.060443011,0,0,0,459793,1050,229896.5,525,FALSE
1482148,The Rhythm,2024-05-31,2.4564,0,0,FALSE,['Amazon Prime Video'],Gerald McBride,['Drama'],0,"['Arthur Cartwright', 'Jaclene Wilk', 'Michael Miles']",108,0,FALSE,FALSE,2024,5,TRUE,FALSE,0.0852,0.0071,0,0,0,0,0,0,15145,75,7572.5,37.5,FALSE
1360610,The Menendez Brothers,2024-10-07,3.0107,7.325,146,FALSE,['Netflix'],Alejandro Hartmann,['Documentary'],0,"['Erik Menendez', 'Lyle Menendez', 'Robert Rand']",116,1,FALSE,FALSE,2024,10,FALSE,FALSE,0.184,0.1841,73,0,4.990432587,0,0,0,2142556,29606,1071278,14803,FALSE
1011082,The Greatest Hits,2024-04-05,2.0988,6.581,142,FALSE,['Hulu'],Ned Benson,"['Drama', 'Music', 'Romance', 'Fantasy']",0,"['Lucy Boynton', 'Justin H. Min', 'David Corenswet']",94,3,FALSE,FALSE,2024,4,FALSE,FALSE,5.0032,0.684,71,0,4.96284463,0,0,0,2764148,14783,1382074,7391.5,FALSE
1153110,Bookworm,2024-10-18,2.1997,6.547,75,FALSE,['Amazon Prime Video'],Ant Timpson,"['Adventure', 'Family', 'Comedy', 'Drama']",0,"['Nell Fisher', 'Elijah Wood', 'Michael Smiley']",104,2,FALSE,FALSE,2024,10,FALSE,FALSE,17.0838,0.4138,37.5,0,4.33073334,0,0,0,254057,919,127028.5,459.5,FALSE
1088096,Goodrich,2024-10-18,2.8323,6.324,88,TRUE,['HBO Max'],Hallie Meyers-Shyer,"['Comedy', 'Drama']",5000000,"['Michael Keaton', 'Mila Kunis', 'Carmen Ejogo']",111,5,FALSE,FALSE,2024,10,FALSE,FALSE,11.3264,0.3431,44,15.42494867,4.48863637,0,0,0,347311,1711,173655.5,855.5,FALSE
976226,Cora Bora,2024-06-14,3.0743,5.4,8,TRUE,['Netflix'],Hannah Pearl Utt,"['Comedy', 'Drama']",0,"['Megan Stalter', 'Jojo T. Gibbs', 'Manny Jacinto']",92,3,FALSE,FALSE,2024,6,TRUE,FALSE,2.319,0.1666,4,0,2.197224577,0,0,0,34396,264,17198,132,FALSE
999582,Babes,2024-05-17,2.9009,5.979,73,TRUE,['Hulu'],Pamela Adlon,['Comedy'],3700000,"['Ilana Glazer', 'Michelle Buteau', 'John Carroll Lynch']",104,3,FALSE,FALSE,2024,5,TRUE,FALSE,1.8424,2.4877,36.5,15.12384365,4.304065093,0,0,0,366523,1701,183261.5,850.5,FALSE
1300769,Say a Little Prayer,2024-11-22,2.3212,0,0,FALSE,['Amazon Prime Video'],Patrick Perez Vidauri,"['Romance', 'Comedy']",0,"['Angélica María', 'Vanessa Vazquez', 'Jackie Cruz']",103,2,FALSE,FALSE,2024,11,FALSE,TRUE,1.4513,0.0579,0,0,0,0,0,0,356190,2978,178095,1489,FALSE
1175038,Stranger in the Woods,2024-02-14,2.9597,5.967,122,FALSE,['Amazon Prime Video'],Adam Newacheck,"['Horror', 'Thriller']",0,"['Holly Kenney', 'Brendin Brown', 'Paris Nicole']",82,3,FALSE,FALSE,2024,2,FALSE,FALSE,0.0908,0.0563,61,0,4.812184355,0,0,0,179570,575,89785,287.5,FALSE
1029247,Held Hostage in My House,2024-09-07,1.9543,4.667,9,FALSE,['Netflix'],Anna Elizabeth James,"['Mystery', 'Thriller']",0,"['Amy Smart', 'Billy Zane', 'Gilles Marini']",87,1,FALSE,FALSE,2024,9,FALSE,FALSE,3.6759,0.8809,4.5,0,2.302585093,0,0,0,30297,132,15148.5,66,FALSE
1072876,Self Reliance,2024-01-03,3.3177,5.9,277,FALSE,['Hulu'],Jake Johnson,"['Comedy', 'Thriller']",70000000,"['Jake Johnson', 'Anna Kendrick', 'Natalie Morales']",91,4,FALSE,FALSE,2024,1,FALSE,FALSE,5.2204,2.7374,138.5,18.06400581,5.627621114,0,0,0,1300103,10686,650051.5,5343,FALSE
628922,Asphalt City,2024-03-29,2.8957,6.176,185,TRUE,['Hulu'],Jean-Stéphane Sauvaire,"['Thriller', 'Drama']",0,"['Sean Penn', 'Tye Sheridan', 'Gbenga Akinnagbe']",120,5,FALSE,FALSE,2024,3,FALSE,FALSE,3.2439,0.1141,92.5,0,5.225746674,0,0,0,247294,985,123647,492.5,FALSE
1114922,Somewhere Quiet,2024-02-02,3.4358,4.569,29,FALSE,['Hulu'],Olivia West Lloyd,"['Drama', 'Thriller', 'Horror']",0,"['Jennifer Kim', 'Kentucker Audley', 'Micheál Richardson']",98,3,FALSE,FALSE,2024,2,FALSE,FALSE,0.6597,0.0143,14.5,0,3.401197382,0,0,0,227239,584,113619.5,292,FALSE
1059345,Cult Killer,2024-01-19,2.7602,6.429,161,TRUE,['Hulu'],Jon Keeyes,"['Mystery', 'Thriller', 'Crime', 'Horror']",0,"['Alice Eve', 'Antonio Banderas', 'Shelley Hennig']",105,8,FALSE,FALSE,2024,1,FALSE,FALSE,5.8464,0.2244,80.5,0,5.087596335,0,0,0,435350,2572,217675,1286,FALSE
1242387,Billy & Molly: An Otter Love Story,2024-03-09,2.0757,7.7,20,FALSE,['Disney Plus'],Charlie Hamilton James,['Documentary'],0,"['Billy Mail', 'Susan Mail']",77,2,FALSE,FALSE,2024,3,FALSE,FALSE,0.0453,0.0691,10,0,3.044522438,0,0,0,235081,2565,117540.5,1282.5,FALSE
1155123,Lies My Babysitter Told,2024-10-02,1.8606,4.9,6,FALSE,['Amazon Prime Video'],Ben Meyerson,"['TV Movie', 'Thriller']",0,"['Daniel Di Amante', 'Nicole Marie Johnson', 'Nancy Harding']",90,2,FALSE,FALSE,2024,10,FALSE,FALSE,1.1908,0.207,3,0,1.945910149,0,0,0,412586,2500,206293,1250,FALSE
950925,Hunting Souls,2022-04-05,3.0824,3,2,FALSE,['Amazon Prime Video'],Diego Silva Acevedo,['Horror'],0,"['Sunny Mabrey', 'Adelle Drahos', 'Aiden Turner']",93,1,FALSE,FALSE,2022,4,FALSE,FALSE,1.8369,0.0357,0.5,0,1.098612289,0,0,0,69297,403,17324.25,100.75,FALSE
863873,Caddo Lake,2024-10-10,2.621,7.238,400,FALSE,['HBO Max'],Celine Held,"['Drama', 'Mystery', 'Science Fiction', 'Thriller']",0,"[""Dylan O'Brien"", 'Eliza Scanlen', 'Caroline Falk']",103,3,FALSE,FALSE,2024,10,FALSE,FALSE,4.0769,0.7206,200,0,5.993961427,0,0,0,2077337,19248,1038668.5,9624,FALSE
1094009,Summer Camp,2024-05-31,2.2098,5.269,39,TRUE,['Hulu'],Castille Landon,['Comedy'],10000000,"['Diane Keaton', 'Kathy Bates', 'Alfre Woodard']",96,3,FALSE,FALSE,2024,5,TRUE,FALSE,5.4737,0.2712,19.5,16.11809575,3.688879454,0,0,0,1269010,2593,634505,1296.5,FALSE
739547,Thelma the Unicorn,2024-05-17,2.436,7.011,182,FALSE,['Netflix'],Lynn Wang,"['Animation', 'Fantasy', 'Family']",0,"['Brittany Howard', 'Will Forte', 'Jemaine Clement']",93,1,FALSE,FALSE,2024,5,TRUE,FALSE,3.0906,0.2454,91,0,5.209486153,0,0,0,1427965,17159,713982.5,8579.5,FALSE
968441,Música,2024-03-13,2.1445,6.48,127,FALSE,['Amazon Prime Video'],Rudy Mancuso,"['Romance', 'Comedy', 'Music']",0,"['Rudy Mancuso', 'Camila Mendes', 'Francesca Reale']",91,3,FALSE,FALSE,2024,3,FALSE,FALSE,2.8674,1.0101,63.5,0,4.852030264,0,0,0,856378,8767,428189,4383.5,FALSE
1143508,You Gotta Believe,2024-08-30,2.6148,7.184,38,TRUE,['Netflix'],Ty Roberts,"['Family', 'Drama']",0,"['Luke Wilson', 'Greg Kinnear', 'Sarah Gadon']",104,2,FALSE,FALSE,2024,8,TRUE,FALSE,3.515,0.1121,19,0,3.663561646,0,0,0,621144,1720,310572,860,FALSE
1352582,Treasure Trackers,2024-10-01,3.0356,4.2,5,FALSE,['Amazon Prime Video'],Drew Garcia,"['Adventure', 'Family']",0,"['Charity Rose', 'Amelia Salazar', 'Sean Jay']",92,3,FALSE,FALSE,2024,10,FALSE,FALSE,0.1242,0.0311,2.5,0,1.791759469,0,0,0,34464,212,17232,106,FALSE
1325922,A Killer in the House,2024-07-03,1.9886,0,0,FALSE,['Amazon Prime Video'],Jared Cohn,['Thriller'],300000,"['Phillip Andre Botello', 'Katherine Gibson', 'Danny Hansen']",83,0,FALSE,FALSE,2024,7,TRUE,FALSE,0.2443,0,0,12.61154109,0,0,0,0,29373,277,14686.5,138.5,FALSE
704673,Trigger Warning,2024-06-21,2.4959,5.7,554,FALSE,['Netflix'],Mouly Surya,['Action'],0,"['Jessica Alba', 'Anthony Michael Hall', 'Tone Bell']",106,2,FALSE,FALSE,2024,6,TRUE,FALSE,6.7264,0.3046,277,0,6.318968114,0,0,0,4215927,38861,2107963.5,19430.5,TRUE
1255208,Bag of Lies,2024-03-29,2.2521,5.703,37,FALSE,['Amazon Prime Video'],David Andrew James,"['Horror', 'Thriller']",0,"['John Wells', 'Madison Pullins', 'Patrick Taft']",96,1,FALSE,FALSE,2024,3,FALSE,FALSE,0.2832,0,18.5,0,3.63758616,0,0,0,109897,470,54948.5,235,FALSE
988512,Running on Empty,2024-08-09,2.3713,5.674,23,FALSE,['Amazon Prime Video'],Daniel André,"['Romance', 'Comedy']",0,"['Keir Gilchrist', 'Lucy Hale', 'Jay Pharoah']",91,5,FALSE,FALSE,2024,8,TRUE,FALSE,3.9222,0.0423,11.5,0,3.17805383,0,0,0,432334,4126,216167,2063,FALSE
1365712,Money Electric: The Bitcoin Mystery,2024-10-08,2.0808,6,26,FALSE,['HBO Max'],Cullen Hoback,"['Documentary', 'Mystery']",0,"['Cullen Hoback', 'Roger Ver', 'Peter Todd']",104,4,FALSE,FALSE,2024,10,FALSE,FALSE,0.2819,0.1165,13,0,3.295836866,0,0,0,390604,5426,195302,2713,FALSE
1159799,My Penguin Friend,2024-08-16,3.0299,7.503,144,TRUE,['Hulu'],David Schurmann,"['Family', 'Adventure', 'Drama']",0,"['Jean Reno', 'Adriana Barraza', 'Nicolás Francella']",98,5,FALSE,FALSE,2024,8,TRUE,FALSE,4.5394,0.067,72,0,4.976733742,0,0,0,2628351,9670,1314175.5,4835,FALSE
1340628,The Turnaround,2024-10-18,2.9784,7.5,12,FALSE,['Netflix'],Kyle Thrash,['Documentary'],0,"['Jon McCann', 'Alex Rodriguez', 'Trea Turner']",25,4,FALSE,FALSE,2024,10,FALSE,FALSE,0.2172,0.1334,6,0,2.564949357,0,0,0,57973,913,28986.5,456.5,FALSE
1114919,Smoking Tigers,2024-08-16,3.0345,5.429,7,FALSE,['HBO Max'],So Young Shelly Yo,['Drama'],0,"['Ji-young Yoo', 'Jung Jun-ho', 'Abin Shim']",91,1,FALSE,FALSE,2024,8,TRUE,FALSE,2.1492,0.0214,3.5,0,2.079441542,0,0,0,24943,308,12471.5,154,FALSE
1218245,Hellhounds,2024-01-08,3.0375,4,3,FALSE,['Amazon Prime Video'],Robert Conway,"['Horror', 'Action']",0,"['Eva Hamilton', 'Anna Harr', 'Dana Kippel']",81,4,FALSE,FALSE,2024,1,FALSE,FALSE,3.465,0.1265,1.5,0,1.386294361,0,0,0,392007,1410,196003.5,705,FALSE
1203236,Nutcrackers,2024-11-29,2.7875,5.824,145,FALSE,['Hulu'],David Gordon Green,"['Drama', 'Comedy']",0,"['Ben Stiller', 'Linda Cardellini', 'Homer Janson']",104,3,FALSE,FALSE,2024,11,FALSE,TRUE,5.1913,0.5374,72.5,0,4.983606622,0,0,0,5217158,7162,2608579,3581,FALSE
1128559,Super/Man: The Christopher Reeve Story,2024-09-21,1.7386,8.082,188,TRUE,['HBO Max'],Ian Bonhôte,['Documentary'],0,"['Christopher Reeve', 'Will Reeve', 'Alexandra Reeve Givens']",104,4,FALSE,FALSE,2024,9,FALSE,FALSE,1.2813,0.4353,94,0,5.241747015,0,0,0,8046749,128361,4023374.5,64180.5,FALSE
1100964,Colonials,2023-04-11,3.1294,6,3,FALSE,['Amazon Prime Video'],Andrew Balek,"['Science Fiction', 'Action']",0,"['Greg Kriek', 'Sean Kanan', 'Daniel Roebuck']",80,0,FALSE,FALSE,2023,4,FALSE,FALSE,1.5074,0.1701,1,0,1.386294361,0,0,0,322634,608,107544.6667,202.6666667,FALSE
1385142,Love Across Time,2024-11-01,2.6634,7.261,23,FALSE,['Amazon Prime Video'],Brian Brough,"['Comedy', 'Romance']",0,"['Aubrey Reynolds', 'Toby-Alexander Smith', 'Wynne Potts']",90,3,FALSE,FALSE,2024,11,FALSE,TRUE,1.7523,0.3514,11.5,0,3.17805383,0,0,0,10055791,117877,5027895.5,58938.5,FALSE
1019939,Hundreds of Beavers,2024-01-26,2.9355,7.2,228,FALSE,['Amazon Prime Video'],Mike Cheslik,"['Comedy', 'Adventure', 'Action']",150000,"['Ryland Brickson Cole Tews', 'Olivia Graves', 'Doug Mancheski']",108,1,FALSE,FALSE,2024,1,FALSE,FALSE,0.3769,0.4598,114,11.91839724,5.433722004,0,0,0,787068,8353,393534,4176.5,FALSE
1374847,Christmas on the Ranch,2024-11-01,2.7512,5.5,2,FALSE,['Hulu'],Danny Buday,"['Romance', 'Drama']",0,"['Jade Harlow', 'Houston Rhines', 'Amy Sloan']",86,0,FALSE,FALSE,2024,11,FALSE,TRUE,1.8224,0.4298,1,0,1.098612289,0,0,0,20445,169,10222.5,84.5,FALSE
1276505,Christmas in the Friendly Skies,2024-11-08,2.1528,0,0,FALSE,['Amazon Prime Video'],Victoria Rowell,"['Drama', 'Romance']",0,"['Todd Bridges', 'Brad James', 'Maria Howell']",92,0,FALSE,FALSE,2024,11,FALSE,TRUE,1.1753,1.0284,0,0,0,0,0,0,3407,9,1703.5,4.5,FALSE
1120821,The Blue Angels,2024-05-17,2.9796,6.5,27,FALSE,['Amazon Prime Video'],Paul Crowder,['Documentary'],0,"['Brian Allendorfer', 'Bobby Speed Baldock', 'Bryon Beck']",93,7,FALSE,FALSE,2024,5,TRUE,FALSE,0.1557,0.3059,13.5,0,3.33220451,0,0,0,8399341,8724,4199670.5,4362,FALSE
1165483,Rule of Thirds,2024-06-28,2.6832,9,3,FALSE,['Amazon Prime Video'],Patrick Flaherty,"['Drama', 'Thriller']",0,"['Will Hirschfeld', 'Ashley Moore', 'Jonathan Kowalsky']",108,1,FALSE,FALSE,2024,6,TRUE,FALSE,1.5219,0.0525,1.5,0,1.386294361,0,0,0,66402,189,33201,94.5,FALSE
1327649,Let's Start a Cult,2024-10-25,1.9697,5.763,19,TRUE,"['Amazon Prime Video', 'Hulu']",Ben Kitnick,['Comedy'],0,"['Stavros Halkias', 'Wes Haney', 'Eric Rahill']",90,2,FALSE,FALSE,2024,10,FALSE,FALSE,0.8774,0.086,9.5,0,2.995732274,0,0,0,546506,15785,273253,7892.5,FALSE
1217345,Girl Haunts Boy,2024-10-10,2.8907,6.74,50,FALSE,['Netflix'],Emily Ting,"['Fantasy', 'Romance', 'Comedy']",0,"['Michael Cimino', 'Peyton List', 'Phoebe Holden']",100,3,FALSE,FALSE,2024,10,FALSE,FALSE,3.5366,0.2644,25,0,3.931825633,0,0,0,591316,3844,295658,1922,FALSE
1029700,The Stolen Valley,2024-02-23,2.2929,5.2,8,FALSE,['Amazon Prime Video'],Jesse Edwards,"['Action', 'Western']",0,"['Briza Covarrubias', 'Allee Sutton Hethcoat', 'Micah Fitzgerald']",104,1,FALSE,FALSE,2024,2,FALSE,FALSE,0.5082,0.0836,4,0,2.197224577,0,0,0,95035,181,47517.5,90.5,FALSE
1317218,Mr. Crocket,2024-09-26,2.7609,5.185,108,FALSE,['Hulu'],Brandon Espy,['Horror'],0,"['Elvis Nolasco', 'Jerrika Hinton', 'Ayden Gavin']",88,1,FALSE,FALSE,2024,9,FALSE,FALSE,1.2577,0.1978,54,0,4.691347882,0,0,0,687153,9514,343576.5,4757,FALSE
1109711,Freaknik: The Wildest Party Never Told,2024-03-12,1.7802,5.8,6,FALSE,['Hulu'],P. Frank Williams,['Documentary'],0,"['Killer Mike', 'Jermaine Dupri', '21 Savage']",82,2,FALSE,FALSE,2024,3,FALSE,FALSE,0.7397,0.0521,3,0,1.945910149,0,0,0,6847511,4190,3423755.5,2095,FALSE
1111487,Darla in Space,2024-09-27,2.8222,0,0,FALSE,['Amazon Prime Video'],Eric Laplante,"['Comedy', 'Science Fiction']",0,"['Alex E. Harris', 'Thomas Jay Ryan', 'Constance Shulman']",94,2,FALSE,FALSE,2024,9,FALSE,FALSE,0.4248,0.0239,0,0,0,0,0,0,40444,0,20222,0,FALSE
1228312,The Ribbon,2024-04-16,2.9488,2,1,FALSE,['Amazon Prime Video'],Carrie Simon,['Drama'],0,"['Eddie McClintock', 'Parker Papalaskaris', 'Brittanie VanDyke']",91,1,FALSE,FALSE,2024,4,FALSE,FALSE,1.247,0.0327,0.5,0,0.6931471806,0,0,0,1326843,14536,663421.5,7268,FALSE
1263249,Sentinel,2024-03-22,2.2675,3.773,22,TRUE,['Hulu'],Stefano Milla,"['Science Fiction', 'Action']",0,"['Jason R. Moore', 'Ellie Patrikios', 'Neil Cole']",90,2,FALSE,FALSE,2024,3,FALSE,FALSE,0.4102,0.2258,11,0,3.135494216,0,0,0,100762,1139,50381,569.5,FALSE
1101448,Unstoppable,2024-12-06,2.6883,5.1,152,FALSE,['Amazon Prime Video'],William Goldenberg,"['Drama', 'History']",0,"['Jharrel Jerome', 'Anthony Robles', 'Jennifer Lopez']",123,5,FALSE,FALSE,2024,12,FALSE,TRUE,3.0406,0.1847,76,0,5.030437921,0,0,0,15686654,28233,7843327,14116.5,FALSE
1315692,The Christmas Letter,2024-11-09,1.8102,5,4,FALSE,['Amazon Prime Video'],Tori Hunter,"['Comedy', 'Family']",0,"['Angus Benfield', 'Randy Quaid', 'Chevy Chase']",95,3,FALSE,FALSE,2024,11,FALSE,TRUE,2.861,0.0788,2,0,1.609437912,0,0,0,69828,245,34914,122.5,FALSE
1288255,Death PhD,2024-09-16,2.2506,3.2,6,FALSE,['Amazon Prime Video'],Swisyzinna,['Horror'],0,"['Shelby Shea', 'Mariah Tavares', 'Justin Armstrong']",106,1,FALSE,FALSE,2024,9,FALSE,FALSE,0.115,0.1823,3,0,1.945910149,0,0,0,76785,144,38392.5,72,FALSE
1121373,American Warrior,2024-04-25,2.6323,6,2,TRUE,['Amazon Prime Video'],Gustavo Martin,"['Action', 'Drama']",0,"['Danny Trejo', 'Veronica Falcón', 'Suleka Mathew']",89,3,FALSE,FALSE,2024,4,FALSE,FALSE,3.181,0.0474,1,0,1.098612289,0,0,0,14873,102,7436.5,51,FALSE
1238358,The Bad Shepherd,2024-02-23,2.6602,6.078,32,FALSE,['Hulu'],Geo Santini,"['Thriller', 'Crime']",0,"['Christos Kalabogias', 'Scotty Tovar', 'Geo Santini']",91,1,FALSE,FALSE,2024,2,FALSE,FALSE,0.6748,0.6748,16,0,3.496507561,0,0,0,103626,295,51813,147.5,FALSE
1269539,Ape X Mecha Ape: New World Order,2024-04-05,2.804,3.885,13,FALSE,['Amazon Prime Video'],Marc Gottlieb,"['Action', 'Science Fiction', 'Fantasy']",0,"['Ashley Ahlquist', 'Sean Young', 'Eric Rolland']",90,2,FALSE,TRUE,2024,4,FALSE,FALSE,3.2528,0.2672,6.5,0,2.63905733,0,0,0,158488,1000,79244,500,FALSE
1275998,Lake George,2024-12-06,2.9333,6.089,28,FALSE,['Hulu'],Jeffrey Reiner,"['Comedy', 'Crime', 'Thriller']",0,"['Shea Whigham', 'Carrie Coon', 'Max Casella']",118,2,FALSE,FALSE,2024,12,FALSE,TRUE,3.5491,0.8622,14,0,3.36729583,0,0,0,122173,541,61086.5,270.5,FALSE
1288104,Road Wars: Max Fury,2024-05-17,2.7702,3.333,9,FALSE,['Amazon Prime Video'],Mark Atkins,"['Action', 'Adventure', 'Science Fiction']",0,"['Vernon Wells', 'Preet Kaur', 'Chandni Shah']",83,1,FALSE,TRUE,2024,5,TRUE,FALSE,1.1483,0,4.5,0,2.302585093,0,0,0,205974,198,102987,99,FALSE
1041517,Deer Camp ‘86,2024-05-31,2.4486,5.308,13,FALSE,['Amazon Prime Video'],L. Van Dyke Siboutszen,"['Horror', 'Comedy', 'Thriller', 'Fantasy']",0,"['Noah LaLonde', 'Jay J. Bidwell', 'Arthur Cartwright']",85,2,FALSE,FALSE,2024,5,TRUE,FALSE,1.5996,0.0264,6.5,0,2.63905733,0,0,0,130223,192,65111.5,96,FALSE
1029555,Electra,2024-02-09,2.6622,5.5,6,FALSE,['Amazon Prime Video'],Hala Matar,"['Drama', 'Thriller']",0,"['Maria Bakalova', 'Jack Farthing', 'Daryl Wein']",85,5,FALSE,FALSE,2024,2,FALSE,FALSE,0.7933,0.3402,3,0,1.945910149,0,0,0,28962,235,14481,117.5,FALSE
1263200,The Way We Speak,2024-04-13,2.5805,7,2,FALSE,['Amazon Prime Video'],Ian Ebright,['Drama'],0,"['Patrick Fabian', 'Diana Coconubo', 'Kailey Rhodes']",87,0,FALSE,FALSE,2024,4,FALSE,FALSE,1.7003,0.1013,1,0,1.098612289,0,0,0,15685111,325489,7842555.5,162744.5,FALSE
931107,The Line,2024-10-18,2.9103,5.8,10,TRUE,['Hulu'],Ethan Berger,['Drama'],0,"['Alex Wolff', 'Lewis Pullman', 'Bo Mitchell']",100,3,FALSE,FALSE,2024,10,FALSE,FALSE,3.7956,0.0645,5,0,2.397895273,0,0,0,80713,904,40356.5,452,FALSE
1102231,Desert Fiends,2024-12-13,2.5383,4.143,7,FALSE,['Amazon Prime Video'],Shawn C. Phillips,"['Horror', 'Mystery', 'Comedy', 'Thriller']",250000,"['Spencer Breslin', 'Scout Taylor-Compton', 'Bai Ling']",106,1,FALSE,FALSE,2024,12,FALSE,TRUE,1.8755,0.7886,3.5,12.4292202,2.079441542,0,0,0,34711,0,17355.5,0,FALSE
1140100,Over The Red River,2024-06-18,2.5316,0,0,FALSE,['Amazon Prime Video'],Myles Clohessy,['Drama'],0,"['Gary Cairns', 'Will Roberts', 'Baylee Toney']",84,0,FALSE,FALSE,2024,6,TRUE,FALSE,1.1508,0.4851,0,0,0,0,0,0,25057,67,12528.5,33.5,FALSE
1323753,Child Star,2024-09-17,2.8694,6.2,25,FALSE,['Hulu'],Demi Lovato,['Documentary'],0,"['Demi Lovato', 'Drew Barrymore', 'Christina Ricci']",97,4,FALSE,FALSE,2024,9,FALSE,FALSE,4.2967,1.6394,12.5,0,3.258096538,0,0,0,824452,18986,412226,9493,FALSE
1382084,A Fireman for Christmas,2024-07-02,2.1182,0,0,FALSE,['Amazon Prime Video'],Joel Paul Reisig,"['Comedy', 'Drama', 'Romance']",0,"['Kristen Ryda', 'Donnell J. Clayton', 'Jesi Jensen']",81,0,FALSE,FALSE,2024,7,TRUE,FALSE,0.3188,0.2355,0,0,0,0,0,0,318703,2509,159351.5,1254.5,FALSE
1058303,Drugstore June,2024-02-23,2.9747,5.788,40,FALSE,['Amazon Prime Video'],Nicholaus Goossen,"['Comedy', 'Crime', 'Mystery']",0,"['Esther Povitsky', ""Beverly D'Angelo"", 'James Remar']",91,3,FALSE,FALSE,2024,2,FALSE,FALSE,3.8721,0.0797,20,0,3.713572067,0,0,0,265727,3342,132863.5,1671,FALSE
959429,Lonely Planet,2024-10-11,2.8238,6.113,199,FALSE,['Netflix'],Susannah Grant,"['Romance', 'Drama']",0,"['Laura Dern', 'Liam Hemsworth', 'Diana Silvers']",96,1,FALSE,FALSE,2024,10,FALSE,FALSE,4.7853,0.7173,99.5,0,5.298317367,0,0,0,1636896,9926,818448,4963,FALSE
1127375,The Notorious Finster,2024-05-28,2.0613,7,3,FALSE,['Amazon Prime Video'],Robert Henderson,"['Crime', 'Thriller', 'Horror', 'Mystery']",0,"['Amanda Evans', 'Britton Webb', 'Brian Anthony Wilson']",113,1,FALSE,FALSE,2024,5,TRUE,FALSE,0.6208,0.0261,1.5,0,1.386294361,0,0,0,34254,49,17127,24.5,FALSE
1052280,It's What's Inside,2024-01-19,2.6304,6.459,712,FALSE,['Netflix'],Greg Jardin,"['Comedy', 'Mystery', 'Science Fiction']",0,"['James Morosini', ""Brittany O'Grady"", 'David Thompson']",103,3,FALSE,FALSE,2024,1,FALSE,FALSE,0.8204,0.207,356,0,6.56948142,0,0,0,3589234,19880,1794617,9940,TRUE
1352173,Stopping the Steal,2024-09-17,2.6579,6.9,16,FALSE,['HBO Max'],Dan Reed,['Documentary'],0,"['William Barr', 'Marc Short', 'Alyssa Farah Griffin']",89,2,FALSE,FALSE,2024,9,FALSE,FALSE,0.1546,0.0977,8,0,2.833213344,0,0,0,723122,14144,361561,7072,FALSE
1034751,Vampiras: The Brides,2024-02-07,2.7442,5.9,41,TRUE,['Amazon Prime Video'],Iván Mulero,"['Horror', 'Fantasy', 'Action', 'Mystery']",0,"['Noel Gugliemi', 'Olga Aguilar', 'María Conchita Alonso']",90,1,FALSE,FALSE,2024,2,FALSE,FALSE,2.6438,0.0571,20.5,0,3.737669618,0,0,0,40270,0,20135,0,FALSE
728949,Nightbitch,2024-12-06,2.0899,5.77,328,FALSE,['Hulu'],Marielle Heller,"['Comedy', 'Horror']",20000000,"['Amy Adams', 'Scoot McNairy', 'Arleigh Snowden']",98,4,FALSE,FALSE,2024,12,FALSE,TRUE,8.461,0.7199,164,16.81124288,5.796057751,0,0,0,4553804,17579,2276902,8789.5,TRUE
1203653,Exhibiting Forgiveness,2024-10-18,2.2322,6.688,24,TRUE,['Hulu'],Titus Kaphar,['Drama'],0,"['André Holland', 'Andra Day', 'John Earl Jelks']",117,5,FALSE,FALSE,2024,10,FALSE,FALSE,0.9394,0.2571,12,0,3.218875825,0,0,0,1618711,8837,809355.5,4418.5,FALSE
1255350,Find Me Falling,2024-07-19,2.5135,6.6,159,FALSE,['Netflix'],Stelana Kliris,"['Romance', 'Comedy', 'Music']",0,"['Harry Connick Jr.', 'Agni Scott', 'Ali Fumiko Whitney']",94,5,FALSE,FALSE,2024,7,TRUE,FALSE,0.7232,0.2516,79.5,0,5.075173815,0,0,0,2072094,11004,1036047,5502,FALSE
1294496,Haunt Season,2024-10-04,2.5573,6.023,22,TRUE,['Amazon Prime Video'],Jake Jarvi,"['Horror', 'Comedy', 'Thriller']",0,"['Brent Bentley', 'Rob Scallon', 'Craig Benzine']",81,0,FALSE,FALSE,2024,10,FALSE,FALSE,0.5293,0.3349,11,0,3.135494216,0,0,0,40668,359,20334,179.5,FALSE
1108566,Killer Heat,2024-09-26,1.8874,5.807,300,FALSE,['Amazon Prime Video'],Philippe Lacôte,"['Crime', 'Drama', 'Romance']",0,"['Joseph Gordon-Levitt', 'Richard Madden', 'Shailene Woodley']",97,5,FALSE,FALSE,2024,9,FALSE,FALSE,6.3547,0.0729,150,0,5.707110265,0,0,0,8008871,24999,4004435.5,12499.5,FALSE
1275123,Tom Cotter: Rapid Fire,2024-04-16,2.4624,0,0,FALSE,['Amazon Prime Video'],David Thies,['Comedy'],0,['Tom Cotter'],55,1,FALSE,FALSE,2024,4,FALSE,FALSE,0,0.0071,0,0,0,0,0,0,1056,58,528,29,FALSE
1331474,BLACKPINK & The K-Pop Takeover,2024-02-14,1.7932,8,2,FALSE,['Amazon Prime Video'],Sarah Findley,"['Documentary', 'Music']",0,"['Ava Webster', 'ROSÉ', 'JENNIE']",52,0,FALSE,FALSE,2024,2,FALSE,FALSE,0.1395,0.0629,1,0,1.098612289,0,0,0,7831736,448323,3915868,224161.5,FALSE
1143128,Omni Loop,2024-09-20,2.6465,5.881,84,FALSE,['Hulu'],Bernardo Britto,"['Science Fiction', 'Drama']",0,"['Mary-Louise Parker', 'Ayo Edebiri', 'Carlos Jacott']",111,3,FALSE,FALSE,2024,9,FALSE,FALSE,3.7394,0.1646,42,0,4.442651256,0,0,0,683845,7054,341922.5,3527,FALSE
1365854,The Book Club Murders,2024-10-03,1.7883,5,2,FALSE,['Netflix'],Logan Giese,"['TV Movie', 'Thriller']",0,"['Brittany Underwood', 'Eva Igo', 'Aaron Goehle']",90,1,FALSE,FALSE,2024,10,FALSE,FALSE,0.9455,0.0214,1,0,1.098612289,0,0,0,30092,47,15046,23.5,FALSE
1091298,Attack of the Meth Gator,2024-09-05,2.4677,5.139,36,FALSE,['Amazon Prime Video'],Christopher Ray,"['Horror', 'Science Fiction', 'Action']",0,"['LaRonn Marzett', 'Ray Acevedo', 'Vanesa Tamayo']",85,1,FALSE,FALSE,2024,9,FALSE,FALSE,0.3461,0.3232,18,0,3.610917913,0,0,0,6393,17,3196.5,8.5,FALSE
1377535,The Bouncer,2024-10-15,2.6099,4.5,4,FALSE,['Amazon Prime Video'],Massimiliano Cerchi,"['Action', 'Thriller', 'Crime']",0,"['Costas Mandylor', 'John Ozuna', 'Rosmary Yaneva']",79,0,FALSE,FALSE,2024,10,FALSE,FALSE,1.5338,0.0736,2,0,1.609437912,0,0,0,858659,5431,429329.5,2715.5,FALSE
1216512,The Casagrandes Movie,2024-03-22,2.5055,7,46,FALSE,['Netflix'],Miguel Puga,"['Animation', 'Comedy', 'Family']",0,"['Izabella Alvarez', 'Sumalee Montano', 'Paulina Chávez']",86,1,FALSE,FALSE,2024,3,FALSE,FALSE,2.1289,0.1416,23,0,3.850147602,0,0,0,1173694,11592,586847,5796,FALSE
1318451,The Night Before Christmas in Wonderland,2024-11-15,1.5561,6.2,8,FALSE,['Amazon Prime Video'],Peter Baynton,"['Animation', 'Adventure', 'Fantasy', 'Family']",0,"['Emilia Clarke', 'Gerard Butler', 'Simone Ashley']",80,4,FALSE,FALSE,2024,11,FALSE,TRUE,7.7705,0.1009,4,0,2.197224577,0,0,0,28756,272,14378,136,FALSE
1268784,Cradle of Deception,2024-05-23,1.7262,6.7,3,FALSE,['Amazon Prime Video'],Soran Mardookhi,"['TV Movie', 'Thriller']",0,"['Holly Deveaux', 'Brittany Mitchell', 'Jason Cermak']",89,3,FALSE,FALSE,2024,5,TRUE,FALSE,1.0443,0.0468,1.5,0,1.386294361,0,0,0,9862,0,4931,0,FALSE
1324495,Bad Fish,2024-09-30,2.4324,3.667,6,FALSE,['Amazon Prime Video'],Brad Douglas,"['Thriller', 'Horror']",0,"['Jonny Lee', 'Abby Wathen', 'Mark Schneider']",85,1,FALSE,FALSE,2024,9,FALSE,FALSE,0.6067,0.0071,3,0,1.945910149,0,0,0,21529,0,10764.5,0,FALSE
1396837,Battle for Disclosure,2024-10-12,2.0216,5,4,FALSE,['Amazon Prime Video'],Blake Cousins,"['Documentary', 'Drama']",0,"['Steven M. Greer', 'Tim Burchett', 'Billy Carson']",120,1,FALSE,TRUE,2024,10,FALSE,FALSE,0.1938,0.0495,2,0,1.609437912,0,0,0,71607,4136,35803.5,2068,FALSE
1255156,Inheritance,2024-06-21,2.1736,8.5,3,FALSE,['Amazon Prime Video'],Emily Moss Wilson,['Drama'],0,"['Cynthia Geary', 'Michelle Hurd', 'Chris Mulkey']",100,0,FALSE,FALSE,2024,6,TRUE,FALSE,1.6714,0.1661,1.5,0,1.386294361,0,0,0,2062333,5855,1031166.5,2927.5,FALSE
1183999,Mythica Stormbound,2024-01-31,2.3649,6.7,7,FALSE,['Amazon Prime Video'],Jake Stormoen,"['Fantasy', 'Adventure', 'Action']",0,"['Will Kemp', 'Ryann Bailey', 'Nate Morley']",104,1,FALSE,TRUE,2024,1,FALSE,FALSE,0.1149,0.536,3.5,0,2.079441542,0,0,0,25147,982,12573.5,491,FALSE
1145474,Down Below,2024-10-01,2.2016,2,5,FALSE,['Amazon Prime Video'],Spyder Dobrofsky,"['Horror', 'Thriller']",0,"['Eric Roberts', 'Doug Jones', 'Alexis Knapp']",93,1,FALSE,FALSE,2024,10,FALSE,FALSE,4.2801,0.1295,2.5,0,1.791759469,0,0,0,23078,94,11539,47,FALSE
1181847,Love at the Bootcamp,2024-09-06,2.7605,6.333,6,FALSE,['Amazon Prime Video'],P.J. Naworynski,"['TV Movie', 'Comedy', 'Romance']",0,"['Leanne Lapp', 'Daniel Cudmore']",90,3,FALSE,FALSE,2024,9,FALSE,FALSE,2.4055,0.0327,3,0,1.945910149,0,0,0,729,2,364.5,1,FALSE
1360121,The Christmas Brew,2024-10-01,2.2932,4,4,FALSE,['Amazon Prime Video'],Vincenzo Conrorio,['Romance'],0,"['Kaitlyn Lunardi', 'James Liddell', 'LeJon Woods']",89,0,FALSE,FALSE,2024,10,FALSE,FALSE,0.5291,0.0239,2,0,1.609437912,0,0,0,122,2,61,1,FALSE
1259919,Tigers on the Rise,2024-04-22,2.1269,7.8,12,FALSE,['Disney Plus'],Rob Sullivan,['Documentary'],0,['Blair Underwood'],78,2,FALSE,FALSE,2024,4,FALSE,FALSE,1.0389,0.0429,6,0,2.564949357,0,0,0,385551,1898,192775.5,949,FALSE
802219,Bob Marley: One Love,2024-02-14,2.0901,6.634,908,TRUE,['Amazon Prime Video'],Reinaldo Marcus Green,"['Music', 'History', 'Drama']",70000000,"['Kingsley Ben-Adir', 'Lashana Lynch', 'James Norton']",104,3,TRUE,FALSE,2024,2,FALSE,FALSE,3.5161,0.4651,454,18.06400581,6.812345094,0,0,0,12222030,102909,6111015,51454.5,TRUE
943122,Seeking Mavis Beacon,2024-08-30,1.9239,2,2,TRUE,['Hulu'],Jazmin Jones,['Documentary'],0,"['Jazmin Jones', 'Olivia McKayla Ross']",102,3,FALSE,FALSE,2024,8,TRUE,FALSE,0.0453,0.0453,1,0,1.098612289,0,0,0,101223,694,50611.5,347,FALSE
1072805,Lyvia's House,2024-01-13,1.9145,6,5,FALSE,['Amazon Prime Video'],Niko Volonakis,"['Thriller', 'Mystery', 'Fantasy', 'Drama']",0,"['Tara Nichol Caldwell', 'Joshua Malekos', 'Ann Marie Gideon']",117,3,FALSE,FALSE,2024,1,FALSE,FALSE,0.362,0.0479,2.5,0,1.791759469,0,0,0,21650,100,10825,50,FALSE
1218257,Riki Rhino: The Bird Kingdom,2024-03-07,1.5277,4,1,FALSE,['Amazon Prime Video'],Erwin Budiono,['Animation'],0,"['Kiff VandenHeuvel', 'Rama Vallury', 'Zehra Fazal']",,3,FALSE,FALSE,2024,3,FALSE,FALSE,0.8154,0.0826,0.5,0,0.6931471806,0,0,0,1975,7,987.5,3.5,FALSE
1404366,Edith: Porsche's Volcano Ascent,2024-12-19,1.7527,5.3,3,FALSE,['Amazon Prime Video'],J.F. Musial,['Documentary'],0,"['Romain Dumas', 'Dr. Frank-Steffen Walliser', 'Niko Myyra']",51,0,FALSE,FALSE,2024,12,FALSE,TRUE,0.0071,0.1583,1.5,0,1.386294361,0,0,0,9774,98,4887,49,FALSE
1362836,Night Is Not Eternal,2024-10-20,1.5975,6.7,6,FALSE,['HBO Max'],Nanfu Wang,['Documentary'],0,"['Rosa María Payá', 'Nanfu Wang', 'Ofelia Acevedo']",92,5,FALSE,FALSE,2024,10,FALSE,FALSE,0.3977,0.3977,3,0,1.945910149,0,0,0,27873,412,13936.5,206,FALSE
1358820,A Nonsense Christmas with Sabrina Carpenter,2024-12-05,1.7528,6.8,70,FALSE,['Netflix'],Sam Wrench,['Music'],0,"['Sabrina Carpenter', 'Cara Delevingne', 'Chappell Roan']",50,3,FALSE,FALSE,2024,12,FALSE,TRUE,6.0369,0.468,35,0,4.262679877,0,0,0,1632001,68259,816000.5,34129.5,FALSE
1319651,The Lady of the Lake,2024-07-12,1.9607,3.2,6,FALSE,['Amazon Prime Video'],Maria Capp,"['Horror', 'Thriller', 'Drama']",0,"['Seth Gilliam', 'Nia Sioux', 'Emery Kelly']",93,1,FALSE,FALSE,2024,7,TRUE,FALSE,1.2965,0.0286,3,0,1.945910149,0,0,0,13896,0,6948,0,FALSE
912600,Some Other Woman,2024-01-05,2.4458,5,19,FALSE,['Netflix'],Joel David Moore,"['Thriller', 'Drama']",0,"['Amanda Crew', 'Tom Felton', 'Ashley Greene']",86,2,FALSE,FALSE,2024,1,FALSE,FALSE,2.4705,1.6746,9.5,0,2.995732274,0,0,0,177777,666,88888.5,333,FALSE
1147351,Lousy Carter,2024-03-29,2.2545,6.1,19,TRUE,['Hulu'],Bob Byington,['Comedy'],0,"['David Krumholtz', 'Olivia Thirlby', 'Martin Starr']",80,1,FALSE,FALSE,2024,3,FALSE,FALSE,2.7472,0.5381,9.5,0,2.995732274,0,0,0,54368,193,27184,96.5,FALSE
1368265,A Christmas of Wonders,2024-10-08,1.6314,4,1,FALSE,['Amazon Prime Video'],Nathan Steve Smith,['Romance'],0,"['James Gaisford', 'Ben Lomu', 'Krystin Arroyo']",86,2,FALSE,FALSE,2024,10,FALSE,FALSE,0.6371,0.0362,0.5,0,0.6931471806,0,0,0,3132353,28327,1566176.5,14163.5,FALSE
829402,Ultraman: Rising,2024-06-14,1.9496,8.175,355,FALSE,['Netflix'],Shannon Tindle,"['Animation', 'Science Fiction', 'Family', 'Action']",0,"['Christopher Sean', 'Gedde Watanabe', 'Tamlyn Tomita']",117,2,FALSE,FALSE,2024,6,TRUE,FALSE,2.013,0.2452,177.5,0,5.874930731,0,0,0,2523352,57004,1261676,28502,TRUE
1341493,The Waterboyz,2024-09-13,2.3543,6.5,2,FALSE,['Amazon Prime Video'],Coke Daniels,"['Drama', 'Crime']",0,"['Akili McDowell', 'La La Anthony', 'Antwar Walker']",89,0,FALSE,FALSE,2024,9,FALSE,FALSE,1.2103,0.6569,1,0,1.098612289,0,0,0,1175660,20345,587830,10172.5,FALSE
1330373,Alien: Rubicon,2024-08-23,2.4828,3.625,24,FALSE,['Amazon Prime Video'],Adrian Avila,"['Science Fiction', 'Action', 'Horror']",0,"['Michael Paré', 'Preston Geer', 'Paul Logan']",90,1,FALSE,FALSE,2024,8,TRUE,FALSE,2.4424,0.0762,12,0,3.218875825,0,0,0,286500,565,143250,282.5,FALSE
1284004,May the 12th Be with You,2024-05-10,2.0753,5.377,57,FALSE,['Disney Plus'],David Silverman,"['Animation', 'Comedy']",0,"['Julie Kavner', 'Dan Castellaneta', 'Chris Edgerly']",5,2,FALSE,FALSE,2024,5,TRUE,FALSE,2.2038,0.623,28.5,0,4.060443011,0,0,0,296876,4792,148438,2396,FALSE
1315415,Curtains for Christmas,2024-07-10,2.2832,8,2,FALSE,['Amazon Prime Video'],Steve Rudzinski,"['Horror', 'Comedy']",15000,"['Aleen Isley', 'Eric J Holmes', 'Sarah Brunner']",70,1,FALSE,FALSE,2024,7,TRUE,FALSE,0.2134,0.2224,1,9.615872145,1.098612289,0,0,0,8448,36,4224,18,FALSE
1263371,An American Bombing: The Road to April 19th,2024-04-16,1.5345,6.3,16,FALSE,['HBO Max'],Marc Levin,['Documentary'],0,"['Kathy Sanders', 'Nancy Shaw', 'Marsha Kimble']",107,2,FALSE,FALSE,2024,4,FALSE,FALSE,0.0617,0.2952,8,0,2.833213344,0,0,0,113480,827,56740,413.5,FALSE
1270003,The Brink Of,2024-04-16,1.5211,8,1,FALSE,['Amazon Prime Video'],Patrick Meaney,"['Romance', 'Music', 'Drama']",0,"['Nicolette Norgaard', 'Tim Hoffmann', 'Mina Tobias']",87,0,FALSE,FALSE,2024,4,FALSE,FALSE,0.1325,0,0.5,0,0.6931471806,0,0,0,60925,140,30462.5,70,FALSE
1118033,The Seeding,2024-01-26,2.3058,4.961,63,FALSE,['Hulu'],Barnaby Clay,"['Horror', 'Thriller']",0,"['Scott Haze', 'Kate Lyn Sheil', 'Charlie Avink']",100,1,FALSE,FALSE,2024,1,FALSE,FALSE,0.5115,0.1028,31.5,0,4.158883083,0,0,0,338799,925,169399.5,462.5,FALSE
1209288,Justice League: Crisis on Infinite Earths Part Two,2024-04-23,1.9045,6.749,259,FALSE,['HBO Max'],Jeff Wamester,"['Animation', 'Science Fiction', 'Action']",0,"['Jensen Ackles', 'Darren Criss', 'Meg Donnelly']",94,2,FALSE,TRUE,2024,4,FALSE,FALSE,6.7353,0.1925,129.5,0,5.560681631,0,0,0,1439895,31184,719947.5,15592,FALSE
1201197,Don Q,2024-11-01,2.4104,5.4,5,TRUE,['Amazon Prime Video'],Claudio Bellante,"['Crime', 'Drama', 'Comedy']",0,"['Armand Assante', 'Chuck Zito', 'Saundra Santiago']",108,5,FALSE,FALSE,2024,11,FALSE,TRUE,1.801,0.0991,2.5,0,1.791759469,0,0,0,14045,40,7022.5,20,FALSE
1289205,Chasing Raine,2024-05-14,2.1908,3,4,FALSE,['Amazon Prime Video'],Quinanthony Bateman,"['Thriller', 'Action']",0,"['Maurice P. Kerry', 'Krystal Jordan', 'DJ Walton']",101,2,FALSE,FALSE,2024,5,TRUE,FALSE,0.3168,0.0071,2,0,1.609437912,0,0,0,99169,163,49584.5,81.5,FALSE
1229779,The Boarding School Murders,2024-01-14,2.6871,5.9,8,FALSE,['Hulu'],Alexandre Carrière,"['Thriller', 'TV Movie']",0,"['Hannah Galway', 'Christina Cox', 'Nicole Amber Farrugia']",86,1,FALSE,FALSE,2024,1,FALSE,FALSE,2.3191,0.1005,4,0,2.197224577,0,0,0,19635,0,9817.5,0,FALSE
834562,Poolman,2024-05-10,2.491,4.35,60,TRUE,['Hulu'],Chris Pine,"['Mystery', 'Comedy']",10000000,"['Chris Pine', 'Annette Bening', 'Danny DeVito']",100,6,FALSE,FALSE,2024,5,TRUE,FALSE,3.7028,3.6135,30,16.11809575,4.110873864,0,0,0,541286,2591,270643,1295.5,FALSE
1254584,Nicole Burch: Mama Drama,2024-03-05,2.1004,0,0,FALSE,['Amazon Prime Video'],Matt Kubas,['Comedy'],0,['Nicole Burch'],62,1,FALSE,FALSE,2024,3,FALSE,FALSE,0.1246,0.4321,0,0,0,0,0,0,49,1,24.5,0.5,FALSE
1398491,Mind Wave,2024-12-06,2.3392,4,1,FALSE,['Amazon Prime Video'],Leon Lee,['Thriller'],0,"['Harry Han', 'Steve Thackray', 'Melissa Taylor']",78,1,FALSE,FALSE,2024,12,FALSE,TRUE,0.2843,0.0881,0.5,0,0.6931471806,0,0,0,34407,80,17203.5,40,FALSE
1238083,Laurie Kilmartin: Cis Woke Grief Slut,2024-01-30,2.4618,0,0,FALSE,"['Amazon Prime Video', 'Hulu']",Matt Kubas,['Comedy'],0,['Laurie Kilmartin'],61,1,FALSE,FALSE,2024,1,FALSE,FALSE,0.0688,0.4321,0,0,0,0,0,0,4046,0,2023,0,FALSE
1163186,We Grown Now,2024-04-19,2.132,6.694,31,TRUE,['Netflix'],Minhal Baig,['Drama'],0,"['Blake Cameron James', 'Gian Knight Ramirez', 'S. Epatha Merkerson']",95,3,FALSE,FALSE,2024,4,FALSE,FALSE,2.9282,0.7575,15.5,0,3.465735903,0,0,0,451500,9539,225750,4769.5,FALSE
1274439,Psycho Ex,2024-04-10,1.8319,3,5,FALSE,['Amazon Prime Video'],Jared Cohn,['Thriller'],0,"['Travis Carter', 'Mina Joukar', 'Riona Lally']",80,0,FALSE,FALSE,2024,4,FALSE,FALSE,0.0893,0,2.5,0,1.791759469,0,0,0,7613,8,3806.5,4,FALSE
1211472,September 5,2024-12-13,2.5243,7.029,467,TRUE,['Amazon Prime Video'],Tim Fehlbaum,"['Thriller', 'Drama', 'History']",0,"['Peter Sarsgaard', 'John Magaro', 'Ben Chaplin']",94,4,FALSE,FALSE,2024,12,FALSE,TRUE,3.2045,0.6548,233.5,0,6.148468296,0,0,0,1414244,5399,707122,2699.5,FALSE
1353311,Jamie Foxx: What Had Happened Was...,2024-12-10,1.4862,6.696,23,TRUE,['Netflix'],Hamish Hamilton,"['Comedy', 'Documentary']",0,"['Jamie Foxx', 'Corinne Foxx', 'Anelise Foxx']",69,1,FALSE,FALSE,2024,12,FALSE,TRUE,4.0039,0.259,11.5,0,3.17805383,0,0,0,394511,5223,197255.5,2611.5,FALSE
1120911,Saturday Night,2024-09-27,2.1518,6.672,311,TRUE,['Netflix'],Jason Reitman,"['Comedy', 'Drama']",25000000,"['Gabriel LaBelle', 'Rachel Sennott', 'Cory Michael Smith']",109,3,FALSE,FALSE,2024,9,FALSE,FALSE,3.5956,1.4165,155.5,17.03438642,5.743003188,0,0,0,3184975,30030,1592487.5,15015,FALSE
1031795,Street Punx,2024-04-17,2.7657,0,0,FALSE,['Amazon Prime Video'],Maja Holzinger,['Comedy'],0,"['Maja Holzinger', 'Yamil Rodriguez', 'Jamie Neumann']",80,1,FALSE,FALSE,2024,4,FALSE,FALSE,0.8971,0,0,0,0,0,0,0,26504,590,13252,295,FALSE
1242357,The Gutter,2024-11-01,2.2057,4.667,6,TRUE,['Hulu'],Yassir Lester,['Comedy'],0,"['Shameik Moore', ""D'Arcy Carden"", 'Susan Sarandon']",89,3,FALSE,FALSE,2024,11,FALSE,TRUE,3.546,2.155,3,0,1.945910149,0,0,0,230416,3135,115208,1567.5,FALSE
1265647,Monster Mash,2024-03-29,2.3563,4.3,23,FALSE,['Amazon Prime Video'],Jose Prendes,"['Horror', 'Action', 'Fantasy']",0,"['Michael Madsen', 'Michelle Bauer', 'Ethan Daniel Corbett']",90,3,FALSE,FALSE,2024,3,FALSE,FALSE,5.1076,0.5942,11.5,0,3.17805383,0,0,0,135659,0,67829.5,0,FALSE
1126934,What You Wish For,2024-05-31,1.9703,6.748,109,FALSE,['Hulu'],Nicholas Tomnay,"['Thriller', 'Horror']",0,"['Nick Stahl', 'Tamsin Topolski', 'Randy Vasquez']",102,3,FALSE,FALSE,2024,5,TRUE,FALSE,2.6338,0.2876,54.5,0,4.700480366,0,0,0,813315,2862,406657.5,1431,FALSE
1377331,A European Christmas,2024-11-07,2.3654,5,3,FALSE,['Amazon Prime Video'],Ryan Dewar,"['Drama', 'Comedy', 'Romance']",0,"['Philip Boyd', 'Caprice Bourret', 'Victoria Ekanoye']",90,1,FALSE,FALSE,2024,11,FALSE,TRUE,0.8711,1.041,1.5,0,1.386294361,0,0,0,24111,0,12055.5,0,FALSE
929563,Big City Greens the Movie: Spacecation,2024-06-06,1.8643,7.8,40,FALSE,['Disney Plus'],Anna O'Brian,"['Animation', 'Family', 'Comedy', 'Music', 'TV Movie']",0,"['Chris Houghton', 'Marieve Herington', 'Artemis Pebdani']",82,3,FALSE,FALSE,2024,6,TRUE,FALSE,0.7639,0.0779,20,0,3.713572067,0,0,0,400022,2923,200011,1461.5,FALSE
1363656,Whitney Houston Born to Sing,2024-09-27,1.9543,0,0,FALSE,['Amazon Prime Video'],Afsheen Hussein,"['Documentary', 'Music']",0,['Whitney Houston'],46,0,FALSE,FALSE,2024,9,FALSE,FALSE,1.3747,0.0493,0,0,0,0,0,0,679,3,339.5,1.5,FALSE
1326895,Patrice: The Movie,2024-09-30,1.632,5.5,2,FALSE,['Hulu'],Ted Passon,"['Documentary', 'History']",0,"['Patrice Jetter', 'Garry Wickham', 'Elizabeth Dicker']",102,4,FALSE,FALSE,2024,9,FALSE,FALSE,0.047,0.0634,1,0,1.098612289,0,0,0,3164393,733,1582196.5,366.5,FALSE
1090874,Mea Culpa,2024-02-23,2.2933,5.6,193,FALSE,['Netflix'],Tyler Perry,"['Drama', 'Crime', 'Thriller']",0,"['Kelly Rowland', 'Trevante Rhodes', 'Sean Sagar']",120,1,FALSE,FALSE,2024,2,FALSE,FALSE,1.6077,2.1573,96.5,0,5.267858159,0,0,0,9126065,31216,4563032.5,15608,FALSE
1574089,Hope's Hollywood Christmas,2024-11-19,2.1928,6,2,FALSE,['Amazon Prime Video'],Clayton Guiltner,"['Romance', 'Drama', 'Comedy']",0,"['Lisa Fenimore', 'Charlie Wood', 'Claire Montgomery']",92,0,FALSE,FALSE,2024,11,FALSE,TRUE,1.4897,0,1,0,1.098612289,0,0,0,1695,8,847.5,4,FALSE
1214559,Sue Bird: In the Clutch,2024-01-24,1.8437,9,2,FALSE,['Netflix'],Sarah Dowland,['Documentary'],0,"['Sue Bird', 'Megan Rapinoe', 'Diana Taurasi']",98,2,FALSE,FALSE,2024,1,FALSE,FALSE,0.3363,0.0682,1,0,1.098612289,0,0,0,5591,59,2795.5,29.5,FALSE
1266909,Romance on the Ranch,2024-10-01,1.872,6.857,14,FALSE,['Amazon Prime Video'],John Lyde,"['TV Movie', 'Comedy', 'Romance', 'Drama']",0,"['Suzanne Pereira', 'Chris Reid', 'Brando White']",95,2,FALSE,FALSE,2024,10,FALSE,FALSE,1.5256,0.0143,7,0,2.708050201,0,0,0,565356,2608,282678,1304,FALSE
1314651,Emily James: Late to the Party,2024-07-09,1.8054,0,0,FALSE,['Amazon Prime Video'],Stephen Stormer,['Comedy'],0,['Emily James'],41,0,FALSE,FALSE,2024,7,TRUE,FALSE,0,0.0143,0,0,0,0,0,0,414,9,207,4.5,FALSE
1181863,Animal Adventures: Save The Forest,2024-01-15,1.7453,7.6,19,FALSE,['Amazon Prime Video'],Daniel H. Torrado,['Animation'],5000000,"['Terrance Stewart', 'Monica Klein', 'Christopher Walker']",81,3,FALSE,FALSE,2024,1,FALSE,FALSE,0.0243,0,9.5,15.42494867,2.995732274,0,0,0,2829,13,1414.5,6.5,FALSE
758679,Mothers' Instinct,2024-07-26,2.1159,6.894,585,FALSE,['Hulu'],Benoît Delhomme,"['Thriller', 'Drama']",0,"['Anne Hathaway', 'Jessica Chastain', 'Anders Danielsen Lie']",94,4,FALSE,FALSE,2024,7,TRUE,FALSE,11.6934,0.3785,292.5,0,6.37331979,0,0,0,4341608,28494,2170804,14247,TRUE
1109946,I'll Be Right There,2024-09-06,2.1886,5.594,16,FALSE,['Amazon Prime Video'],Brendan Walsh,"['Comedy', 'Drama']",0,"['Edie Falco', 'Jeannie Berlin', 'Bradley Whitford']",98,2,FALSE,FALSE,2024,9,FALSE,FALSE,2.9547,0.1223,8,0,2.833213344,0,0,0,59283,779,29641.5,389.5,FALSE
1430302,LIFT - Connecting Humanity,2024-03-22,2.0994,0,0,FALSE,['Amazon Prime Video'],,['Documentary'],0,['Gary Sinise'],123,0,FALSE,FALSE,2024,3,FALSE,FALSE,1.8012,0,0,0,0,0,0,0,6577,278,3288.5,139,FALSE
1291247,Director's Cut,2024-10-31,2.0054,0,0,FALSE,['Amazon Prime Video'],Don Capria,"['Music', 'Horror', 'Thriller']",0,"['Louis Lombardi', 'Danielle Kotch', 'Darrin Hickok']",90,1,FALSE,FALSE,2024,10,FALSE,FALSE,0.2593,0.0726,0,0,0,0,0,0,2228,15,1114,7.5,FALSE
1214804,My Fatal Social Following,2024-05-13,1.8614,3,2,FALSE,['Amazon Prime Video'],Dave Thomas,"['TV Movie', 'Thriller']",0,"['Malone Thomas', 'Chloe Avakian', 'Calvin Noble']",90,3,FALSE,FALSE,2024,5,TRUE,FALSE,0.9264,0.0143,1,0,1.098612289,0,0,0,19,0,9.5,0,FALSE
1094986,Black Creek,2024-10-09,1.9804,4,3,FALSE,['Amazon Prime Video'],Shannon Lanier,"['Action', 'Western']",0,"['Cynthia Rothrock', 'Richard Norton', 'Don Wilson']",116,2,FALSE,FALSE,2024,10,FALSE,FALSE,2.2038,0.1016,1.5,0,1.386294361,0,0,0,93472,1602,46736,801,FALSE
1268513,Dance,2024-03-20,2.0131,1,1,FALSE,['Amazon Prime Video'],Brett Bentman,"['Drama', 'Family']",0,"['Tiffany McDonald', ""D'Andra Simmons"", 'Isabella Olivas']",71,1,FALSE,FALSE,2024,3,FALSE,FALSE,0.2386,0.3841,0.5,0,0.6931471806,0,0,0,88660,549,44330,274.5,FALSE
1290486,The Merry Gentlemen,2024-11-20,2.4121,5.8,228,FALSE,['Netflix'],Peter Sullivan,"['Romance', 'Comedy']",0,"['Britt Robertson', 'Chad Michael Murray', 'Marla Sokoloff']",88,2,FALSE,FALSE,2024,11,FALSE,TRUE,3.4332,0.0648,114,0,5.433722004,0,0,0,864200,9823,432100,4911.5,FALSE
1515737,The Final Round,2024-08-22,1.7417,0,0,FALSE,['Amazon Prime Video'],Lisa Maydwell,['Documentary'],0,"['Robert W. Lee', 'Gerald Krovatin', 'Henry Hascup']",71,3,FALSE,FALSE,2024,8,TRUE,FALSE,0.0071,0.0286,0,0,0,0,0,0,165094,418,82547,209,FALSE
1383127,Parents for Christmas,2024-11-05,1.9685,0,0,FALSE,['Amazon Prime Video'],Ashley Hays Wright,"['Family', 'Drama']",0,"['David Owen Wright', 'Jack Chapman', 'Ashley Hays Wright']",76,1,FALSE,FALSE,2024,11,FALSE,TRUE,0.1473,0.1473,0,0,0,0,0,0,1470221,3078,735110.5,1539,FALSE
1373684,AI Evolution,2024-02-15,2.115,8,2,TRUE,['Amazon Prime Video'],Jack Skyyler,['Documentary'],0,"['Evo Heyning', 'Ross Mead', 'Krystal Cano']",52,3,FALSE,FALSE,2024,2,FALSE,FALSE,0.0454,0.136,1,0,1.098612289,0,0,0,70225,182,35112.5,91,FALSE
1093231,Mother of the Bride,2024-05-09,1.8681,5.9,332,FALSE,['Netflix'],Mark Waters,"['Romance', 'Comedy']",0,"['Brooke Shields', 'Miranda Cosgrove', 'Benjamin Bratt']",90,3,FALSE,FALSE,2024,5,TRUE,FALSE,5.2009,0,166,0,5.80814249,0,0,0,3120790,33169,1560395,16584.5,TRUE
1055451,Founders Day,2024-01-19,1.3618,4.9,64,TRUE,['Amazon Prime Video'],Erik Bloomquist,"['Horror', 'Thriller', 'Comedy']",0,"['Naomi Grace', 'Devin Druid', 'William Russ']",107,2,FALSE,FALSE,2024,1,FALSE,FALSE,1.1129,0.1354,32,0,4.17438727,0,0,0,222117,1175,111058.5,587.5,FALSE
773428,The Mick and the Trick,2024-06-29,1.3584,4.333,3,FALSE,['Amazon Prime Video'],Tom DeNucci,"['Comedy', 'Action', 'Crime']",0,"['Peter Greene', 'Jazz Vilá', 'Federico Castelluccio']",96,0,FALSE,FALSE,2024,6,TRUE,FALSE,23.693,0.8859,1.5,0,1.386294361,0,0,0,16799,40,8399.5,20,FALSE
1224953,A Hero's Journey: The Making of Percy Jackson and the Olympians,2024-01-30,1.8673,6.462,13,FALSE,['Disney Plus'],Joel Edwards,['Documentary'],0,"['Walker Scobell', 'Leah Sava Jeffries', 'Aryan Simhadri']",50,1,FALSE,FALSE,2024,1,FALSE,FALSE,5.4396,0.0071,6.5,0,2.63905733,0,0,0,191359,4053,95679.5,2026.5,FALSE
1321847,There's a Zombie Outside,2024-09-13,2.0343,1,1,FALSE,['Amazon Prime Video'],Michael Varrati,['Horror'],0,"['Ben Baur', 'Phylicia Wissa', 'Danny Plotner']",75,1,FALSE,FALSE,2024,9,FALSE,FALSE,0.343,0.1049,0.5,0,0.6931471806,0,0,0,32542,201,16271,100.5,FALSE
1229576,Gacy: Serial Killer Next Door,2024-01-30,1.9168,2,4,FALSE,['Amazon Prime Video'],Michael Feifer,"['Horror', 'Thriller']",0,"['Mason McNulty', 'Mike Korich', 'Brock Burnett']",98,3,FALSE,FALSE,2024,1,FALSE,FALSE,0.5706,0.341,2,0,1.609437912,0,0,0,173536,812,86768,406,FALSE
1312232,Hannah Berner: We Ride at Dawn,2024-07-09,1.9594,5.417,12,FALSE,['Netflix'],,['Comedy'],0,['Hannah Berner'],50,0,FALSE,FALSE,2024,7,TRUE,FALSE,0.1836,0,6,0,2.564949357,0,0,0,241268,4481,120634,2240.5,FALSE
1283534,Modi: Know Your Audience,2024-04-18,1.4782,0,0,FALSE,['Amazon Prime Video'],Leo Veiga,['Comedy'],0,['Modi'],68,1,FALSE,FALSE,2024,4,FALSE,FALSE,0.1037,0.0071,0,0,0,0,0,0,836611,15808,418305.5,7904,FALSE
1328814,Amityville: Where the Echo Lives,2024-10-29,1.8307,5.1,19,FALSE,['HBO Max'],Carlos Ayala,"['Horror', 'Mystery']",0,"['Sarah McDonald', 'Breanna Rossi', 'Adela Perez']",89,1,FALSE,FALSE,2024,10,FALSE,FALSE,0.0286,0.0071,9.5,0,2.995732274,0,0,0,277164,1779,138582,889.5,FALSE
1136512,Jonah,2024-03-12,2.1094,4,9,FALSE,['Amazon Prime Video'],Ben Van Kleek,"['Science Fiction', 'Thriller', 'Mystery']",0,"['Osric Chau', 'Alaina Huffman', 'Ken Kirby']",90,1,FALSE,FALSE,2024,3,FALSE,FALSE,1.1654,0.0574,4.5,0,2.302585093,0,0,0,365498,517,182749,258.5,FALSE
976584,The Book of Clarence,2024-01-12,1.6151,5.9,120,TRUE,['Hulu'],Jeymes Samuel,"['Adventure', 'Comedy', 'Drama']",40000000,"['LaKeith Stanfield', 'Omar Sy', 'RJ Cyler']",129,2,FALSE,FALSE,2024,1,FALSE,FALSE,3.0557,0.2095,60,17.50439004,4.795790546,0,0,0,11137486,18421,5568743,9210.5,FALSE
1383280,Christmas Cowboy,2024-11-12,1.9389,6,1,FALSE,['Amazon Prime Video'],Khoa Le,"['Drama', 'Romance', 'Comedy']",0,"['Eliana Ghen', 'Armando Gutierrez', 'Courtney Gains']",118,0,FALSE,FALSE,2024,11,FALSE,TRUE,0.9459,0,0.5,0,0.6931471806,0,0,0,99119,2790,49559.5,1395,FALSE
1280483,Faye,2024-07-13,2.0483,6.333,18,FALSE,['HBO Max'],Laurent Bouzereau,"['Documentary', 'TV Movie']",0,"['Faye Dunaway', 'Mark Harris', 'Sharon Stone']",91,3,FALSE,FALSE,2024,7,TRUE,FALSE,4.4857,0.5874,9,0,2.944438979,0,0,0,367752,4275,183876,2137.5,FALSE
852247,Problemista,2024-03-01,2.1125,6.845,126,TRUE,['HBO Max'],Julio Torres,['Comedy'],12000000,"['Julio Torres', 'Tilda Swinton', 'RZA']",104,2,FALSE,FALSE,2024,3,FALSE,FALSE,3.3311,0.3809,63,16.30041729,4.844187086,0,0,0,1308640,27308,654320,13654,FALSE
1073091,Join or Die,2024-07-19,1.8519,0,0,FALSE,['Netflix'],Pete Davis,['Documentary'],0,"['Hillary Clinton', 'Pete Buttigieg', 'Eddie S. Glaude']",99,1,FALSE,FALSE,2024,7,TRUE,FALSE,0.36,0.0071,0,0,0,0,0,0,57707,623,28853.5,311.5,FALSE
1335137,Trapped in the Rocky Mountains,2024-08-18,2.1042,5,2,FALSE,['Hulu'],Patricia Frontain,"['TV Movie', 'Drama', 'Thriller']",0,"['Aubrey Reynolds', 'Nick Puya', 'Gina Su']",87,0,FALSE,FALSE,2024,8,TRUE,FALSE,1.7523,0.0967,1,0,1.098612289,0,0,0,63574,188,31787,94,FALSE
1271899,A Model Murder,2024-04-07,2.1683,1.7,3,FALSE,['Hulu'],Amy Barrett,"['Mystery', 'TV Movie']",0,"['Sara Ball', 'Austin Valli', 'Molly Gibson']",85,2,FALSE,FALSE,2024,4,FALSE,FALSE,0.1628,0.1136,1.5,0,1.386294361,0,0,0,15436,21,7718,10.5,FALSE
1412215,A Heart That Forgives 2: The Battle Within,2024-09-24,1.1827,0,0,TRUE,['Amazon Prime Video'],M. Legend Brown,['N/A'],0,"['William L. Johnson', 'Karen Abercrombie', 'Carl Anthony Payne II']",87,0,FALSE,FALSE,2024,9,FALSE,FALSE,0.7271,0.0901,0,0,0,0,0,0,1602,8,801,4,FALSE
1216299,The Night They Came Home,2024-01-12,1.7394,5.8,35,FALSE,['Amazon Prime Video'],Paul G. Volk,"['Western', 'Thriller', 'Action']",0,"['Brian Austin Green', 'Tim Abell', 'Charlie N. Townsend']",105,1,FALSE,FALSE,2024,1,FALSE,FALSE,1.472,0.2929,17.5,0,3.583518938,0,0,0,418058,939,209029,469.5,FALSE
955179,Junction,2024-01-26,1.707,4.25,4,FALSE,['Amazon Prime Video'],Bryan Greenberg,"['Drama', 'Thriller']",0,"['Sophia Bush', 'Bryan Greenberg', 'Ashley Madekwe']",98,2,FALSE,FALSE,2024,1,FALSE,FALSE,1.9516,1.6355,2,0,1.609437912,0,0,0,76147,172,38073.5,86,FALSE
1151082,In the Summers,2024-09-20,1.9654,6.75,14,FALSE,['Hulu'],Alessandra Lacorazza,['Drama'],0,"['Residente', 'Sasha Calle', 'Lio Mehiel']",98,8,FALSE,FALSE,2024,9,FALSE,FALSE,3.1762,0.0683,7,0,2.708050201,0,0,0,47283,498,23641.5,249,FALSE
930600,The Deliverance,2024-08-16,1.4892,6,520,FALSE,['Netflix'],Lee Daniels,"['Horror', 'Thriller']",0,"['Andra Day', 'Glenn Close', 'Anthony B. Jenkins']",111,3,FALSE,FALSE,2024,8,TRUE,FALSE,4.1581,0.5856,260,0,6.255750042,0,0,0,5071537,21708,2535768.5,10854,TRUE
1038476,Dandelion,2024-07-12,2.027,4.9,5,FALSE,['Hulu'],Nicole Riegel,"['Drama', 'Romance', 'Music']",0,"['KiKi Layne', 'Thomas Doherty', 'Melanie Nicholls-King']",113,5,FALSE,FALSE,2024,7,TRUE,FALSE,1.6905,0.2216,2.5,0,1.791759469,0,0,0,931651,576,465825.5,288,FALSE
1295174,The Keeper,2024-05-24,1.9412,5.5,4,FALSE,['Amazon Prime Video'],Angus Benfield,['Drama'],0,"['Angus Benfield', 'Shanna Franceschini', 'Nicholas Asad']",111,0,FALSE,FALSE,2024,5,TRUE,FALSE,0.4353,0.4353,2,0,1.609437912,0,0,0,154228,655,77114,327.5,FALSE
1209058,Ryan's World the Movie: Titan Universe Adventure,2024-08-16,1.1434,4,5,TRUE,['Hulu'],Albie Hecht,"['Family', 'Animation', 'Comedy', 'Fantasy', 'Action']",10000000,"['Ryan Kaji', 'LoAnn Kaji', 'Shion Kaji']",80,4,FALSE,FALSE,2024,8,TRUE,FALSE,1.2399,0.2691,2.5,16.11809575,1.791759469,0,0,0,6909481,34158,3454740.5,17079,FALSE
1184006,"Eat, Love, London",2024-09-23,1.8167,5.5,7,FALSE,['Amazon Prime Video'],Robert Shannon,"['TV Movie', 'Comedy', 'Romance']",0,"['Georgia May Foote', 'Kriss Dillon', 'Stephanie Siadatan']",90,1,FALSE,FALSE,2024,9,FALSE,FALSE,0.3725,0,3.5,0,2.079441542,0,0,0,9641,0,4820.5,0,FALSE
858414,Rez Ball,2024-09-27,1.6055,6.507,74,FALSE,['Netflix'],Sydney Freeland,['Drama'],0,"['Jessica Matten', 'Kauchani Bratt', 'Amber Midthunder']",113,4,FALSE,FALSE,2024,9,FALSE,FALSE,2.612,0.3158,37,0,4.317488114,0,0,0,4278401,14820,2139200.5,7410,FALSE
1249560,The Desiring,2024-03-01,1.8091,4.3,3,FALSE,['Amazon Prime Video'],Byron Lamarque,['Drama'],0,"['Joseph Gray', 'Suzanne Lenz', 'Don DiPetta']",80,0,FALSE,FALSE,2024,3,FALSE,FALSE,0.6362,0.0143,1.5,0,1.386294361,0,0,0,2117,5,1058.5,2.5,FALSE
834966,Chosen Family,2024-10-11,2.2445,4.8,10,FALSE,['Hulu'],Heather Graham,"['Romance', 'Comedy', 'Drama']",0,"['Heather Graham', 'Julia Stiles', 'Andrea Savage']",88,5,FALSE,FALSE,2024,10,FALSE,FALSE,4.3247,3.9941,5,0,2.397895273,0,0,0,133767,492,66883.5,246,FALSE
1229262,I Don't Understand You,2025-06-06,2.0168,5.4,29,TRUE,['Hulu'],David Joseph Craig,"['Horror', 'Comedy']",0,"['Andrew Rannells', 'Nick Kroll', 'Morgan Spector']",96,2,FALSE,FALSE,2025,6,TRUE,FALSE,2.1219,0.1661,29,0,3.401197382,0,0,0,277762,710,277762,710,FALSE
1207637,Project Dorothy,2024-01-16,1.8431,3.538,13,FALSE,['Amazon Prime Video'],George Henry Horton,"['Horror', 'Science Fiction', 'Thriller']",0,"['Danielle Harris', 'Tim DeZarn', 'Adam Budron']",80,2,FALSE,FALSE,2024,1,FALSE,FALSE,1.62,0.0754,6.5,0,2.63905733,0,0,0,78038,190,39019,95,FALSE
1255112,Mister Sleep,2024-04-02,1.5518,3.333,4,FALSE,['Amazon Prime Video'],Robert Hollocks,['Horror'],0,"['Roger Dorsey', 'Kate Dailey', 'Bronsonn Taylor']",95,3,FALSE,FALSE,2024,4,FALSE,FALSE,0.0762,0.0641,2,0,1.609437912,0,0,0,24535,82,12267.5,41,FALSE
1320963,The Function,2024-05-09,1.6512,10,1,FALSE,['Amazon Prime Video'],Darien Smith,['N/A'],0,"['Brian Hooks', 'Marques Buford', 'Kavon Coleman']",70,1,FALSE,FALSE,2024,5,TRUE,FALSE,0.1617,0.0214,0.5,0,0.6931471806,0,0,0,354,3,177,1.5,FALSE
1321239,Shark Warning,2024-07-26,0.8904,5,19,TRUE,['Amazon Prime Video'],Jimmy Gadd,"['Action', 'Horror']",0,"['David Chokachi', 'Andrew J Katers', 'Angela Cole']",94,1,FALSE,FALSE,2024,7,TRUE,FALSE,1.5704,0.3373,9.5,0,2.995732274,0,0,0,314996,727,157498,363.5,FALSE
1276928,Call Me Country: Beyoncé & Nashville's Renaissance,2024-04-26,1.0297,2.667,6,FALSE,['HBO Max'],David Givens,"['Documentary', 'Music']",0,"['Rhiannon Giddens', 'John Osborne', 'T.J. Osborne']",43,1,FALSE,FALSE,2024,4,FALSE,FALSE,0.1762,0,3,0,1.945910149,0,0,0,75039,712,37519.5,356,FALSE
1294359,The Real Red Tails,2024-06-03,1.6137,7.5,2,FALSE,['Disney Plus'],,['Documentary'],0,['Sheryl Lee Ralph'],44,1,FALSE,FALSE,2024,6,TRUE,FALSE,1.2001,0,1,0,1.098612289,0,0,0,12608652,50244,6304326,25122,FALSE
1380752,Advent,2024-11-01,1.9936,3,1,FALSE,['Amazon Prime Video'],Airell Anthony Hayles,"['Horror', 'Thriller', 'Drama']",0,"['Rasina Alexander', 'Nicholas Vince', 'Mark Arnold']",77,1,FALSE,FALSE,2024,11,FALSE,TRUE,1.3754,0.042,0.5,0,0.6931471806,0,0,0,7515,31,3757.5,15.5,FALSE
1059319,The Feeling That the Time for Doing Something Has Passed,2024-04-26,1.4249,5.135,26,FALSE,['Hulu'],Joanna Arnow,['Comedy'],0,"['Joanna Arnow', 'Scott Cohen', 'Babak Tafti']",88,3,FALSE,FALSE,2024,4,FALSE,FALSE,0.8492,0.4592,13,0,3.295836866,0,0,0,12117,104,6058.5,52,FALSE
843416,Daddio,2024-06-28,1.5798,6.327,266,FALSE,['Netflix'],Christy Hall,['Drama'],0,"['Dakota Johnson', 'Sean Penn', 'Marcos A. Gonzalez']",100,6,FALSE,FALSE,2024,6,TRUE,FALSE,9.1896,0.4689,133,0,5.587248658,0,0,0,1570524,6598,785262,3299,FALSE
1245423,The Netflix Slam,2024-03-03,1.464,6.6,7,FALSE,['Netflix'],,['N/A'],0,"['Rafael Nadal', 'Carlos Alcaraz', 'Andre Agassi']",161,1,FALSE,FALSE,2024,3,FALSE,FALSE,0.4004,0,3.5,0,2.079441542,0,0,0,135326,1523,67663,761.5,FALSE
1258164,Thomas & Friends: The Christmas Letter Express,2024-11-19,1.3027,7.1,10,FALSE,"['Netflix', 'Amazon Prime Video']",Campbell Bryer,"['Animation', 'Adventure', 'Family']",0,"['Neil Crone', 'Charlie Zeltzer', 'Luke Marty']",60,3,FALSE,FALSE,2024,11,FALSE,TRUE,0.4946,0.0724,5,0,2.397895273,0,0,0,135396,393,67698,196.5,FALSE
901059,City of Dreams,2024-08-30,2.3871,6,10,TRUE,['Hulu'],Mohit Ramchandani,"['Drama', 'Thriller']",0,"['Ari Lopez', 'Renata Vaca', 'Andrés Delgado']",114,2,FALSE,FALSE,2024,8,TRUE,FALSE,1.0285,0.052,5,0,2.397895273,0,0,0,731777,2427,365888.5,1213.5,FALSE
1325198,The Final Copy of Ilon Specht,2024-06-10,1.2329,0,0,FALSE,['Amazon Prime Video'],Ben Proudfoot,['Documentary'],0,['N/A'],18,2,FALSE,FALSE,2024,6,TRUE,FALSE,0.2205,0.2951,0,0,0,0,0,0,13539,114,6769.5,57,FALSE
1352149,Hasan Minhaj: Off with His Head,2024-10-22,1.3761,7,16,FALSE,['Netflix'],Tyler Babin,['Comedy'],0,['Hasan Minhaj'],61,0,FALSE,FALSE,2024,10,FALSE,FALSE,0.8392,0.0071,8,0,2.833213344,0,0,0,46079,886,23039.5,443,FALSE
1339856,Stepmom from Hell,2024-08-08,1.7839,8,1,FALSE,['Hulu'],Corbin Timbrook,"['TV Movie', 'Thriller']",0,"['Lexi Giovagnoli', 'Lorenzo Lamas', 'Shelby Janes']",,1,FALSE,FALSE,2024,8,TRUE,FALSE,1.5253,0.3247,0.5,0,0.6931471806,0,0,0,23182,58,11591,29,FALSE
1272300,Foreclosure 2,2024-04-08,1.9279,4.583,6,FALSE,['Amazon Prime Video'],Brett Bentman,"['Thriller', 'Horror']",0,"['Brian Villalobos', 'Melissa Cordero', 'Garry Nation']",77,0,FALSE,FALSE,2024,4,FALSE,FALSE,0.1996,0.3841,3,0,1.945910149,0,0,0,82395,147,41197.5,73.5,FALSE
1222072,Murder and Cocktails,2024-01-23,1.2583,6.3,3,FALSE,['Amazon Prime Video'],Henry Barrial,"['Mystery', 'Comedy', 'Thriller']",0,"['Jason Bernardo', 'Jessicah Neufeld', ""Colleen O'Shaughnessey""]",89,0,FALSE,FALSE,2024,1,FALSE,FALSE,0.5575,0.3089,1.5,0,1.386294361,0,0,0,5097,8,2548.5,4,FALSE
1271124,Break,2024-04-26,1.9304,3,1,TRUE,['Amazon Prime Video'],Will Wernick,['Drama'],0,"['Jeff Kober', 'Patricia Belcher', 'Uriah Shelton']",106,1,FALSE,FALSE,2024,4,FALSE,FALSE,2.5836,0.5443,0.5,0,0.6931471806,0,0,0,177026,687,88513,343.5,FALSE
1273487,Mafia Wars,2024-10-11,1.9559,5.7,17,FALSE,['Amazon Prime Video'],Scott Windhauser,"['Action', 'Thriller', 'Crime']",0,"['Tom Welling', 'Cam Gigandet', 'Chris Mullinax']",98,2,FALSE,FALSE,2024,10,FALSE,FALSE,3.3351,0.1727,8.5,0,2.890371758,0,0,0,147045,1310,73522.5,655,FALSE
967047,Powder Pup,2024-03-26,1.4429,7,0,FALSE,['Amazon Prime Video'],Ari Novak,"['Family', 'Comedy', 'Adventure', 'Romance']",0,"['Ashton Arbab', 'Rib Hillis', 'Maiah Wynne']",89,3,FALSE,FALSE,2024,3,FALSE,FALSE,1.385,0.3162,0,0,0,0,0,0,34694,233,17347,116.5,FALSE
1019420,Irish Wish,2024-03-15,1.3942,6.152,495,FALSE,['Netflix'],Janeen Damian,"['Romance', 'Comedy', 'Fantasy']",0,"['Lindsay Lohan', 'Ed Speleers', 'Alexander Vlahos']",94,3,FALSE,FALSE,2024,3,FALSE,FALSE,2.8178,0.9745,247.5,0,6.206575927,0,0,0,1843977,17655,921988.5,8827.5,FALSE
1214557,Luther: Never Too Much,2024-11-01,1.1295,8,10,FALSE,['HBO Max'],Dawn Porter,"['Documentary', 'Music']",0,"['Luther Vandross', 'Mariah Carey', 'Jamie Foxx']",101,5,FALSE,FALSE,2024,11,FALSE,TRUE,4.0039,0.3822,5,0,2.397895273,0,0,0,841812,19901,420906,9950.5,FALSE